REPORT_NO,STATUS_FLAG,DEPT_CD,DEPT_NM,FLAW_GBN,REPORT_DT,INPUT_DT,PLANT_CD,PROCESS_CD,ITEM_CD,ITEM_GROUP_CD,FLAW_QTY,TYPE_CD,LOSS_MH,BP_CD,PAR_ITEM_CD,OUT_HOGI,ISSUE_DT,REMARK,INIT_QA_YN,REL_DEPT_YN,REL_DEPT_CD,CLAIM_YN,PART_COST,LABOR_COST,CLAIM_AMT,FINAL_CLAIM_AMT,DECIDE_RESULT,FLAW_STATE,ACT_RESULT,REL_DEPT_DT,REL_DEPT_COMMENT,CAP_YN,CAP_ACTION,QA_COMMENT,DECIDE_YN,DECIDE_DT,SIGN_YN,SIGN_DT,FINAL_YN,FINAL_DT,INSRT_USER_ID,INSRT_DT,UPDT_USER_ID,UPDT_DT,REG_DT,BIZ_DT,USE_ITEM_SEQ
QA2512001,P15,SH11610100,품질관리팀,QC,2025-12-09 00:00:00,2026-02-03 00:00:00,SH00,H03,C0051647,CX304,12.00,H,700,성진메탈,C0027018,,,,N,Y,SH11231200,Y,0.00,860.00,602000.00,0.00,R03,"현상: 업체 하도 도장 입고품 도막 표면에 오렌지필(Orange peel)현상 발생 원인: 점도 과다(희석 부족),  건조속도, 도장거리, 온습도 관리 미흡 추정 수량:  총 14SET(FRAME+BODY), SCS1016F4:12SET  SCS1505:2SET ","조치: 사내 도장반 샌더기 작업후 상도 작업 진행 시간당 손실공수: 51,500원 / 대당 손실시간:  50분 / 부적합 수량 14대 /총 손실시간: 700분 총 손실 금액 : 602,000원  ",,,N,,,N,,,,N,,222009,2026-02-03 11:56:04.407000,222009,2026-02-06 15:31:40.707000,,,0
QA2601002,P20,SH11610100,품질관리팀,QC,2026-01-05 00:00:00,2026-01-19 00:00:00,SA00,A07,AW34600,ZZZZZ,1.00,I,0,1228610520,A670000,33,,,N,Y,SH22101000,N,0.00,860.00,0.00,0.00,,2-SOL V/V 코일 커넥터 삽입부 파손 1EA-공정 작업 부주의로 인해 파손됨(이전 불량 교체품임) ,생산팀 담당자 손망실보고서 작성후 구매요청함 ,,,N,,,Y,2026-04-15 09:25:27.897000,,,N,,499162,2026-01-19 16:07:05.197000,202001,2026-04-15 09:25:27.897000,2026-03-04 09:26:59.800000,,0
QA2601003,P20,SH11610100,품질관리팀,QC,2026-01-06 00:00:00,2026-01-20 00:00:00,SA00,A01,PT00200A,ZZZZZ,2.00,K,730,1248147182,P020000,4~5,,클레임,N,Y,SH11610100,N,0.00,51500.00,0.00,0.00,,1라인-엔진 프런트 아이들기어 백래쉬 공차로 인해 소음발생-설계팀 이전호기 동일증상으로 서비스방문 수정함 ,커민스엔진 서비스접수완료. 업체방문 수정조치완료-현장 분해조립 추가공수 패널티처리예정 ,,,N,,,Y,2026-04-17 09:42:29.673000,,,N,,499162,2026-01-20 08:40:40.737000,499162,2026-04-17 09:42:29.673000,2026-03-04 09:26:59.800000,,0
QA2601004,P20,SH11610100,품질관리팀,QC,2026-01-06 00:00:00,2026-01-20 00:00:00,SA00,A02,DC57500012,ZZZZZ,1.00,B,0,3320703029,D580000,103~104,,,N,Y,SH11231200,N,0.00,860.00,0.00,0.00,,2라인-프랜지 3번 단품 용접 반대로됨-용접비드간섭으로 캐빈과 틈새발생함 ,업체반출 용접수정 및 재도금 입고완료 ,,,N,,,Y,2026-04-17 09:44:30.660000,,,N,,499162,2026-01-20 08:48:41.313000,499162,2026-04-17 09:44:30.660000,2026-03-04 09:26:59.800000,,0
QA2601005,P20,SH11610100,품질관리팀,QC,2026-01-07 00:00:00,2026-01-20 00:00:00,SA00,A07,EW07430,ZZZZZ,1.00,E,0,4280201574,WC10000000,42,,,N,Y,SH11231200,N,0.00,860.00,0.00,0.00,,"전기라인-하네스-C에서 하네스-E 연결부 12P 커넥터 7번~12번 핀배열 바뀜-데릭,텔레 작동불능 ",현장 확인점검후 수정조치완료.업체내용전달후 입고전 확인요청함 ,,,N,,,Y,2026-04-17 09:45:09.200000,,,N,,499162,2026-01-20 08:56:01.420000,499162,2026-04-17 09:45:09.200000,2026-03-04 09:26:59.800000,,0
QA2601007,P20,SH11610100,품질관리팀,QC,2026-01-07 00:00:00,2026-01-20 00:00:00,SA00,A07,EC19900,ZZZZZ,1.00,E,0,2298600847,WC10000000,41,,,N,Y,SH11610100,N,0.00,860.00,0.00,0.00,,전기라인-리모콘 수신기 수신불가.점등 켜지지않음 ,현장점검후 수신기 추후분 교체작업후 정상작동함. 업체내용전달후 교체공수 패널티처리예정.업체 신품교체완료 ,,,N,,,Y,2026-04-17 09:46:39.360000,,,N,,499162,2026-01-20 09:06:53.670000,499162,2026-04-17 09:46:39.360000,2026-03-04 09:26:59.800000,,0
QA2601008,P20,SH11610100,품질관리팀,QC,2026-01-07 00:00:00,2026-01-20 00:00:00,SA00,A02,J8B1-2003099-00,ZZZZZ,1.00,A,120,3018133096,J8B1-0000000-00,392,,클레임-재도장비용,N,Y,SH11231200,N,0.00,860.00,0.00,0.00,,"2라인-SLIDE BASE 실린더 V/V M/T 조립불가-EXT'CYL PIN 조립부 가공불량 확인함.S:1525mm, A:1535mm ",업체 교체작업 조치완료.불량확인 및 분해조립 작업지원 공수 패널티처리예정. 재도장 비용 패널티처리예정 ,,,N,,,Y,2026-04-17 09:47:02.350000,,,N,,499162,2026-01-20 09:15:46.037000,499162,2026-04-17 09:47:02.350000,2026-03-04 09:26:59.800000,,0
QA2601009,P20,SH11610100,품질관리팀,QC,2026-01-07 00:00:00,2026-01-20 00:00:00,SA00,A03,WR25000,ZZZZZ,1.00,D,0,1058125362,WC10000000,40,,,N,Y,SH11610100,N,0.00,0.00,0.00,0.00,,3라인-3-WAY SOL' V/V 수동작동 이상무. 리모콘작동시 고속작동시 밸브 SOL'차단안됨으로 작동불능(저속은 작동됨) ,"재고분 V/V SOL' 교체후 작동불능. 업체방문 ASS'Y 교체완료.최초작동시 작동안됨.작동유 상온시 작동됨.업체,설계팀 원인분석 필요 탈거분 업체반출 SOL' 확인결과 이상무 ",,,N,,,Y,2026-04-17 09:49:58.270000,,,N,,499162,2026-01-20 09:22:16.830000,499162,2026-04-17 09:49:58.270000,2026-03-04 09:26:59.800000,,0
QA2601010,P20,SH11610100,품질관리팀,QC,2026-01-07 00:00:00,2026-01-20 00:00:00,SA00,A07,EW07410,ZZZZZ,1.00,E,0,4280201574,WC10000000,41,,,N,Y,SH11231200,N,0.00,860.00,0.00,0.00,,전기라인-하네스-A에 12P 커넥터 7번~12번 핀 배열바뀜  ,현장수정 조치완료. 업체 내용전달후 납품전 확인요청함 ,,,N,,,Y,2026-04-17 09:50:22.347000,,,N,,499162,2026-01-20 09:33:08.360000,499162,2026-04-17 09:50:22.347000,2026-03-04 09:26:59.800000,,0
QA2601011,P20,SH11610100,품질관리팀,QC,2026-01-07 00:00:00,2026-01-20 00:00:00,SA00,A01,4712005-0400520,ZZZZZ,1.00,K,0,6108601571,Z5P1-MPPV000-00,855,,,N,Y,SH11610100,N,0.00,51500.00,0.00,0.00,,1라인-현대엔진 냉각수 센서 블록 냉각수 누수됨.-블록 가스켓 찢어짐 확인함 ,업체 방문수리요청함-1/12일 서비스방문 부품 교체완료 ,,,N,,,Y,2026-04-17 09:50:52.930000,,,N,,499162,2026-01-20 09:49:57.200000,499162,2026-04-17 09:50:52.930000,2026-03-04 09:26:59.800000,,0
QA2601012,P20,SH11610100,품질관리팀,QC,2026-01-08 00:00:00,2026-01-20 00:00:00,SA00,A03,WR00400A,ZZZZZ,1.00,D,0,1138150315,WC10000000,41,,,N,Y,SH11610100,N,0.00,860.00,0.00,0.00,,3라인-4연 메인 콘트롤 V/V 오일누유-블록 LONG BOLT 피치 조임부 누유됨  ,업체 1/13일 방문 신품 교체완료.탈거분 반출후 원인분석 및 수리후 입고완료 ,,,N,,,Y,2026-04-17 09:52:05.490000,,,N,,499162,2026-01-20 09:54:05.640000,499162,2026-04-17 09:52:05.490000,2026-03-04 09:26:59.800000,,0
QA2601013,P20,SH11610100,품질관리팀,QC,2026-01-08 00:00:00,2026-01-20 00:00:00,SA00,A01,SP1170NFM,ZZZZZ,1.00,A,0,3128180264,P020000,1,,,N,Y,SH00000000,N,0.00,0.00,0.00,0.00,,"1라인-프레임 단품 품번 (P012101B-18) 경유탱크 M/T 홀위치불량.S:42mm, A:70mm ",업체방문 홀가공 수정조치완료 ,,XXX XXX 건,N,,,Y,2026-04-17 09:52:54.253000,,,N,,499162,2026-01-20 09:58:32.527000,499162,2026-04-17 09:52:54.253000,2026-03-04 09:26:59.800000,,0
QA2601014,P20,SH11610100,품질관리팀,QC,2026-01-08 00:00:00,2026-01-20 00:00:00,SA00,A01,PT00900B-V,ZZZZZ,1.00,I,0,6618702541,P020000,1,,클레임,N,Y,SH00000000,N,0.00,0.00,0.00,0.00,,1라인-연료탱크 내부 이물질 및 녹발생 과다발생. ,현장 탱크 내부 세척 및 녹제거 조치완료. 업체 내용전달후 수정공수 패널티처리예정 ,,XXX XXX 건,N,,,Y,2026-04-17 09:53:45.833000,,,N,,499162,2026-01-20 10:38:46.390000,499162,2026-04-17 09:53:45.833000,2026-03-04 09:26:59.800000,,0
QA2601015,P20,SH11610100,품질관리팀,QC,2026-01-09 00:00:00,2026-01-20 00:00:00,SA00,A03,WR00600,ZZZZZ,1.00,I,0,1138150315,WC10000000,45,,,N,Y,SH22101000,N,0.00,860.00,0.00,0.00,,언더리프트 3연V/V SOL'커넥터 M/T부 표면 파손됨. 사내 도장이동중 파손 의심됨  ,커넥터 1EA 현장재고분 사용함.-조치완료 ,,,N,,,Y,2026-04-17 09:54:19.883000,,,N,,499162,2026-01-20 10:50:16.880000,499162,2026-04-17 09:54:19.883000,2026-03-04 09:26:59.800000,,0
QA2601016,P20,SH11610100,품질관리팀,QC,2026-01-09 00:00:00,2026-01-20 00:00:00,SA00,A01,D4B2-9600000-03,563,1.00,B,0,3128180264,P020000,1,,,N,Y,SH00000000,N,0.00,0.00,0.00,0.00,,1라인-히팅장치 TOOL BOX 내측 4번단품 PLATE 취부누락.품번 D4B2-9601000-05 참조 ,업체 확인후 반출 수정입고완료 ,,XXX XXX 건,N,,,Y,2026-04-17 09:54:42.100000,,,N,,499162,2026-01-20 10:54:29.720000,499162,2026-04-17 09:54:42.100000,2026-03-04 09:26:59.800000,,0
QA2601017,P20,SH11610100,품질관리팀,QC,2026-01-12 00:00:00,2026-01-20 00:00:00,SA00,A02,D8C3-4109000-05,ZZZZZ,4.00,H,0,1348149488,E1D1-0000000-00,335~336,,,N,Y,SH11231200,N,0.00,860.00,0.00,0.00,,2라인-COMP FLANGE 외관 도금불량-락카칠 도장됨 ,재고분 선투입완료. 고품 업체반출 수정입고완료 ,,,N,,,Y,2026-04-17 09:55:05.913000,,,N,,499162,2026-01-20 10:58:38.690000,499162,2026-04-17 09:55:05.913000,2026-03-04 09:26:59.800000,,0
QA2601018,P20,SH11610100,품질관리팀,QC,2026-01-12 00:00:00,2026-01-20 00:00:00,SA00,A07,A712215A,ZZZZZ,1.00,A,0,1348645361,A670000,33,,,N,Y,SH11231200,N,0.00,860.00,0.00,0.00,,"전기라인-레벨링센서 BKT(MC COVER) M6 TAP 홀간거리 가공불량 S:35mm, A:38mm ",업체 신규제작 입고완료 ,,,N,,,Y,2026-04-17 09:55:33.810000,,,N,,499162,2026-01-20 11:03:10.837000,499162,2026-04-17 09:55:33.810000,2026-03-04 09:26:59.800000,,0
QA2601019,P20,SH11610100,품질관리팀,QC,2026-01-12 00:00:00,2026-01-20 00:00:00,SA00,A07,EW07410,ZZZZZ,1.00,E,0,4280201574,WC10000000,44,,,N,Y,SH11231200,N,0.00,860.00,0.00,0.00,,전기라인-하네스 'A' 12P커넥터 5V라인 도이치핀 조립불량으로 언더리프트 각도센서 작동불능 ,현장 조치 완료. 업체내용전달후 납품전 전량 커넥터 도이치핀 확인요청함 ,,,N,,,Y,2026-04-17 09:55:55.167000,,,N,,499162,2026-01-20 11:09:31.133000,499162,2026-04-17 09:55:55.167000,2026-03-04 09:26:59.800000,,0
QA2601020,P20,SH11610100,품질관리팀,QC,2026-01-13 00:00:00,2026-01-20 00:00:00,SA00,A01,D702106,ZZZZZ,1.00,A,0,1348645361,D700000,29,,,N,Y,SH11231200,N,0.00,0.00,0.00,0.00,,1라인-LIFT CYL' PIN고정볼트홀 가공불량으로 볼트 조립불가-센터 한쪽으로 4mm쏠림 ,업체반출 SPACER 홀장공 수정입고완료 ,,,N,,,Y,2026-04-17 09:56:18.307000,,,N,,499162,2026-01-20 11:13:43.103000,499162,2026-04-17 09:56:18.307000,2026-03-04 09:26:59.800000,,0
QA2601021,P20,SH11610100,품질관리팀,QC,2026-01-13 00:00:00,2026-01-20 00:00:00,SA00,A01,A542104B,ZZZZZ,1.00,A,0,3018133096,A540000,128,,,N,Y,SH22101000,N,0.00,860.00,0.00,0.00,,1라인-HEAD BOOM 측면 M/T 홀맞지않음. FRP BOOM과 1:1 가공안됨. ,생산팀 제관라인 이동후 홀 용접육성후 FRP BOOM과1:1현장맞춤 가공수정조치완료 ,,FRP BOOM XXX XXX 홀 XXX,N,,"XXX 홀 XXX XXX XXX XXX X
-> XXX XXX 및 XXX XXX 건",Y,2026-04-28 16:20:31.843000,,,N,,499162,2026-01-20 11:18:05.800000,405015,2026-04-28 16:20:31.843000,2026-03-04 09:26:59.800000,,0
QA2601022,P20,SH11610100,품질관리팀,QC,2026-01-12 00:00:00,2026-01-20 00:00:00,SA00,A02,D583300D,ZZZZZ,1.00,I,0,3128180264,D580000,103,,,N,Y,SH11231200,N,0.00,860.00,0.00,0.00,,2라인-본넷 후방도어 상단부 변형됨,업체방문 변형수정 조치완료 ,,,N,,,Y,2026-04-17 09:57:22.243000,,,N,,499162,2026-01-20 11:23:42.217000,499162,2026-04-17 09:57:22.243000,2026-03-04 09:26:59.800000,,0
QA2601023,P20,SH11610100,품질관리팀,QC,2026-01-02 00:00:00,2026-01-20 00:00:00,SA00,A04,A561301D,ZZZZZ,1.00,A,0,4918102052,A670000,33,,,N,Y,SH11231200,N,0.00,860.00,0.00,0.00,,품번52 홀 가공 위치 불량 (S' : 55m/ A' : 85mm),사내수정 조치 완료,,,N,,,Y,2026-05-07 15:21:17.727000,,,N,,421029,2026-01-20 13:27:54.153000,421029,2026-05-07 15:21:17.727000,2026-03-04 09:26:59.800000,,0
QA2601024,P20,SH11610100,품질관리팀,QC,2026-01-02 00:00:00,2026-01-20 00:00:00,SA00,A04,A551145D,ZZZZZ,1.00,B,0,3320703029,A670000,33,,,N,Y,SH11231200,N,0.00,860.00,0.00,0.00,,절곡불량 ( 절곡부S' : 100mm / A' : 235mm),신품 제작하여 납품,,,N,,,Y,2026-05-07 15:21:47.967000,,,N,,421029,2026-01-20 13:34:32.190000,421029,2026-05-07 15:21:47.967000,2026-03-04 09:26:59.800000,,0
QA2601025,P20,SH11610100,품질관리팀,QC,2026-01-14 00:00:00,2026-01-20 00:00:00,SA00,A02,500000V-JD80161,ZZZZZ,1.00,D,0,6098124002,T1D1-0000000-00,389~390,,,N,Y,SH11610100,N,0.00,860.00,0.00,0.00,,"크린룸 FITTING 입고불량. S:G PF3/4""*PF1"". A:G PF1""*PF3/4""-규격 반대로 입고됨 ",재고분 선조치완료.업체내용전달 주의요청함.납품시 추가입고요청 ,,,N,,,Y,2026-04-17 09:59:07.680000,,,N,,499162,2026-01-20 14:06:34.110000,499162,2026-04-17 09:59:07.680000,2026-03-04 09:26:59.800000,,0
QA2601026,P20,SH11610100,품질관리팀,QC,2026-01-15 00:00:00,2026-01-20 00:00:00,SA00,A02,D363500G-V,ZZZZZ,1.00,B,0,6618702541,D580000,103,,,N,Y,SH11231200,N,0.00,860.00,0.00,0.00,,연료탱크 후방 호스조립부 PIPE 용접부 크랙으로 누유됨 ,업체방문 탱크 탈거후 반출 용접 수정 및 테스트 장착조치완료. 누유 및 조립상태확인완료 ,,,N,,,Y,2026-04-17 09:59:42.003000,,,N,,499162,2026-01-20 14:13:52.803000,499162,2026-04-17 09:59:42.003000,2026-03-04 09:26:59.800000,,0
QA2601027,P20,SH11610100,품질관리팀,QC,2026-01-15 00:00:00,2026-01-20 00:00:00,SA00,A01,Z2P3-2748000-03,ZZZZZ,1.00,B,0,5296700372,Z5P1-MPPV000-00,854,,,N,Y,SH11231200,N,0.00,51500.00,0.00,0.00,,1라인-머플러 파이프 각도불량으로 HOOD 머플러 프랜지 절단시 상단으로 올라감(타포린 쫄대와 간섭됨) ,업체 신품 입고완료 ,,XXX XXX XXX(XXX → XXX),N,,XXX XXX XXX,Y,2026-05-07 15:21:31.250000,,,N,,499162,2026-01-20 14:31:12.420000,421029,2026-05-07 15:21:31.250000,2026-03-04 09:26:59.800000,,0
QA2601028,P20,SH11610100,품질관리팀,QC,2026-01-20 00:00:00,2026-01-20 00:00:00,SA00,A03,WR27000,ZZZZZ,1.00,E,0,4018122865,WC10000000,52,,,N,Y,SH11610100,N,0.00,860.00,0.00,0.00,,배터리 +단자커버 파손됨,재고분 선투입완료. 업체방문시 교체완료,,,N,,,Y,2026-04-17 10:01:40.177000,,,N,,499162,2026-01-20 15:44:57.047000,499162,2026-04-17 10:01:40.177000,2026-03-04 09:26:59.800000,,0
QA2601029,P20,SH11610100,품질관리팀,QC,2026-01-20 00:00:00,2026-01-20 00:00:00,SA00,A07,ES17300,ZZZZZ,1.00,E,0,2068638393,WC10000000,44,,클레임,N,Y,SH11610100,N,0.00,860.00,0.00,0.00,,"붐길이센서 +,s 저항체크 인입,인출시 저항값 증가,감소안됨",재고분 선교체조치완료.탈거분 업체반출후 원인분석 요청함 현장교체작업공수 패널티처리예정,,,N,,,Y,2026-04-17 10:03:08.317000,,,N,,499162,2026-01-20 16:11:24.427000,499162,2026-04-17 10:03:08.317000,2026-03-04 09:26:59.800000,,0
QA2601030,P20,SH11610100,품질관리팀,QC,2026-01-19 00:00:00,2026-01-21 00:00:00,SA00,A03,W1R3-6010000-00,ZZZZZ,2.00,N,0,1131735894,WC10000000,55~56,,클레임,N,Y,SH11610100,N,0.00,860.00,0.00,0.00,,WIRE 1EA 파손 1EA 감김 불량,1/20 업체 신품 교체 완료(현장교체공수페널티처리),,,N,,,Y,2026-05-07 15:21:54.260000,,,N,,493026,2026-01-21 08:49:29.893000,421029,2026-05-07 15:21:54.260000,2026-03-04 09:26:59.800000,,0
QA2601032,P20,SH11610100,품질관리팀,QC,2026-01-20 00:00:00,2026-01-21 00:00:00,SA00,A07,EW07210,ZZZZZ,1.00,E,0,1308687694,WC10000000,50,,,N,Y,SH11231200,N,0.00,860.00,0.00,0.00,,"하부박스 ch0,cl0엔드캡 분기시 케이블 크로스되어 통신에러발생함.",현장조치완료. 업체 내용전전달후 납품전 확인요청함,,,N,,,Y,2026-04-17 10:03:38.870000,,,N,,499162,2026-01-21 09:06:54.990000,499162,2026-04-17 10:03:38.870000,2026-03-04 09:26:59.800000,,0
QA2601033,P20,SH11610100,품질관리팀,QC,2026-01-21 00:00:00,2026-01-21 00:00:00,SA00,A01,P013122E,ZZZZZ,1.00,A,0,3320703029,P020000,1,,,N,Y,SH00000000,N,0.00,860.00,0.00,0.00,,파이프 프랜지 2번 단품 M16 TAP 4EA 가공누락,업체 화물발송후 수정 입고완료,,XXX XXX 건,N,,,Y,2026-04-17 10:05:44.370000,,,N,,499162,2026-01-21 09:45:41.967000,499162,2026-04-17 10:05:44.370000,2026-03-04 09:26:59.800000,,0
QA2601034,P20,SH11610100,품질관리팀,QC,2026-01-20 00:00:00,2026-01-21 00:00:00,SA00,A04,DC55320002,ZZZZZ,1.00,B,0,1248131958,D550000,1,,클레임,N,Y,SH22101000,N,0.00,860.00,0.00,0.00,,오실레이션 실린더 핀 조립부 BOSS (D323201-2-2)취부불량 - 태정기업 DC55320006 사내가공불량,사내 가공 수정 완료-사내업체 (태정기업) 가공 수정공수 패널티처리예정,,XXX XXX 건,N,,,Y,2026-05-07 15:22:06.710000,,,N,,493026,2026-01-21 11:16:31.360000,421029,2026-05-07 15:22:06.710000,2026-03-04 09:26:59.800000,,0
QA2601035,P20,SH11610100,품질관리팀,QC,2026-01-06 00:00:00,2026-01-21 00:00:00,SA00,A03,M102050D,ZZZZZ,1.00,A,0,4918102052,WC10000000,41,,,N,Y,SH11231200,N,0.00,860.00,0.00,0.00,,홀가공불량 가공단차로 핀삽입안됨,사내 수정 완료,,,N,,,Y,2026-05-07 15:22:17.480000,,,N,,421029,2026-01-21 11:52:14.790000,421029,2026-05-07 15:22:17.480000,2026-03-04 09:26:59.800000,,0
QA2601036,P20,SH11610100,품질관리팀,QC,2026-01-06 00:00:00,2026-01-21 00:00:00,SA00,A04,A561316A,ZZZZZ,1.00,Q,0,3320703029,A670000,33,,,N,Y,SH24104000,N,0.00,860.00,0.00,0.00,,도면문제 SUB FRANE은 설변전도면으로 제작되었고 CONTORL PANEL(TOP)는 설변도면적용으로 조립불가,신품 제작하여 납품,,,N,,,Y,2026-05-07 15:22:34.560000,,,N,,421029,2026-01-21 11:54:19.033000,421029,2026-05-07 15:22:34.560000,2026-03-04 09:26:59.800000,,0
QA2601037,P20,SH11610100,품질관리팀,QC,2026-01-07 00:00:00,2026-01-21 00:00:00,SA00,A04,JD1300ERSS-1,ZZZZZ,1.00,B,0,1408188166,J8B1-0000000-00,396~405,,,N,Y,SH11231200,N,0.00,860.00,0.00,0.00,,REAR FRAME TANK 받침대 M16NUT 취부불량(한쪽쏠림현상),업체 내방하여 수정 완료,,,N,,,Y,2026-05-07 15:22:43.073000,,,N,,421029,2026-01-21 11:57:00.007000,421029,2026-05-07 15:22:43.073000,2026-03-04 09:26:59.800000,,0
QA2601038,P20,SH11610100,품질관리팀,QC,2026-01-08 00:00:00,2026-01-21 00:00:00,SA00,A03,M101315C,ZZZZZ,8.00,A,0,3020694842,WC10000000,53~60,,,N,Y,SH11231200,N,0.00,860.00,0.00,0.00,,보조 TOOL BOX COVER 홀 위치불량 S' : 62.3mm  A' : 134.5mm,신규제작납품요청-재도장비용 패널티처리예정,,,N,,,Y,2026-05-07 15:22:47.403000,,,N,,421029,2026-01-21 13:13:49.530000,421029,2026-05-07 15:22:47.403000,2026-03-04 09:26:59.800000,,0
QA2601039,P20,SH11610100,품질관리팀,QC,2026-01-12 00:00:00,2026-01-21 00:00:00,SA00,A04,A561126D,ZZZZZ,1.00,Q,0,1408188166,A670000,33,,,N,Y,SH24104000,N,0.00,860.00,0.00,0.00,,중복도면으로 설변전도면으로 발주,연구소 재발주 진행,,,N,,,Y,2026-05-07 15:22:51.780000,,,N,,421029,2026-01-21 13:16:14.527000,421029,2026-05-07 15:22:51.780000,2026-03-04 09:26:59.800000,,0
QA2601040,P20,SH11610100,품질관리팀,QC,2026-01-12 00:00:00,2026-01-21 00:00:00,SA00,A04,AW34800B,ZZZZZ,1.00,B,0,3320703029,A670000,33,,,N,Y,SH11231200,N,0.00,860.00,0.00,0.00,,조수석 TOOL BOX 문짝 외형 변형으로 간섭,업체 내방하여 조치 완료,,,N,,,Y,2026-05-07 15:22:57.240000,,,N,,421029,2026-01-21 13:18:35.373000,421029,2026-05-07 15:22:57.240000,2026-03-04 09:26:59.800000,,0
QA2601041,P20,SH11610100,품질관리팀,QC,2026-01-12 00:00:00,2026-01-21 00:00:00,SA00,A04,A565106B,ZZZZZ,1.00,B,0,1243020333,A670000,33,,,N,Y,SH11610100,N,0.00,860.00,0.00,0.00,,3RD HEAD BOOM FRP COVER 납품 불량,부품팀 재고 선진행 차후신제작하여 납품예정,,,N,,,Y,2026-05-07 15:23:00.113000,,,N,,421029,2026-01-21 13:20:52.233000,421029,2026-05-07 15:23:00.113000,2026-03-04 09:26:59.800000,,0
QA2601042,P20,SH11610100,품질관리팀,QC,2026-01-12 00:00:00,2026-01-21 00:00:00,SA00,A03,M101348A,ZZZZZ,1.00,A,0,3020694842,WC10000000,49,,,N,Y,SH11231200,N,0.00,860.00,0.00,0.00,,"보조 TOOL BOX COVER 홀 위치불량 S154,2mm  A164,2mm 10mm쏠림",반출 수정 입고시 재도장 비용 패널티 처리예정,,,N,,,Y,2026-05-07 15:23:02.733000,,,N,,421029,2026-01-21 13:22:52.200000,421029,2026-05-07 15:23:02.733000,2026-03-04 09:26:59.800000,,0
QA2601043,P20,SH11610100,품질관리팀,QC,2026-01-12 00:00:00,2026-01-21 00:00:00,SA00,A04,S5T2-2802000-03,ZZZZZ,1.00,A,0,1348149488,A670000,33,,,N,Y,SH11231200,N,0.00,860.00,0.00,0.00,,WINCH BODY 품번10 록킹장치 고정브라켓 탭불량2-M4TAP  나사산불량,업체 내방하여 수정,,,N,,,Y,2026-05-07 15:23:05.690000,,,N,,421029,2026-01-21 13:25:08.443000,421029,2026-05-07 15:23:05.690000,2026-03-04 09:26:59.800000,,0
QA2601044,P20,SH11610100,품질관리팀,QC,2026-01-13 00:00:00,2026-01-21 00:00:00,SA00,A01,D705157,ZZZZZ,1.00,Q,0,1248131958,D700000,29,,,N,Y,SH24103000,N,0.00,860.00,0.00,0.00,,BLOCK 방향이 반대로 되어 볼트조립홀이 가려져 조립안됨,설계 변경 요청 및 사내 수정 조치함,,,N,,,Y,2026-04-17 10:14:27.440000,,,N,,421029,2026-01-21 13:31:35.107000,499162,2026-04-17 10:14:27.440000,2026-03-04 09:26:59.800000,,0
QA2601045,P20,SH11610100,품질관리팀,QC,2026-01-13 00:00:00,2026-01-21 00:00:00,SA00,A03,M109101D,ZZZZZ,1.00,D,0,7318502133,WC10000000,33,,,N,Y,SH11610100,N,0.00,860.00,0.00,0.00,,하부 PUMP 셕션호스 S 38x70x2000 5/905 HEL 1EA 금구 오일누유,대체품 업체 신규제작 입고완료. 현장 교체후 공수 패널티 처리예정,,,N,,,Y,2026-05-07 15:23:08.810000,,,N,,421029,2026-01-21 13:34:27.180000,421029,2026-05-07 15:23:08.810000,2026-03-04 09:26:59.800000,,0
QA2601046,P20,SH11610100,품질관리팀,QC,2026-01-13 00:00:00,2026-01-21 00:00:00,SA00,A03,M10250A,ZZZZZ,8.00,A,0,1348149488,WC10000000,33,,,N,Y,SH11231200,N,0.00,860.00,0.00,0.00,,OUTRIGGER 실린더 CONNETOR M16TAP 누락(M102500-04),업체 반출 수정,,,N,,,Y,2026-05-07 15:23:11.540000,,,N,,421029,2026-01-21 13:41:35.920000,421029,2026-05-07 15:23:11.540000,2026-03-04 09:26:59.800000,,0
QA2601047,P20,SH11610100,품질관리팀,QC,2026-01-14 00:00:00,2026-01-21 00:00:00,SA00,A04,AW80600C,ZZZZZ,1.00,P,0,1248131958,A670000,33,,,N,Y,SH24104000,N,0.00,860.00,0.00,0.00,,OUTRIGGER REAR 조수석쪽 하판 품번5 인입시 간섭,면취부 길이연장 설변 요청 S1440mm A2240mm,,,N,,,Y,2026-05-07 15:23:18.650000,,,N,,421029,2026-01-21 13:46:35.997000,421029,2026-05-07 15:23:18.650000,2026-03-04 09:26:59.800000,,0
QA2601048,P20,SH11610100,품질관리팀,QC,2026-01-20 00:00:00,2026-01-21 00:00:00,SA00,A04,A681101A,ZZZZZ,4.00,M,0,4918102052,A540000,27~28,,,N,Y,SH24103000,N,0.00,860.00,0.00,0.00,,"M/T B,K,T(CHISSIS MOUNTING B,K,T(A)A521298/A521297(B) 좌.우대칭 #127~129 적용 #130부터는홀 센터 설변도면 적용 설변도면으로 발주 불량",특장개발 이병훈대리 재발주 진행,,"ＢＯＭ　XXX　XXX　XXX　（XXX）
＃１３０～　XXX　＃１２７로　XXX",N,,,Y,2026-05-07 15:23:22.407000,,,N,,493026,2026-01-21 13:48:33.580000,421029,2026-05-07 15:23:22.407000,2026-03-04 09:26:59.800000,,0
QA2601050,P20,SH11610100,품질관리팀,QC,2026-01-21 00:00:00,2026-01-21 00:00:00,SA00,A04,A681101A,ZZZZZ,2.00,A,0,4918102052,A540000,127~128,,,N,Y,SH24104000,N,0.00,860.00,0.00,0.00,,"M/T B,K,T SIDE BRACKET(S5T3-1130600) 홀이 너무큼",연구확인이병훈대리  평와셔이용하여 사용,,"BOM XXX XXX XXX (#130~ 적용해야되나 #127~ XXX, XXX)",N,,,Y,2026-05-07 15:23:25.937000,,,N,,493026,2026-01-21 13:59:30.953000,421029,2026-05-07 15:23:25.937000,2026-03-04 09:26:59.800000,,0
QA2601052,P20,SH11610100,품질관리팀,QC,2026-01-14 00:00:00,2026-01-21 00:00:00,SA00,A03,M109101D,ZZZZZ,1.00,D,0,7318502133,WC10000000,45,,클레임,N,Y,SH11610100,N,0.00,860.00,0.00,0.00,,하부 PUMP P1 19X210X2650 5/905 HEL 1EA 금구 오일누유,대체품 업체 신규제작 입고완료. 현장 교체후 공수 패널티 처리예정,,,N,,,Y,2026-05-07 15:26:12.800000,,,N,,421029,2026-01-21 14:05:34.177000,421029,2026-05-07 15:26:12.800000,2026-03-04 09:26:59.800000,,0
QA2601053,P20,SH11610100,품질관리팀,QC,2026-01-16 00:00:00,2026-01-21 00:00:00,SA00,A07,ES17300,ZZZZZ,1.00,E,0,2068638393,WC10000000,44,,,N,Y,SH11610100,N,0.00,860.00,0.00,0.00,,길이센서 출력값 없음,"1:1 교체 진행, 업체로 반출 후 원인분석 및 대책 요청 함",,,N,,,Y,2026-05-07 15:26:15.590000,,,N,,421029,2026-01-21 14:07:00.413000,421029,2026-05-07 15:26:15.590000,2026-03-04 09:26:59.800000,,0
QA2601054,P20,SH11610100,품질관리팀,QC,2026-01-15 00:00:00,2026-01-21 00:00:00,SA00,A04,A521703,ZZZZZ,1.00,B,0,1348149488,A670000,33,,클레임,N,Y,SH11231200,N,0.00,860.00,0.00,0.00,,"이너박스쫄대부위S142,5mm A143mm로 외형 파임현상",공정일정으로 사내제관 수정 패널티 처리예정,,,N,,,Y,2026-05-07 15:26:18.267000,,,N,,421029,2026-01-21 14:09:54.960000,421029,2026-05-07 15:26:18.267000,2026-03-04 09:26:59.800000,,0
QA2601057,P20,SH11610100,품질관리팀,QC,2026-01-02 00:00:00,2026-01-21 00:00:00,SA00,A04,JD1300ERSS-1,ZZZZZ,10.00,M,0,1408188166,J8B1-0000000-00,396~405,,클레임,N,Y,SH11231200,N,0.00,860.00,0.00,0.00,,J8B1-3202000-48 BKT 절곡누락,자작절곡사용-사내수정 공수 패널티처리예정,,,N,,,Y,2026-05-07 15:26:22.837000,,,N,,421029,2026-01-21 14:15:07.527000,421029,2026-05-07 15:26:22.837000,2026-03-04 09:26:59.800000,,0
QA2601058,P20,SH11610100,품질관리팀,QC,2026-01-02 00:00:00,2026-01-21 00:00:00,SA00,A04,JD1300ERSS-1,ZZZZZ,10.00,M,0,1408188166,J8B1-0000000-00,396~405,,클레임,N,Y,SH11610100,N,0.00,860.00,0.00,0.00,,J8B1-3202000-06 BKT 도면 REV 이전 품번 제작-입고누락,태정기업 수정 사용함-수정공수 패널티처리,,ERP XXX XXX - XXX -> XXX XXX 품질관리팀 XXX,N,,XXX XXX XXX (XXX → 품질관리팀 XXX),Y,2026-05-07 15:26:25.850000,,,N,,421029,2026-01-21 14:17:12.757000,421029,2026-05-07 15:26:25.850000,2026-03-04 09:26:59.800000,,0
QA2601059,P20,SH11610100,품질관리팀,QC,2026-01-02 00:00:00,2026-01-21 00:00:00,SA00,A04,JD1300ERSS-1,ZZZZZ,10.00,M,0,1408188166,J8B1-0000000-00,396~405,,,N,Y,SH22103000,N,0.00,860.00,0.00,0.00,,J8B1-3202000-27-5 BKT 업체측 입고누락,업체 신규 제작 입고완료,,,N,,,Y,2026-05-07 15:26:28.727000,,,N,,421029,2026-01-21 14:18:51.577000,421029,2026-05-07 15:26:28.727000,2026-03-04 09:26:59.800000,,0
QA2601060,P20,SH11610100,품질관리팀,QC,2026-01-02 00:00:00,2026-01-21 00:00:00,SA00,A04,JD1300ERSS-1,ZZZZZ,1.00,M,0,1408188166,J8B1-0000000-00,396~405,,,N,Y,SH22103000,N,0.00,860.00,0.00,0.00,,J8B1-3202000-50 BKT 업체측 입고 누락,업체신규 제작 입고완료,,,N,,,Y,2026-05-07 15:26:31.410000,,,N,,421029,2026-01-21 14:19:57.953000,421029,2026-05-07 15:26:31.410000,2026-03-04 09:26:59.800000,,0
QA2601061,P20,SH11610100,품질관리팀,QC,2026-01-05 00:00:00,2026-01-21 00:00:00,SA00,A04,JD1000FSS,ZZZZZ,2.00,M,0,1408188166,D490000,85~86,,,N,Y,SH11231200,N,0.00,860.00,0.00,0.00,,D263201-7-2 BKT 레이져품 치수 불량 (S' : 450mm / A' : 400mm) JD1050 제품으로 입고되어야 하나 800제품으로 입고,업체신규 제작하여 입고완료,,,N,,,Y,2026-05-07 15:26:33.820000,,,N,,421029,2026-01-21 14:21:58.263000,421029,2026-05-07 15:26:33.820000,2026-03-04 09:26:59.800000,,0
QA2601062,P20,SH11610100,품질관리팀,QC,2026-01-05 00:00:00,2026-01-21 00:00:00,SA00,A02,JD1600ER,ZZZZZ,1.00,B,0,1408131509,D550000,1,,업체 - 서린메탈,N,Y,SH00000000,N,0.00,860.00,0.00,0.00,,D653202-30 BKT 홀 위치 불량,신규 제작하여 입고완료,,XXX XXX 건,N,,,Y,2026-05-07 15:26:36.157000,,,N,,421029,2026-01-21 14:24:02.613000,421029,2026-05-07 15:26:36.157000,2026-03-04 09:26:59.800000,,0
QA2601063,P20,SH11610100,품질관리팀,QC,2026-01-05 00:00:00,2026-01-21 00:00:00,SA00,A04,JD1600ER,ZZZZZ,1.00,M,0,1408131509,D550000,1,,,N,Y,SH00000000,N,0.00,860.00,0.00,0.00,,DC55320044 BKT 홀 위치 불량 - 생산팀 BOM 문제로 설변 전 도면으로 전달됨,신규 제작하여 사용,,XXX XXX 건,N,,,Y,2026-05-07 15:26:40.987000,,,N,,421029,2026-01-21 14:25:50.190000,421029,2026-05-07 15:26:40.987000,2026-03-04 09:26:59.800000,,0
QA2601064,P20,SH11610100,품질관리팀,QC,2026-01-20 00:00:00,2026-01-21 00:00:00,SA00,A03,M101304A,ZZZZZ,1.00,B,0,1348149488,WC10000000,65,,클레임,N,Y,SH11231200,N,0.00,860.00,0.00,0.00,,SUPPORT 폭 치수불량 공차+1 커서 삽입불가 S' : 162-0.1mm A' : 164.7mm,반출 수정(재도장 패널티),,,N,,,Y,2026-05-07 15:26:46.043000,,,N,,493026,2026-01-21 14:34:34.767000,421029,2026-05-07 15:26:46.043000,2026-03-04 09:26:59.800000,,0
QA2601065,P20,SH11610100,품질관리팀,QC,2026-01-21 00:00:00,2026-01-21 00:00:00,SA00,A07,EL11400,ZZZZZ,1.00,E,30,1308687694,WC10000000,52,,클레임,N,Y,SH11231200,N,0.00,860.00,25800.00,0.00,,"장방형 경광등 동작이상-경고음 1,2는 작동하는데 동작불능됨(앰프 확인결과 이상무)",경광등 현장탈거후 업체 납품시 반출 수정 입고완료.현장탈거작업 및 조립공수 패널티처리예정,,XXX XXX XXX 中 ( 1월 27일 XXX XXX XXX XXX),N,,,Y,2026-04-17 10:40:52.317000,,,N,,499162,2026-01-21 16:22:15.420000,499162,2026-04-17 10:40:52.317000,2026-03-04 09:26:59.800000,,0
QA2601066,P20,SH11610100,품질관리팀,QC,2026-01-20 00:00:00,2026-01-22 00:00:00,SA00,A03,M101315C,ZZZZZ,3.00,B,0,3020694842,WC10000000,54~56,,,N,Y,SH11231200,N,0.00,860.00,0.00,0.00,,보조 TOOL BOX COVER 수정용접으로 인한 외형형상 변형,신제작하여 납품(재도장패널티),,"T2.3 XXX 입고검사시 XXX (XXX XXX XXX XXX XXX XXX XXX)
XXX 및 물류이동시 XXX XXX XXX",N,,"외주구매팀 XXX XXX. 물류이동시 XXX XXX XXX XXX XXX XXX.
 - XXX 부적합에서 XXX",Y,2026-05-07 15:26:49.990000,,,N,,493026,2026-01-22 08:35:00.980000,421029,2026-05-07 15:26:49.990000,2026-03-04 09:26:59.800000,,0
QA2601067,P20,SH11610100,품질관리팀,QC,2026-01-21 00:00:00,2026-01-22 00:00:00,SA00,A02,DC02350001-V,ZZZZZ,1.00,B,0,2768600824,T1D1-0000000-00,335,,,N,Y,SH11231200,N,0.00,860.00,0.00,0.00,,연료탱크 후방 하단부 2곳 용접불량으로 누유,업체방문 분해후 반출 수정입고완료.입고분 #336도 확인결과 누유되어 용접수정 조치완료,,,N,,,Y,2026-04-17 10:41:47.250000,,,N,,499162,2026-01-22 08:42:51.720000,499162,2026-04-17 10:41:47.250000,2026-03-04 09:26:59.800000,,0
QA2601068,P20,SH11610100,품질관리팀,QC,2026-01-20 00:00:00,2026-01-22 00:00:00,SA00,A03,M105300B,ZZZZZ,1.00,A,0,1240395293,WC10000000,58,,,N,Y,SH11610100,N,0.00,860.00,0.00,0.00,, OUTRIGGER 링크 OPERATION TOTAL PIPE HOLE 불량 양쪽홀 상이,신제작하여  납품완료,,,N,,,Y,2026-05-07 15:26:52.640000,,,N,,493026,2026-01-22 09:06:15.227000,421029,2026-05-07 15:26:52.640000,2026-03-04 09:26:59.800000,,0
QA2601069,P15,SH11610100,품질관리팀,QO,2026-01-22 00:00:00,2026-01-22 00:00:00,SA00,,,ZZZZZ,1.00,O,0,,K020000,106,,,N,N,,N,0.00,0.00,0.00,0.00,,무시동히터 작동불가(커넥터 조립누락) er71,,,,N,,,N,,N,,N,,418014,2026-01-22 10:15:28.177000,421030,2026-02-09 11:02:55.980000,,,
QA2601070,P15,SH11610100,품질관리팀,QO,2026-01-22 00:00:00,2026-01-22 00:00:00,SA00,,,ZZZZZ,1.00,H,0,,K020000,106,,,N,N,,N,0.00,0.00,0.00,0.00,,케빈 좌 하단 측면 도장손상,,,,N,,,N,,N,,N,,418014,2026-01-22 10:15:28.190000,421030,2026-02-09 11:03:09.107000,,,
QA2601071,P15,SH11610100,품질관리팀,QO,2026-01-22 00:00:00,2026-01-22 00:00:00,SA00,,,ZZZZZ,1.00,H,0,,K020000,106,,,N,N,,N,0.00,0.00,0.00,0.00,,"운전석 2, 3축 흙받이 중앙 도장손상",,,,N,,,N,,N,,N,,418014,2026-01-22 10:15:28.207000,421030,2026-02-09 11:03:00.197000,,,
QA2601072,P15,SH11610100,품질관리팀,QO,2026-01-22 00:00:00,2026-01-22 00:00:00,SA00,,,ZZZZZ,1.00,H,0,,K020000,106,,,N,N,,N,0.00,0.00,0.00,0.00,,출하지급품 도장누락,,,,N,,,N,,N,,N,,418014,2026-01-22 10:15:28.223000,421030,2026-02-09 11:03:05.733000,,,
QA2601073,P15,SH11610100,품질관리팀,QO,2026-01-22 00:00:00,2026-01-22 00:00:00,SA00,,,ZZZZZ,1.00,H,0,,K020000,106,,,N,N,,N,0.00,0.00,0.00,0.00,,완충기 도장박리,,,,N,,,N,,N,,N,,418014,2026-01-22 10:15:28.240000,421030,2026-02-09 11:03:03.190000,,,
QA2601074,P20,SH11610100,품질관리팀,QC,2026-01-23 00:00:00,2026-01-23 00:00:00,SA00,A01,P021401,ZZZZZ,1.00,A,30,3320703029,P020000,1,,클레임,N,Y,SH00000000,N,0.00,860.00,25800.00,0.00,,"쿨러베이스 M/T BKT 홀간거리불량 S:475mm, A:481mm",현장수정 조치완료. 업체 내용전달후 수정공수 패널티처리예정,,XXX XXX 건,N,,,Y,2026-04-17 10:42:27.247000,,,N,,499162,2026-01-23 14:04:23.193000,499162,2026-04-17 10:42:27.247000,2026-03-04 09:26:59.800000,,0
QA2601075,P20,SH11610100,품질관리팀,QC,2026-01-23 00:00:00,2026-01-23 00:00:00,SA00,A01,D701166,ZZZZZ,1.00,A,0,1348149488,D700000,29,,,N,Y,SH11231200,N,0.00,860.00,0.00,0.00,,"체인고정 BKT 홀가공불량.PIN 조립시 중간부 조립불가 BKT 가공부 내측 가공불량-S:9.5파이 0~+0.1, A:9.45파이(중간 특정부위)",업체반출 수정 입고완료,,"XXX XXX XXX XXX (Φ9.5 0+0.1) 가공불량인지, XXX BURR XXX?",N,,가공불량임,Y,2026-04-17 13:47:00.537000,,,N,,499162,2026-01-23 14:17:15.250000,499162,2026-04-17 13:47:00.537000,2026-03-04 09:26:59.800000,,0
QA2601076,P20,SH11610100,품질관리팀,QC,2026-01-23 00:00:00,2026-01-23 00:00:00,SA00,A02,D7C3-3407000-00,DC106,1.00,A,0,1348149488,T1D1-0000000-00,389,,,N,Y,SH11231200,N,0.00,860.00,0.00,0.00,,머플러 U-BOLT M12 TAP 가공불량으로 NUT 조립불가-게이지 확인결과 체결안됨,업체 신규제작 입고요청후 입고완료.,,XXX NUT는 XXX XXX ( GO-NO XXX XXX XXX XXX),N,,GO-NO XXX XXX XXX XXX,Y,2026-04-17 10:47:05.277000,,,N,,499162,2026-01-23 14:31:57.437000,499162,2026-04-17 10:47:05.277000,2026-03-04 09:26:59.800000,,0
QA2601077,P20,SH11610100,품질관리팀,QC,2026-01-23 00:00:00,2026-01-23 00:00:00,SA00,A01,P022109,ZZZZZ,1.00,B,0,1408131509,P020000,1,,클레임-도장비용,N,Y,SH11231200,N,0.00,860.00,0.00,0.00,,"A-FRAME(A) 9번 단품 용접변형으로 팬클러치 상하 수직안나옴. SHIM 삽입 치수 확인결과 7mm~7.5mm 치수 차이남 SECTION C-C 제관치수 도면상 S:95.2mm, A:90mm",프레임 수정불가로 설계팀 SPACER 도면출도후 업체 전달 SPACER 제작입고완료. 도장비용 패널티처리예정,,XXX XXX 건,N,,,Y,2026-04-17 13:51:58.683000,,,N,,499162,2026-01-23 15:00:15.403000,499162,2026-04-17 13:51:58.683000,2026-03-04 09:26:59.800000,,0
QA2601078,P20,SH11610100,품질관리팀,QC,2026-01-20 00:00:00,2026-01-23 00:00:00,SA00,A07,WR27000,ZZZZZ,1.00,E,0,4018122865,WC10000000,50,,,N,Y,SH11610100,N,0.00,860.00,0.00,0.00,,타타대우 샤시 하부 마그네틱밸브 Q5시그널 출력안나옴,차량커넥터 헐거움으로 체결되어 현장 재결합후 정상작동함,,,N,,,Y,2026-04-18 09:04:19.300000,,,N,,499162,2026-01-23 15:29:48.020000,499162,2026-04-18 09:04:19.300000,2026-03-04 09:26:59.800000,,0
QA2601079,P20,SH11610100,품질관리팀,QC,2026-01-23 00:00:00,2026-01-23 00:00:00,SA00,A01,D701151,ZZZZZ,2.00,B,0,1348149488,D700000,29,,클레임-재도장비용,N,Y,SH11231200,N,0.00,860.00,0.00,0.00,,"PAD BKT (N),  PAD 삽입부 3번 단품 취부 치수불량 취부치수 S:100mm, A:85mm",업체 제작분 확인후 입고완료. 재도장비용 패널티처리예정,,,N,,,Y,2026-04-17 13:53:52.227000,,,N,,499162,2026-01-23 15:59:20.577000,499162,2026-04-17 13:53:52.227000,2026-03-04 09:26:59.800000,,0
QA2601080,P20,SH11610100,품질관리팀,QC,2026-01-24 00:00:00,2026-01-26 00:00:00,SA00,A07,WR01900,ZZZZZ,1.00,E,0,3128606819,WC10000000,54,,클레임,N,Y,SH11610100,N,0.00,860.00,0.00,0.00,,PTO인가시 엔진정지발생.확인결과 Q12라인 물리적 해체가되어도 전압출력나감. R/J 슬립링 1번핀(4번+전원) 인가시 6번핀(Q12)에서도 출력나옴,업체방문 교체품 테스트후 교체작업완료.탈거분 및 입고분 1EA 반출 원인분석 및 수정후 재방문 조립작업예정. 현장 원인파악 및 재작업공수 업체 패널티처리예정,,,N,,,Y,2026-04-18 09:04:57.617000,,,N,,499162,2026-01-26 09:17:52.093000,499162,2026-04-18 09:04:57.617000,2026-03-04 09:26:59.800000,,0
QA2601081,P20,SH11610100,품질관리팀,QC,2026-01-26 00:00:00,2026-01-26 00:00:00,SA00,A01,P022101,ZZZZZ,1.00,B,0,1248131958,P020000,1,,,N,Y,SH22101000,N,0.00,860.00,0.00,0.00,,FLAME FLOOR 단품 2번 배터리 BKT M/T M8 2EA 웰딩너트 제관라인 용접누락,1라인 현장 팜너트 수정 조치완료,,XXX XXX 건,N,,,Y,2026-04-17 13:57:12.247000,,,N,,499162,2026-01-26 10:10:20.180000,499162,2026-04-17 13:57:12.247000,2026-03-04 09:26:59.800000,,0
QA2601082,P20,SH11610100,품질관리팀,QC,2026-01-26 00:00:00,2026-01-26 00:00:00,SA00,A01,D701116,ZZZZZ,2.00,B,0,1348149488,D700000,29,,클레임- 재도장비용,N,Y,SH11231200,N,0.00,860.00,0.00,0.00,,"PAD BKT(F) 3번 단품 취부치수불량. S:70mm, A:80mm",업체 교체품 입고완료. 고품 반출함. 재도장비용 패널티 처리예정,,,N,,,Y,2026-04-17 13:57:30.397000,,,N,,499162,2026-01-26 14:50:19.860000,499162,2026-04-17 13:57:30.397000,2026-03-04 09:26:59.800000,,0
QA2601084,P20,SH11610100,품질관리팀,QC,2026-01-26 00:00:00,2026-01-26 00:00:00,SA00,A01,P021407,ZZZZZ,1.00,D,0,1130259437,P020000,1,,,N,Y,SH11610100,N,0.00,860.00,0.00,0.00,,"라디에터 호스 내경치수불량 -S:58파이, A:60.5파이",업체 신규제작 입고완료,,XXX XXX 건,N,,,Y,2026-04-17 13:58:00.347000,,,N,,499162,2026-01-26 18:40:34.957000,499162,2026-04-17 13:58:00.347000,2026-03-04 09:26:59.800000,,0
QA2601085,P20,SH11610100,품질관리팀,QC,2026-01-06 00:00:00,2026-01-27 00:00:00,SA00,A03,M102010H,ZZZZZ,1.00,A,0,4918102052,WC10000000,41,,,N,Y,SH11231200,N,0.00,860.00,0.00,0.00,,UNDER LIFT 3RD BOOM  양쪽가공으로 인한 단차발생,사내 수정 완료,,,N,,,Y,2026-05-07 15:26:56.180000,,,N,,493026,2026-01-27 10:48:26.800000,421029,2026-05-07 15:26:56.180000,2026-03-04 09:26:59.800000,,0
QA2601086,P20,SH11610100,품질관리팀,QC,2026-01-22 00:00:00,2026-01-27 00:00:00,SA00,A03,M105564,ZZZZZ,6.00,P,0,1348645361,WC10000000,54~59,,,N,Y,SH24103000,N,0.00,860.00,0.00,0.00,,TAP 깊이 불량 - 니뿔체결 불가,업체 반출 후 수정품 입고 완료,,"GO-NO XXX XXX XXX XXX , XXX XXX XXX 동 XXX-> XXX XXX XXX
XXX XXX XXX XXX
( XXX XXX XXX XXX 2~3산 XXX XXX) - XXX XXX XXX
XXX XXX - XXX XXX XXX XXX",N,,XXX XXX XXX (외주구매팀 → XXX1팀 XXX),Y,2026-05-07 15:26:58.707000,,,N,,493026,2026-01-27 11:02:27.940000,421029,2026-05-07 15:26:58.707000,2026-03-04 09:26:59.800000,,0
QA2601087,P20,SH11610100,품질관리팀,QC,2026-01-22 00:00:00,2026-01-27 00:00:00,SA00,A01,D703312,ZZZZZ,4.00,A,0,1348149488,D700000,29,,,N,Y,SH11231200,N,0.00,860.00,0.00,0.00,,HOLDER 홈 길이 불량 (단품 절단 불량),업체 반출 수정,,,N,,,Y,2026-05-07 15:27:01.120000,,,N,,493026,2026-01-27 11:05:33.543000,421029,2026-05-07 15:27:01.120000,2026-03-04 09:26:59.800000,,0
QA2601088,P20,SH11610100,품질관리팀,QC,2026-01-27 00:00:00,2026-01-27 00:00:00,SA00,A02,DR37200,ZZZZZ,1.00,O,0,1398106150,E1D1-0000000-00,335,,,N,Y,SH11610100,N,0.00,860.00,0.00,0.00,,댐퍼블럭 FC 카트리지 M10 가는나사 너트 조립누락,재고분 선조치완료 업체 너트 입고완료,,,N,,,Y,2026-04-17 13:58:47.980000,,,N,,499162,2026-01-27 11:06:05.070000,499162,2026-04-17 13:58:47.980000,2026-03-04 09:26:59.800000,,0
QA2601089,P20,SH11610100,품질관리팀,QC,2026-01-22 00:00:00,2026-01-27 00:00:00,SA00,A01,P021201,ZZZZZ,1.00,B,0,1188121509,P020000,1,,,N,Y,SH11231200,N,0.00,860.00,0.00,0.00,,고정 브라켓 취부 위치불량 (S' : 257mm / A' : 285mm),업체 반출 수정입고완료,,XXX XXX 건,N,,,Y,2026-04-17 14:00:53.040000,,,N,,493026,2026-01-27 11:08:48.380000,499162,2026-04-17 14:00:53.040000,2026-03-04 09:26:59.800000,,0
QA2601090,P20,SH11610100,품질관리팀,QC,2026-01-23 00:00:00,2026-01-27 00:00:00,SA00,A03,WC10170000-V,ZZZZZ,20.00,P,0,2088702433,WC10000000,33~52,,,N,Y,SH24103000,N,0.00,860.00,0.00,0.00,,소재 취부 불량 (S' : 550mm / A' : 350mm),상대물 350mm로 절단하여 수정,,"E-BOM 69번 M102500-02 PLATE XXX t2.3*50*350.
XXX XXX XXX 제작해야하나, BOM 을 XXX XXX 함.
 - BOP XXX XXX",N,,XXX XXX(BOM 과 XXX XXX XXX),Y,2026-05-07 15:27:03.720000,,,N,,493026,2026-01-27 11:15:28.680000,421029,2026-05-07 15:27:03.720000,2026-03-04 09:26:59.800000,,0
QA2601091,P20,SH11610100,품질관리팀,QC,2026-01-23 00:00:00,2026-01-27 00:00:00,SA00,A03,M101304A,ZZZZZ,9.00,B,0,1348149488,WC10000000,65~74,,클레임,N,Y,SH11231200,N,0.00,860.00,0.00,0.00,,SUPPORT 폭 치수불량 공차+1 커서 삽입불가 S' : 162-0.1mm A' : 164.7mm,업체 반출하여 수정품 입고(재도장 패널티),,"품질관리팀 공정담당자 XXX XXX - 설계부적합건
(26년 1월 30일 , swc10m frame support XXX XXX XXX XXX)
-> XXX 내용만으로 XXX XXX XXX XXX XXX XXX XXX XXX XXX 도장비까지 XXX XXX",N,,XXX XXX XXX (XXX XXX),Y,2026-05-07 15:27:06.263000,,,N,,493026,2026-01-27 11:19:42.163000,421029,2026-05-07 15:27:06.263000,2026-03-04 09:26:59.800000,,0
QA2601092,P20,SH11610100,품질관리팀,QC,2026-01-26 00:00:00,2026-01-27 00:00:00,SA00,A01,P021405,ZZZZZ,1.00,Q,0,1188121509,P020000,1,,,N,Y,SH00000000,N,0.00,860.00,0.00,0.00,,고정브라켓 위치가 대각위인데 취부 치수 한쪽누락,연구소 설계변경 요청,,XXX XXX 건,N,,,Y,2026-05-07 15:27:09.713000,,,N,,493026,2026-01-27 11:23:30.450000,421029,2026-05-07 15:27:09.713000,2026-03-04 09:26:59.800000,,0
QA2601093,P20,SH11610100,품질관리팀,QC,2026-01-26 00:00:00,2026-01-27 00:00:00,SA00,A03,M105502,ZZZZZ,1.00,A,0,1348149488,WC10000000,59,,,N,Y,SH11231200,N,0.00,860.00,0.00,0.00,,트롤리 플러핀 구리스 탭 누락,업체 반출 수정,,,N,,,Y,2026-05-07 15:27:12.773000,,,N,,493026,2026-01-27 11:27:27.390000,421029,2026-05-07 15:27:12.773000,2026-03-04 09:26:59.800000,,0
QA2601094,P20,SH11610100,품질관리팀,QC,2026-01-26 00:00:00,2026-01-27 00:00:00,SA00,A03,M100147D,ZZZZZ,19.00,P,0,1248131958,WC10000000,56~74,,,N,Y,SH24103000,N,0.00,860.00,0.00,0.00,,전방윈치 롤러 브라켓 용접비드와 롤러 간섭으로 조립불가,업체 내방하여 수정 완료,,"1. XXX XXX XXX XXX XXX, 노트란대로 XXX 7XXX XXX
(설계확인결과 GAP7.4mm) , SEC B-B XXX XXX 15mm XXX XXX XXX
2. XXX XXX XXX XXX XXX XXX XXX XXX 
3. XXX XXX (8XXX, 60mm) XXX XXX, XXX XXX XXX XXX
-> XXX XXX : XXX XXX XXX XXX XXX",N,,,Y,2026-05-07 15:27:15.603000,,,N,,493026,2026-01-27 11:29:44.757000,421029,2026-05-07 15:27:15.603000,2026-03-04 09:26:59.800000,,0
QA2601095,P20,SH11610100,품질관리팀,QC,2026-01-26 00:00:00,2026-01-27 00:00:00,SA00,A03,M101313G,ZZZZZ,2.00,B,0,3320703029,WC10000000,59,,,N,Y,SH11231200,N,0.00,860.00,0.00,0.00,,"TOOL BOX (RH, LH) 변형으로 간섭되어 DOOR 조립 불가",업체 내방하여 수정 완료,,,N,,"XXX 용접하면서 XXX 오므라드는 XXX XXX XXX 전 위,XXX XXX 안 XXX XXX XXX
 - XXX XXX XXX XXX XXX XXX XXX XXX XXX XXX XXX.(외주구매팀 XXX XXX)",Y,2026-05-07 15:27:18.257000,,,N,,493026,2026-01-27 11:34:07.993000,421029,2026-05-07 15:27:18.257000,2026-03-04 09:26:59.800000,,0
QA2601096,P20,SH11610100,품질관리팀,QC,2026-01-27 00:00:00,2026-01-27 00:00:00,SA00,A02,500000V-JD15070,ZZZZZ,1.00,D,0,6098124002,D490000,85~86,,,N,Y,SH11610100,N,0.00,860.00,0.00,0.00,,피팅 입고누락됨. G-RED ADAPTER PF1*PF1/2 대당1EA 누락됨,재고분 선사용함. 업체 내용전달후 리스트 납품전 확인요청함,,,N,,,Y,2026-04-17 13:48:29.293000,,,N,,499162,2026-01-27 15:04:13.813000,499162,2026-04-17 13:48:29.293000,2026-03-04 09:26:59.800000,,0
QA2601097,P20,SH11610100,품질관리팀,QC,2026-01-27 00:00:00,2026-01-27 00:00:00,SA00,A01,D704707B,ZZZZZ,1.00,B,60,1408188166,D700000,29,,클레임,N,Y,SH11231200,N,0.00,860.00,51600.00,0.00,,"MAST ASS'Y 물림쇠 BKT 용접불량.-용접각장불량(S:9, A:5),1곳 모서리 끝단부 용접누락, 내측 용접부 언더켓 발생",현장 공정 지연으로 자작 용접수정 조치함. 업체내용전달후 수정공수 패널티처리예정,,,N,,,Y,2026-04-17 13:48:55.240000,,,N,,499162,2026-01-27 16:22:08.577000,499162,2026-04-17 13:48:55.240000,2026-03-04 09:26:59.800000,,0
QA2601098,P20,SH11610100,품질관리팀,QC,2026-01-26 00:00:00,2026-01-27 00:00:00,SA00,A01,PT00600,ZZZZZ,1.00,Q,0,1248131958,P020000,1,,,N,Y,SH24101000,N,0.00,860.00,0.00,0.00,,"냉각수 써지탱크 냉각수센서 M/T TAP 규격 설계불량 S:M18*P1.5, A:PF 1/4 ",천공기 개발팀 도면 수정도 배포 업체 반출수정 입고완료,,XXX XXX 건,N,,,Y,2026-04-17 14:03:21.250000,,,N,,499162,2026-01-27 18:08:54.323000,499162,2026-04-17 14:03:21.250000,2026-03-04 09:26:59.800000,,0
QA2601099,P20,SH11610100,품질관리팀,QC,2026-01-28 00:00:00,2026-01-28 00:00:00,SA00,A02,D8J3-3217100-00,ZZZZZ,4.00,B,0,1348149488,T1D1-0000000-00,389~392,,,N,Y,SH11231200,N,0.00,860.00,0.00,0.00,,REAR FLAME 후방 STEP 동작시 용접비드 간섭으로 걸림-단품 4번 PLATE 직각 취부불량,업체방문 1/29일 수정조치완료,,,N,,,Y,2026-04-17 14:04:35,,,N,,499162,2026-01-28 14:04:39.757000,499162,2026-04-17 14:04:35,2026-03-04 09:26:59.800000,,0
QA2601100,P20,SH11610100,품질관리팀,QC,2026-01-28 00:00:00,2026-01-28 00:00:00,SA00,A02,DC55040002,ZZZZZ,1.00,B,0,1348149488,D550000,1,,,N,Y,SH11231200,N,0.00,860.00,0.00,0.00,,"LEFT V/V MGT B,K,T(DC55040002) 홀걸이 불일치(S:255mm A:258mm)",제이엠 사내내방 수정 완료,,XXX XXX 건,N,,,Y,2026-05-07 15:27:36.017000,,,N,,493026,2026-01-28 16:33:34.763000,421029,2026-05-07 15:27:36.017000,2026-03-04 09:26:59.800000,,0
QA2601102,P20,SH11610100,품질관리팀,QC,2026-01-09 00:00:00,2026-01-29 00:00:00,SH00,H01,A51615,CX201,15.00,A,0,4520601819,C0027018,,,,N,Y,SH11231200,N,0.00,860.00,0.00,0.00,,  - 현상: 쉬브 內 BUSH 탈착    - 원인: BUSH 탈착 방지 COCKING 4곳 누락,"  - 조치: 부적합 사항 통보 후 양품 교환 완료(1/9), 재발방지 대책서 회신완료",,,N,,,Y,2026-04-27 11:25:36.357000,,,N,,222009,2026-01-29 14:28:25.200000,222009,2026-04-27 11:25:36.357000,,,0
QA2601103,P20,SH11610100,품질관리팀,QC,2026-01-29 00:00:00,2026-01-29 00:00:00,SA00,A02,D351302A,ZZZZZ,2.00,Q,0,1248131958,D580000,103~104,,,N,Y,SH24101000,N,0.00,860.00,0.00,0.00,,드리프터 최대 인출시 HOSE BKT와 오일호스 간섭되어 피복벚겨짐-HOSE BKT 피팅조립부 홀위치 맞지않음,HOSE BKT 홀위치 높이 검토후 천공기개발팀 설변요청함,,,N,,,Y,2026-04-17 14:05:29.020000,,,N,,499162,2026-01-29 14:30:54.427000,499162,2026-04-17 14:05:29.020000,2026-03-04 09:26:59.800000,,0
QA2601104,P20,SH11610100,품질관리팀,QC,2026-01-28 00:00:00,2026-01-29 00:00:00,SA00,A01,D703204E,ZZZZZ,1.00,B,0,2088702433,D700000,29,,,N,Y,SH11231200,N,0.00,860.00,0.00,0.00,,"HOSE SUPORT 3번 PLATE 절곡 불량으로 처짐. 높이치수 S:136.3mm, A:145mm",업체 반출 수정 입고요청,,,N,,,Y,2026-04-17 14:06:37.360000,,,N,,499162,2026-01-29 14:52:31.387000,499162,2026-04-17 14:06:37.360000,2026-03-04 09:26:59.800000,,0
QA2601105,P20,SH11610100,품질관리팀,QC,2026-01-08 00:00:00,2026-01-29 00:00:00,SH00,H03,F47250,CX302,1.00,D,0,1391061852,C0027018,,,,N,Y,SH11610100,N,0.00,860.00,0.00,0.00,," F4 스윙감속기 업체 조립 부적합   - 현상: 스윙감속기 ASS'Y 스프링 와셔 1개 벌어짐   - 원인: 업체 작업자 실수, 조립 후 확인 작업 미흡 "," - 조치: 스프링와셔 교체 완료, 재발방지 대책서 회신완료.",,,N,,,Y,2026-04-27 11:25:47.340000,,,N,,222009,2026-01-29 15:00:31.970000,222009,2026-04-27 11:25:47.340000,,,0
QA2601106,P20,SH11610100,품질관리팀,QC,2026-01-16 00:00:00,2026-01-29 00:00:00,SH00,H03,C0032996,CX101,1.00,B,0,1248671687,C0033224,,,,N,Y,SH11231200,N,0.00,860.00,0.00,0.00,," SCS263 포스트 부적합  - 현상: 포스트 후면 프레임 조립 M22 볼트 조립 불가, 공구 삽입 불가  - 원인: 후면 보강 플레이트 간격 부적합 / SPEC:68, ACT:76"," - 조치: 1대분 긴급 반출, 태현 ENG 수정 후 19일 입고 예정   - 재발방지 대책서 회신완료",,,N,,,Y,2026-04-27 11:25:56.087000,,,N,,222009,2026-01-29 15:14:09.830000,222009,2026-04-27 11:25:56.087000,,,0
QA2601107,P20,SH11610100,품질관리팀,QC,2026-01-12 00:00:00,2026-01-29 00:00:00,SH00,H03,C0020928-X8,CX411,1.00,B,0,2768600824,C0064095,,,,N,Y,SH11231200,N,0.00,860.00,0.00,0.00,,"   SCS1015 고정식 탑시트 상부커버 부적합  - 현상: C0020928-X8 하위 커버(C0020694) 조립 홀 가공 위치 부적합, 센터 맞지 않음  - 원인: 업체 작업자 실수  ",,,,N,,,Y,2026-04-27 11:26:14.630000,,,N,,222009,2026-01-29 15:31:40.183000,222009,2026-04-27 11:26:14.630000,,,0
QA2601108,P20,SH11610100,품질관리팀,QC,2026-01-28 00:00:00,2026-01-29 00:00:00,SA00,A02,JD1000FSS,ZZZZZ,2.00,B,0,1408188166,D490000,85~86,,,N,Y,SH11231200,N,0.00,860.00,0.00,0.00,,에어블럭 V/V BKT M/T TAP 위치맞지않음.-절곡 반대로 됨,업체 방문  M8 TAP 수정완료,,,N,,,Y,2026-04-17 14:07:07.230000,,,N,,499162,2026-01-29 15:34:07.883000,499162,2026-04-17 14:07:07.230000,2026-03-04 09:26:59.800000,,0
QA2601109,P20,SH11610100,품질관리팀,QC,2026-01-29 00:00:00,2026-01-29 00:00:00,SA00,A02,500000V-JD15070,ZZZZZ,2.00,D,0,6098124002,D490000,#85~86,,,N,Y,SH11610100,N,0.00,860.00,0.00,0.00,,리시버탱크 피팅 입고불량. S/K TEE PT1/2로 입고됨. S:PT1'*1/2'*1',재고분 투입완료. 업체 내용전달후 추가분입고요청함,,,N,,,Y,2026-04-17 14:07:31.517000,,,N,,499162,2026-01-29 18:16:26.397000,499162,2026-04-17 14:07:31.517000,2026-03-04 09:26:59.800000,,0
QA2601110,P20,SH11610100,품질관리팀,QC,2026-01-20 00:00:00,2026-01-30 00:00:00,SH00,H03,J17150,CX205,4.00,D,0,6158528073,C0002710,,,,N,Y,SH11610100,N,0.00,860.00,0.00,0.00,," SCS746 고정식 데릭실린더 하도 도장 불량 - 현상: 센더기 작업시 도장 벗겨짐 - 원인: 도장 전처리 불량 확인됨, 업체 신규 작업자 작업 숙달 미숙 ", - 조치: J17150 26EA 전수검사 중 4대 불량확인/  사내 도장반과 협의하여 재도장 실시 완료 업체 재고 확인 요청 → 16EA 재고 이상없음 * 재발방지 대책서 회신 완료,,,N,,,Y,2026-04-27 11:26:20.293000,,,N,,222009,2026-01-30 08:48:05.487000,222009,2026-04-27 11:26:20.293000,,,0
QA2601111,P20,SH11610100,품질관리팀,QC,2026-01-21 00:00:00,2026-01-30 00:00:00,SH00,H03,CX47220001,CX311,1.00,Q,0,1348161390,C0064095,,,,N,Y,SH11420000,N,0.00,860.00,0.00,0.00,,"SCS1505 로타리조인트 홀 가공 위치 부적합  - 현상: 제관물과 조립 센터 맞지 않아 볼트 삽입 불가 - 원인: 연구소 설계 부적합, 공차 계산 실수 1. 프레임 홀간 거리 : 300 ± 0.2 2. 로타리 홀간 거리 : 301.6 ± 0.5 - 조립 불가 케이스 프레임 MAX 300.2 로타리 MIN 301.1 차이: 0.9mm 부족 ", - 조치: 작키로 로타리조인트 볼트 조립부 축소하여 조립완료,,,N,,,Y,2026-04-27 11:26:25.133000,,,N,,222009,2026-01-30 09:14:48.397000,222009,2026-04-27 11:26:25.133000,,,0
QA2601112,P20,SH11610100,품질관리팀,QC,2026-01-29 00:00:00,2026-01-30 00:00:00,SA00,A01,D701602B,ZZZZZ,1.00,B,0,2088702433,D700000,29,,,N,Y,SH11231200,N,0.00,860.00,0.00,0.00,,오가 가이드 (A)와 (B) 조립시 M/T 홀맞지않음-한쪽으로 쏠림.15번 단품 PLATE 취부용접시 변형됨,업체 반출 수정입고완료.-1/31일,,,N,,,Y,2026-04-17 14:08:04.360000,,,N,,499162,2026-01-30 09:18:13.650000,499162,2026-04-17 14:08:04.360000,2026-03-04 09:26:59.800000,,0
QA2601113,P20,SH11610100,품질관리팀,QC,2026-01-30 00:00:00,2026-01-30 00:00:00,SA00,A07,ES17300,ZZZZZ,1.00,O,0,2068638393,WC10000000,65,,,N,Y,SH11610100,N,0.00,860.00,0.00,0.00,,길이센서 내부 소리남.-내부 볼트 풀림으로 흔들면 달그락거림,업체 화물발송 수리입고완료,,,N,,,Y,2026-04-17 14:08:54.167000,,,N,,499162,2026-01-30 09:26:42.713000,499162,2026-04-17 14:08:54.167000,2026-03-04 09:26:59.800000,,0
QA2601114,P20,SH11610100,품질관리팀,QC,2026-01-28 00:00:00,2026-01-30 00:00:00,SH00,H03,J02014,CK201,7.00,A,0,3051448930,J0X000-M,,,,N,Y,SH11231200,N,0.00,860.00,0.00,0.00,,"SKC1200 BASE HOUSING, 상부 THRUST BUSHING 부적합 - 현상:  BASE HOUSING 상부 BUSHING 핀 조립 불가 - 원인: BUSHING 가공 홀 위치 틀어짐 약(1mm)","- 조치: 자재과 재고 전수검사 20개 中 7개 부적합 확인  1. 두리테크 수정 요청, 택배 발송 완료,  2. 수정입고완료",,,N,,,Y,2026-04-27 11:26:30.693000,,,N,,222009,2026-01-30 09:32:52.623000,222009,2026-04-27 11:26:30.693000,,,0
QA2601115,P20,SH11610100,품질관리팀,QC,2026-01-29 00:00:00,2026-01-30 00:00:00,SH00,H03,J07102,CK201,24.00,D,0,6158528073,J0X000-M,,,,N,Y,SH11220000,N,0.00,860.00,0.00,0.00,,"SKC1200 J07102 스윙 튜브 도장 부적합 - 현상 :도장 벗겨짐 - 원인: 업체 도장 부적합, ","- 사내도장반 2대분(8개) 재도장 진행 → 수정 상태 미흡 → 업체 반출 결정  - 조치: 현장 24개, 자재과 60개, 사내재고 84개 전량 반출 완료 (1/30) - 손실공수: 조립반 분해 조립 1H(6대,24개) / 도장반 재도장 2H(2대,8개) / TOTAL: 3H - 업체 확인 결과: 수산 도장반 적갈색 하도 부적합으로 확인, 적갈색 하도 공정 삭제 후, 수산은 상도만 진행하기로 협의 완료 ",,,N,,,Y,2026-04-27 11:26:36.173000,,,N,,222009,2026-01-30 16:50:16.457000,222009,2026-04-27 11:26:36.173000,,,0
QA2601116,P20,SH11610100,품질관리팀,QC,2026-01-30 00:00:00,2026-01-31 00:00:00,SA00,A02,369300V-JD8E1A1,ZZZZZ,1.00,D,60,7318502133,E1D1-0000000-00,335,,클레임,N,Y,SH11610100,N,0.00,860.00,51600.00,0.00,,가이드 오일호스 파손으로 누유.중간부위 터짐-D65 6*210*3810 5/905 ,업체 신규제작 1/31일 입고완료. 재발 방지 대책서 요청함.현장 교체 및 세척작업 공수 패널티처리예정,,,N,,,Y,2026-04-17 14:08:27.593000,,,N,,499162,2026-01-31 08:28:30.053000,499162,2026-04-17 14:08:27.593000,2026-03-04 09:26:59.800000,,0
QA2601117,P20,SH11610100,품질관리팀,QC,2026-01-31 00:00:00,2026-01-31 00:00:00,SA00,A04,A542104B,ZZZZZ,1.00,B,0,3018133096,A540000,127,,,N,Y,SH11231200,N,0.00,860.00,0.00,0.00,,"사내외주(JJ테크) HAED BOOM 하단 12번 단품 PLATE 취부위치불량으로 FRP COVER 조립불가 S:510mm, A:520mm",사내업체(설우기계) M8 TAP 가공수정 조치완료,,,N,,,Y,2026-04-17 14:09:14.357000,,,N,,499162,2026-01-31 10:21:10.487000,499162,2026-04-17 14:09:14.357000,2026-03-04 09:26:59.800000,,0
QA2601118,P20,SH11610100,품질관리팀,QC,2026-01-31 00:00:00,2026-01-31 00:00:00,SA00,A03,M109201A,ZZZZZ,1.00,D,0,6098124002,WC10000000,65~68,,,N,Y,SH11610100,N,0.00,860.00,0.00,0.00,,"DIVERTER V/V FITTING 입고불량. S:PF3/4*PT3/4 HOSE UNION NIPPLE, A:M/F O-ADAPTER ",재고분 선사용함. 업체 내용전달후 입고완료,,,N,,,Y,2026-04-17 14:14:03.463000,,,N,,499162,2026-01-31 10:32:28.447000,499162,2026-04-17 14:14:03.463000,2026-03-04 09:26:59.800000,,0
QA2601119,P20,SH11610100,품질관리팀,QC,2026-01-30 00:00:00,2026-02-02 00:00:00,SH00,H03,C0032996,CX101,1.00,P,0,1248671687,C0025493,,,,N,Y,SH11420000,N,0.00,860.00,0.00,0.00,R03,"- 현상: 후면 POST, BODY 조립, 볼트 공구 삽입 불가 - 원인: 스프링와셔 용접 비드 간 간섭 발생. 설계 시 작업공구 두께 고려 미흡. 여유 틈 부족(1.8mm) - 조치: 태현ENG 용접 비드 사상 수정 완료, 구매팀 특채 진행","태현ENG 용접 비드 사상 수정 완료, 구매팀 특채 진행",,,N,,,Y,2026-04-27 11:26:41.340000,,,N,,222009,2026-02-02 10:50:20.747000,222009,2026-04-27 11:26:41.340000,,,0
QA2602005,P15,SH11610100,품질관리팀,QO,2026-02-02 00:00:00,2026-02-03 00:00:00,SA00,,,DC201,0.00,Y,0,,J8B1-0000000-00,386,,,N,N,,N,0.00,0.00,0.00,0.00,,특이사항 없음,,,,N,,,N,,N,,N,,421030,2026-02-03 16:41:44.920000,421030,2026-02-09 11:10:36.570000,,,
QA2602006,P15,SH11610100,품질관리팀,QO,2026-02-02 00:00:00,2026-02-03 00:00:00,SA00,,,DC201,0.00,Y,0,,J8B1-0000000-00,392,,,N,N,,N,0.00,0.00,0.00,0.00,,특이사항 없음,,,,N,,,N,,N,,N,,421030,2026-02-03 16:41:44.937000,421030,2026-02-09 11:10:42.993000,,,
QA2602007,P15,SH11610100,품질관리팀,QO,2026-02-03 00:00:00,2026-02-03 00:00:00,SA00,,,DC201,0.00,Y,0,,J8B1-0000000-00,393,,,N,N,,N,0.00,0.00,0.00,0.00,,특이사항 없음,,,,N,,,N,,N,,N,,421030,2026-02-03 16:41:44.953000,421030,2026-02-09 11:10:47.387000,,,
QA2602008,P15,SH11610100,품질관리팀,QO,2026-01-29 00:00:00,2026-02-03 00:00:00,SA00,,,DC201,0.00,Y,0,,J8B1-0000000-00,394,,,N,N,,N,0.00,0.00,0.00,0.00,,특이사항 없음,,,,N,,,N,,N,,N,,421030,2026-02-03 16:41:44.970000,421030,2026-02-09 11:11:08.570000,,,
QA2602009,P15,SH11610100,품질관리팀,QO,2026-01-29 00:00:00,2026-02-03 00:00:00,SA00,,,DC102,0.00,Y,0,,D020000,332,,,N,N,,N,0.00,0.00,0.00,0.00,,특이사항 없음,,,,N,,,N,,N,,N,,421030,2026-02-03 16:41:44.983000,421030,2026-02-09 11:11:13.137000,,,
QA2602010,P15,SH11610100,품질관리팀,QO,2026-01-21 00:00:00,2026-02-03 00:00:00,SA00,,,DC201,0.00,Y,0,,J8B1-0000000-00,391,,,N,N,,N,0.00,0.00,0.00,0.00,,특이사항 없음,,,,N,,,N,,N,,N,,421030,2026-02-03 16:41:45,421030,2026-02-09 11:10:51.150000,,,
QA2602011,P15,SH11610100,품질관리팀,QO,2026-02-03 00:00:00,2026-02-03 00:00:00,SA00,,,SD301,1.00,O,0,,D700000,28,,,N,N,,N,0.00,0.00,0.00,0.00,,MCV 하단 누유 흔적 세척 및 확인 필요,,,,N,,,N,,N,,N,,421030,2026-02-03 16:41:45.017000,421030,2026-02-09 11:02:07.550000,,,
QA2602012,P15,SH11610100,품질관리팀,QO,2026-02-03 00:00:00,2026-02-03 00:00:00,SA00,,,SD301,1.00,O,0,,D700000,28,,,N,N,,N,0.00,0.00,0.00,0.00,,스티커 및 명판 작업 누락,,,,N,,,N,,N,,N,,421030,2026-02-03 16:41:45.030000,421030,2026-02-09 11:02:18.760000,,,
QA2602013,P15,SH11610100,품질관리팀,QO,2026-02-03 00:00:00,2026-02-03 00:00:00,SA00,,,SD301,1.00,O,0,,D700000,28,,,N,N,,N,0.00,0.00,0.00,0.00,,ARC 작동 방향 반대로 되어 있음. 수정 필요,,,,N,,,N,,N,,N,,421030,2026-02-03 16:41:45.047000,421030,2026-02-09 11:01:57.033000,,,
QA2602014,P15,SH11610100,품질관리팀,QO,2026-01-07 00:00:00,2026-02-03 00:00:00,SA00,,,DC108,1.00,H,0,,D490000,82,,,N,N,,N,0.00,0.00,0.00,0.00,,작동유 탱크 커버 상단 재 도장 필요,,,,N,,,N,,N,,N,,421030,2026-02-03 16:41:45.063000,421030,2026-02-09 11:02:22.860000,,,
QA2602015,P15,SH11610100,품질관리팀,QO,2026-01-07 00:00:00,2026-02-03 00:00:00,SA00,,,DC108,1.00,D,0,,D490000,82,,,N,N,,N,0.00,0.00,0.00,0.00,,리시버 탱크 압력게이지 측 누유. 테프론 재 작업 필요,,,,N,,,N,,N,,N,,421030,2026-02-03 16:41:45.077000,421030,2026-02-09 11:02:13.420000,,,
QA2602016,P15,SH11610100,품질관리팀,QO,2026-01-06 00:00:00,2026-02-03 00:00:00,SA00,,,DC102,0.00,Y,0,,D020000,334,,,N,N,,N,0.00,0.00,0.00,0.00,,특이사항 없음,,,,N,,,N,,N,,N,,421030,2026-02-03 16:41:45.093000,421030,2026-02-09 11:11:19.087000,,,
QA2602017,P15,SH11610100,품질관리팀,QO,2026-01-05 00:00:00,2026-02-03 00:00:00,SA00,,,DC303,0.00,Y,0,,D580000,100,,,N,N,,N,0.00,0.00,0.00,0.00,,특이사항 없음,,,,N,,,N,,N,,N,,421030,2026-02-03 16:41:45.110000,421030,2026-02-09 11:11:24.117000,,,
QA2602018,P15,SH11610100,품질관리팀,QO,2026-01-05 00:00:00,2026-02-03 00:00:00,SA00,,,DC201,0.00,Y,0,,J8B1-0000000-00,387,,,N,N,,N,0.00,0.00,0.00,0.00,,특이사항 없음,,,,N,,,N,,N,,N,,421030,2026-02-03 16:41:45.123000,421030,2026-02-09 11:11:30.190000,,,
QA2602019,P15,SH11610100,품질관리팀,QO,2026-01-05 00:00:00,2026-02-03 00:00:00,SA00,,,DC201,0.00,Y,0,,J8B1-0000000-00,390,,,N,N,,N,0.00,0.00,0.00,0.00,,특이사항 없음,,,,N,,,N,,N,,N,,421030,2026-02-03 16:41:45.140000,421030,2026-02-09 11:11:37.120000,,,
QA2602020,P20,SH22101000,생산팀(특장),QC,2026-02-02 00:00:00,2026-02-02 00:00:00,SA00,A01,P021406,ZZZZZ,1.00,P,0,1188121509,P020000,1,,개발 장비 건,,Y,SH24101000,N,0.00,0.00,0.00,0.00,,CAC PIPE 배관 불량,"CAC PIPE 도면확인 이상무.프레임 제관물,라디에터,라디에터 COVER 제관공차,조립공차로 인해 CAC PIPE 길이,각도 편차발생으로 천공기 개발팀과 가조립후 CAC PIPE 도면수정 업체반출 조치완료",,,N,,CAC PIPE M/T HOLE 슬롯타입으로 XXX XXX,Y,2026-04-17 14:13:07.060000,,,N,,421029,2026-02-04 10:27:31.560000,499162,2026-04-17 14:13:07.060000,2026-02-10 08:28:54.160000,,
QA2602021,P20,SH22101000,생산팀(특장),QC,2026-02-02 00:00:00,2026-02-02 00:00:00,SA00,A03,M105300B,ZZZZZ,1.00,A,0,1240395293,WC10000000,64,,클레임-재도장비용,,Y,SH11610100,N,0.00,0.00,0.00,0.00,,하부 조작 OPERRATION LINK PIN HOLE 누락,"신규제작 입고완료, 재도장 비용 패널티처리예정",,,N,,,Y,2026-04-17 14:16:11.570000,,,N,,421029,2026-02-04 10:30:20.080000,499162,2026-04-17 14:16:11.570000,2026-02-07 08:58:41.343000,,
QA2602022,P20,SH22101000,생산팀(특장),QC,2026-02-02 00:00:00,2026-02-02 00:00:00,SA00,A03,ES21900,ZZZZZ,1.00,I,0,6038139467,WC10000000,61,,,N,Y,SH22101000,N,0.00,0.00,0.00,0.00,,"데릭실린더 rod부 압력센서 파손, 3라인 실린더 조립중 파손추정",생산팀 손망실보고서 작성 및 자재팀 부품 por진행 수급 요청후 교체완료,,,N,,,Y,2026-04-17 14:14:32.337000,,,N,,421029,2026-02-04 10:33:19.880000,499162,2026-04-17 14:14:32.337000,2026-02-07 08:58:41.343000,,
QA2602023,P20,SH22101000,생산팀(특장),QC,2026-02-03 00:00:00,2026-02-03 00:00:00,SA00,A07,6330015-011024M,ZZZZZ,1.00,E,0,1013293521,D020000,336,,,,Y,SH11610100,N,0.00,0.00,0.00,0.00,,평형혼 소리갈라짐,재고분 선투입완료.업체 교체품 입고완료,,,N,,,Y,2026-04-17 14:13:33.100000,,,N,,421029,2026-02-04 10:35:42.923000,499162,2026-04-17 14:13:33.100000,2026-02-10 08:28:54.160000,,
QA2602024,P20,SH22101000,생산팀(특장),QC,2026-02-02 00:00:00,2026-02-06 00:00:00,SA00,A02,D6J1-1000000-00,ZZZZZ,1.00,A,0,1248131958,E1D1-0000000-00,336,,,,Y,SH22101000,N,0.00,0.00,0.00,0.00,,가이드(센트럴라이즈)측 STEEL PLATE 모서리 절단 불량,플라즈마 절단 불량으로 자작제관 용접 수정작업완료,,,N,,,Y,2026-04-17 14:15:46.243000,,,N,,422001,2026-02-06 11:24:53.313000,499162,2026-04-17 14:15:46.243000,2026-02-06 16:43:10.020000,,
QA2602025,P20,SH22101000,생산팀(특장),QC,2026-02-02 00:00:00,2026-02-07 00:00:00,SA00,A02,DR02300,DC101,1.00,D,60,1398106150,T1D1-0000000-00,389,,클레임,,Y,SH11610100,N,0.00,0.00,0.00,0.00,,ARC밸브 막음처리 플러그 측 누유,ROD CHANGER BLOCK(DR02300) CK1 PT1/4 가공시 깊이 TAP 가공불량으로 플러그 현장 재고분 교체후 누유없음 확인.점검 및 조치공수 업체 내용전달후 패널티처리예정. 구매팀 특채처리 요청함,,,N,,,Y,2026-04-17 14:18:18.717000,,,N,,422001,2026-02-07 10:27:48.393000,499162,2026-04-17 14:18:18.717000,2026-02-10 08:28:54.160000,,
QA2602026,P20,SH22101000,생산팀(특장),QC,2026-02-03 00:00:00,2026-02-09 00:00:00,SA00,A02,D493300M,ZZZZZ,1.00,B,0,3128180264,D490000,85,,,,Y,SH11231200,N,0.00,0.00,0.00,0.00,,본넷 상부 커버 고정 BKT 1EA 취부누락,업체 고정 BKT 제작후 방문수정조치완료,,,N,,,Y,2026-04-18 08:58:31.497000,,,N,,422001,2026-02-09 08:50:23.320000,499162,2026-04-18 08:58:31.497000,2026-02-10 08:28:54.160000,,
QA2602027,P20,SH22101000,생산팀(특장),QC,2026-02-03 00:00:00,2026-02-09 00:00:00,SA00,A01,A043101C,ZZZZZ,1.00,Q,0,1248131958,A060000,32,,,,Y,SH24103000,N,0.00,0.00,0.00,0.00,,"주행모터 M/T BOLT 간섭, M/T 가공면이 C 누락으로 주행모터가  한쪽 공간 발생","도면상 프레임 C처리 누락이며 주행모터는 R2값이 되어있어 모터조립시 틈새발생됩니다. 현장 수정 진행 완료 및 설계팀 담당자분 도면C처리 표기수정 설변 진행 요청, 전기종 확인",,,N,,,Y,2026-04-18 08:58:57.117000,,,N,,422001,2026-02-09 08:55:20.683000,499162,2026-04-18 08:58:57.117000,2026-02-10 08:28:54.160000,,
QA2602028,P20,SH22101000,생산팀(특장),QC,2026-02-03 00:00:00,2026-02-09 00:00:00,SA00,A07,A548403,ZZZZZ,2.00,E,0,1308687694,A540000,127~128,,클레임,,Y,SH11231200,N,0.00,0.00,0.00,0.00,,LOW전기박스 선회각도 리셋 스위치 접점방향 반대로 연결됨,공정 셋팅작업지연으로 현장수정조칭함. 업체(한경전자) 작업불량 내용전달완료.작업공수 패널티처리예정,,,N,,XXX XXX 59 XXX XXX XXX XXX XXX XXX XXX 임.,Y,2026-04-18 09:06:23.763000,,,N,,422001,2026-02-09 09:53:40.230000,499162,2026-04-18 09:06:23.763000,2026-02-10 08:28:54.160000,,
QA2602029,P20,SH22101000,생산팀(특장),QC,2026-02-03 00:00:00,2026-02-09 00:00:00,SA00,A07,EE14600 ,ZZZZZ,1.00,E,0,1668601996,WC10000000,61,,,,Y,SH11610100,N,0.00,0.00,0.00,0.00,,후방감지센서 분배기 접속부 배선단락발생,업체(에이블텍) 품번 EE14600 불량내용전달완료했으며 추후호기 납품전 확인요청. #61는 현장조치완료,,,N,,,Y,2026-04-18 09:07:11.407000,,,N,,422001,2026-02-09 10:02:40.210000,499162,2026-04-18 09:07:11.407000,2026-02-10 08:28:54.160000,,
QA2602030,P20,SH11610100,품질관리팀,QO,2026-01-07 00:00:00,2026-01-07 00:00:00,SH00,H01,,CX104,0.00,Y,0,,C0028763,68,2026-01-07 00:00:00,,N,N,,N,0.00,0.00,0.00,0.00,,,,,,N,,,Y,2026-04-27 11:26:57.153000,N,,N,,222009,2026-02-09 16:40:22.290000,222009,2026-04-27 11:26:57.153000,,,
QA2602031,P20,SH11610100,품질관리팀,QO,2026-01-07 00:00:00,2026-02-09 00:00:00,SH00,H01,,CX301,0.00,Y,0,,F31001,21177,2026-01-07 00:00:00,,N,N,,N,0.00,0.00,0.00,0.00,,,,,,N,,,Y,2026-04-27 11:28:32.603000,N,,N,,222009,2026-02-09 16:40:22.307000,222009,2026-04-27 11:28:32.603000,,,
QA2602033,P15,SH11610100,품질관리팀,QO,2025-01-08 00:00:00,2026-02-09 00:00:00,SH00,H03,,CX319,0.00,,0,,CX50010001,9,2026-01-08 00:00:00,,N,N,,N,0.00,0.00,0.00,0.00,,,,,,N,,,N,,N,,N,,222009,2026-02-09 16:40:22.337000,222009,2026-02-09 17:41:49.783000,,,
QA2602034,P20,SH11610100,품질관리팀,QO,2026-01-09 00:00:00,2026-02-09 00:00:00,SH00,H01,,CX205,0.00,Y,0,,J11000,4659,2026-01-09 00:00:00,,N,N,,N,0.00,0.00,0.00,0.00,,,,,,N,,,Y,2026-04-27 11:28:37.497000,N,,N,,222009,2026-02-09 16:40:22.353000,222009,2026-04-27 11:28:37.497000,,,
QA2602035,P20,SH11610100,품질관리팀,QO,2026-01-09 00:00:00,2026-02-09 00:00:00,SH00,H01,,CX205,0.00,Y,0,,J11000,4660,2026-01-09 00:00:00,,N,N,,N,0.00,0.00,0.00,0.00,,,,,,N,,,Y,2026-04-27 11:28:42.107000,N,,N,,222009,2026-02-09 16:40:22.370000,222009,2026-04-27 11:28:42.107000,,,
QA2602036,P20,SH11610100,품질관리팀,QO,2026-01-09 00:00:00,2026-02-09 00:00:00,SH00,H03,,CX205,0.00,Y,0,,C0002710,4894,2026-01-09 00:00:00,,N,N,,N,0.00,0.00,0.00,0.00,,,,,,N,,,Y,2026-04-27 11:28:49.183000,N,,N,,222009,2026-02-09 16:40:22.383000,222009,2026-04-27 11:28:49.183000,,,
QA2602037,P20,SH11610100,품질관리팀,QO,2026-01-09 00:00:00,2026-02-09 00:00:00,SH00,H03,,CX205,0.00,Y,0,,J11T20,51,2026-01-09 00:00:00,,N,N,,N,0.00,0.00,0.00,0.00,,,,,,N,,,Y,2026-04-27 11:28:53.997000,N,,N,,222009,2026-02-09 16:40:22.400000,222009,2026-04-27 11:28:53.997000,,,
QA2602038,P20,SH11610100,품질관리팀,QO,2026-01-09 00:00:00,2026-02-09 00:00:00,SH00,H03,,CX205,0.00,Y,0,,J11S20,121,2026-01-09 00:00:00,,N,N,,N,0.00,0.00,0.00,0.00,,,,,,N,,,Y,2026-04-27 11:28:59.253000,N,,N,,222009,2026-02-09 16:40:22.417000,222009,2026-04-27 11:28:59.253000,,,
QA2602039,P20,SH11610100,품질관리팀,QO,2026-01-09 00:00:00,2026-02-09 00:00:00,SH00,H01,,CX319,0.00,Y,0,,CX50100001,11,2026-01-09 00:00:00,,N,N,,N,0.00,0.00,0.00,0.00,,,,,,N,,,Y,2026-04-27 11:29:05.400000,N,,N,,222009,2026-02-09 16:40:22.430000,222009,2026-04-27 11:29:05.400000,,,
QA2602040,P20,SH11610100,품질관리팀,QO,2026-01-12 00:00:00,2026-02-09 00:00:00,SH00,H01,,CX301,0.00,Y,0,,F31001,21178,2026-01-07 00:00:00,,N,N,,N,0.00,0.00,0.00,0.00,,,,,,N,,,Y,2026-04-27 11:29:12.117000,N,,N,,222009,2026-02-09 16:40:22.447000,222009,2026-04-27 11:29:12.117000,,,
QA2602041,P20,SH11610100,품질관리팀,QO,2026-01-09 00:00:00,2026-02-09 00:00:00,SH00,H01,,CX205,0.00,Y,0,,J11000,4661,2026-01-09 00:00:00,,N,N,,N,0.00,0.00,0.00,0.00,,,,,,N,,,Y,2026-04-27 11:29:18.020000,N,,N,,222009,2026-02-09 16:40:22.463000,222009,2026-04-27 11:29:18.020000,,,
QA2602042,P20,SH11610100,품질관리팀,QO,2026-01-12 00:00:00,2026-02-09 00:00:00,SH00,H03,,CX205,0.00,Y,0,,C0029578,4857,2026-01-12 00:00:00,,N,N,,N,0.00,0.00,0.00,0.00,,,,,,N,,,Y,2026-04-27 11:29:23.700000,N,,N,,222009,2026-02-09 16:40:22.477000,222009,2026-04-27 11:29:23.700000,,,
QA2602043,P20,SH11610100,품질관리팀,QO,2026-01-12 00:00:00,2026-02-09 00:00:00,SH00,H03,,CX301,0.00,Y,0,,M0001015,1142,2026-01-12 00:00:00,,N,N,,N,0.00,0.00,0.00,0.00,,,,,,N,,,Y,2026-04-27 11:29:27.900000,N,,N,,222009,2026-02-09 16:40:22.493000,222009,2026-04-27 11:29:27.900000,,,
QA2602044,P20,SH11610100,품질관리팀,QO,2026-01-13 00:00:00,2026-02-09 00:00:00,SH00,H03,,CX301,0.00,Y,0,,M0001015,1143,2026-01-13 00:00:00,,N,N,,N,0.00,0.00,0.00,0.00,,,,,,N,,,Y,2026-04-27 11:29:32.517000,N,,N,,222009,2026-02-09 16:40:22.510000,222009,2026-04-27 11:29:32.517000,,,
QA2602045,P20,SH11610100,품질관리팀,QO,2026-01-13 00:00:00,2026-02-09 00:00:00,SH00,H01,,CX301,0.00,Y,0,,F31001,21181,2026-01-13 00:00:00,,N,N,,N,0.00,0.00,0.00,0.00,,,,,,N,,,Y,2026-04-27 11:29:36.683000,N,,N,,222009,2026-02-09 16:40:22.523000,222009,2026-04-27 11:29:36.683000,,,
QA2602046,P20,SH11610100,품질관리팀,QO,2026-01-13 00:00:00,2026-02-09 00:00:00,SH00,H01,,CX301,0.00,Y,0,,F31001,21182,2026-01-13 00:00:00,,N,N,,N,0.00,0.00,0.00,0.00,,,,,,N,,,Y,2026-04-27 11:29:41.177000,N,,N,,222009,2026-02-09 16:40:22.540000,222009,2026-04-27 11:29:41.177000,,,
QA2602047,P20,SH11610100,품질관리팀,QO,2026-01-14 00:00:00,2026-02-09 00:00:00,SH00,H01,,CX205,0.00,Y,0,,J11000,4657,2026-01-14 00:00:00,,N,N,,N,0.00,0.00,0.00,0.00,,,,,,N,,,Y,2026-04-27 11:29:46.440000,N,,N,,222009,2026-02-09 16:40:22.557000,222009,2026-04-27 11:29:46.440000,,,
QA2602048,P20,SH11610100,품질관리팀,QO,2026-01-16 00:00:00,2026-02-09 00:00:00,SH00,H03,,CX301,0.00,Y,0,,C0020614,1141,2026-01-16 00:00:00,,N,N,,N,0.00,0.00,0.00,0.00,,,,,,N,,,Y,2026-04-27 11:29:56.060000,N,,N,,222009,2026-02-09 16:40:22.570000,222009,2026-04-27 11:29:56.060000,,,
QA2602049,P20,SH11610100,품질관리팀,QO,2026-01-20 00:00:00,2026-02-09 00:00:00,SH00,H01,,CX301,0.00,Y,0,,F31001,21185,2026-01-20 00:00:00,,N,N,,N,0.00,0.00,0.00,0.00,,,,,,N,,,Y,2026-04-27 11:29:51.670000,N,,N,,222009,2026-02-09 16:40:22.587000,222009,2026-04-27 11:29:51.670000,,,
QA2602050,P20,SH11610100,품질관리팀,QO,2026-01-21 00:00:00,2026-02-09 00:00:00,SH00,H01,,CX302,0.00,Y,0,,F41000,161,2026-01-21 00:00:00,,N,N,,N,0.00,0.00,0.00,0.00,,,,,,N,,,Y,2026-04-27 11:30:01.163000,N,,N,,222009,2026-02-09 16:40:22.603000,222009,2026-04-27 11:30:01.163000,,,
QA2602051,P20,SH11610100,품질관리팀,QO,2026-01-16 00:00:00,2026-02-09 00:00:00,SH00,H03,,CX301,0.00,Y,0,,C0020614,1129,2026-01-16 00:00:00,,N,N,,N,0.00,0.00,0.00,0.00,,,,,,N,,,Y,2026-04-27 11:30:05.197000,N,,N,,222009,2026-02-09 16:40:22.620000,222009,2026-04-27 11:30:05.197000,,,
QA2602052,P20,SH11610100,품질관리팀,QO,2026-01-16 00:00:00,2026-02-09 00:00:00,SH00,H03,,CX301,0.00,Y,0,,C0020614,1137,2026-01-16 00:00:00,,N,N,,N,0.00,0.00,0.00,0.00,,,,,,N,,,Y,2026-04-27 11:30:09.707000,N,,N,,222009,2026-02-09 16:40:22.633000,222009,2026-04-27 11:30:09.707000,,,
QA2602053,P20,SH11610100,품질관리팀,QO,2026-01-16 00:00:00,2026-02-09 00:00:00,SH00,H03,,CX301,0.00,Y,0,,C0020614,1136,2026-01-16 00:00:00,,N,N,,N,0.00,0.00,0.00,0.00,,,,,,N,,,Y,2026-04-27 11:30:14.150000,N,,N,,222009,2026-02-09 16:40:22.650000,222009,2026-04-27 11:30:14.150000,,,
QA2602054,P20,SH11610100,품질관리팀,QO,2026-01-16 00:00:00,2026-02-09 00:00:00,SH00,H03,,CX301,0.00,Y,0,,C0020614,1140,2026-01-16 00:00:00,,N,N,,N,0.00,0.00,0.00,0.00,,,,,,N,,,Y,2026-04-27 11:30:19,N,,N,,222009,2026-02-09 16:40:22.667000,222009,2026-04-27 11:30:19,,,
QA2602055,P20,SH11610100,품질관리팀,QO,2026-01-16 00:00:00,2026-02-09 00:00:00,SH00,H03,,CX301,0.00,Y,0,,C0020614,1139,2026-01-16 00:00:00,,N,N,,N,0.00,0.00,0.00,0.00,,,,,,N,,,Y,2026-04-27 11:30:24.573000,N,,N,,222009,2026-02-09 16:40:22.680000,222009,2026-04-27 11:30:24.573000,,,
QA2602056,P20,SH11610100,품질관리팀,QO,2026-01-16 00:00:00,2026-02-09 00:00:00,SH00,H03,,CX301,0.00,Y,0,,C0020614,1138,2026-01-16 00:00:00,,N,N,,N,0.00,0.00,0.00,0.00,,,,,,N,,,Y,2026-04-27 11:30:28.853000,N,,N,,222009,2026-02-09 16:40:22.697000,222009,2026-04-27 11:30:28.853000,,,
QA2602057,P20,SH11610100,품질관리팀,QO,2026-01-19 00:00:00,2026-02-09 00:00:00,SH00,H01,,CX301,0.00,Y,0,,F31001,21183,2026-01-19 00:00:00,,N,N,,N,0.00,0.00,0.00,0.00,,,,,,N,,,Y,2026-04-27 11:30:41.010000,N,,N,,222009,2026-02-09 16:40:22.713000,222009,2026-04-27 11:30:41.010000,,,
QA2602058,P20,SH11610100,품질관리팀,QO,2026-01-19 00:00:00,2026-02-09 00:00:00,SH00,H01,,CX301,0.00,Y,0,,F31001,21180,2026-01-19 00:00:00,,N,N,,N,0.00,0.00,0.00,0.00,,,,,,N,,,Y,2026-04-27 11:30:48.890000,N,,N,,222009,2026-02-09 16:40:22.727000,222009,2026-04-27 11:30:48.890000,,,
QA2602059,P20,SH11610100,품질관리팀,QO,2026-01-19 00:00:00,2026-02-09 00:00:00,SH00,H01,,CX301,0.00,Y,0,,F31001,21184,2026-01-19 00:00:00,,N,N,,N,0.00,0.00,0.00,0.00,,,,,,N,,,Y,2026-04-27 11:30:53.363000,N,,N,,222009,2026-02-09 16:40:22.743000,222009,2026-04-27 11:30:53.363000,,,
QA2602060,P20,SH11610100,품질관리팀,QO,2026-01-20 00:00:00,2026-02-09 00:00:00,SH00,H01,,CX301,0.00,Y,0,,F31001,21179,2026-01-20 00:00:00,,N,N,,N,0.00,0.00,0.00,0.00,,,,,,N,,,Y,2026-04-27 11:30:58.550000,N,,N,,222009,2026-02-09 16:40:22.760000,222009,2026-04-27 11:30:58.550000,,,
QA2602061,P20,SH11610100,품질관리팀,QO,2026-01-21 00:00:00,2026-02-09 00:00:00,SH00,H01,,CX302,0.00,Y,0,,F41000,162,2026-01-21 00:00:00,,N,N,,N,0.00,0.00,0.00,0.00,,,,,,N,,,Y,2026-04-27 11:31:03.220000,N,,N,,222009,2026-02-09 16:40:22.773000,222009,2026-04-27 11:31:03.220000,,,
QA2602062,P20,SH11610100,품질관리팀,QO,2026-01-21 00:00:00,2026-02-09 00:00:00,SH00,H01,,CX302,0.00,Y,0,,F41000,163,2026-01-21 00:00:00,,N,N,,N,0.00,0.00,0.00,0.00,,,,,,N,,,Y,2026-04-27 11:31:14.297000,N,,N,,222009,2026-02-09 16:40:22.790000,222009,2026-04-27 11:31:14.297000,,,
QA2602063,P20,SH11610100,품질관리팀,QO,2026-01-27 00:00:00,2026-02-09 00:00:00,SH00,H01,,CX315,0.00,Y,0,,F61001,185,2026-01-27 00:00:00,,N,N,,N,0.00,0.00,0.00,0.00,,,,,,N,,,Y,2026-04-27 11:31:19.627000,N,,N,,222009,2026-02-09 16:40:22.807000,222009,2026-04-27 11:31:19.627000,,,
QA2602064,P20,SH11610100,품질관리팀,QO,2026-01-29 00:00:00,2026-02-09 00:00:00,SH00,H01,,CX312,0.00,Y,0,,CX47100001,3,2026-01-29 00:00:00,,N,N,,N,0.00,0.00,0.00,0.00,,,,,,N,,,Y,2026-04-27 11:31:24.590000,N,,N,,222009,2026-02-09 16:40:22.820000,222009,2026-04-27 11:31:24.590000,,,
QA2602065,P20,SH11610100,품질관리팀,QO,2026-01-29 00:00:00,2026-02-09 00:00:00,SH00,H01,,CX312,0.00,Y,0,,CX47100001,4,2026-01-29 00:00:00,,N,N,,N,0.00,0.00,0.00,0.00,,,,,,N,,,Y,2026-04-27 11:31:29.607000,N,,N,,222009,2026-02-09 16:40:22.837000,222009,2026-04-27 11:31:29.607000,,,
QA2602066,P20,SH11610100,품질관리팀,QO,2026-01-30 00:00:00,2026-02-09 00:00:00,SH00,H01,,CX205,0.00,Y,0,,C0002710,4658,2026-01-30 16:29:32,,N,N,,N,0.00,0.00,0.00,0.00,,,,,,N,,,Y,2026-04-27 11:31:33.850000,N,,N,,222009,2026-02-09 16:40:22.853000,222009,2026-04-27 11:31:33.850000,,,
QA2602067,P20,SH11610100,품질관리팀,QO,2026-01-30 00:00:00,2026-02-09 00:00:00,SH00,H03,,CX205,0.00,Y,0,,J11S20,56,2026-01-30 00:00:00,,N,N,,N,0.00,0.00,0.00,0.00,,,,,,N,,,Y,2026-04-27 11:31:38.450000,N,,N,,222009,2026-02-09 16:40:22.870000,222009,2026-04-27 11:31:38.450000,,,
QA2602068,P20,SH11610100,품질관리팀,QO,2026-01-30 00:00:00,2026-02-09 00:00:00,SH00,H03,,CX315,0.00,Y,0,,F64750,124,2026-01-30 00:00:00,,N,N,,N,0.00,0.00,0.00,0.00,,,,,,N,,,Y,2026-04-27 11:31:47.780000,N,,N,,222009,2026-02-09 16:40:22.883000,222009,2026-04-27 11:31:47.780000,,,
QA2602069,P20,SH11610100,품질관리팀,QO,2026-01-07 00:00:00,2026-02-09 00:00:00,SH00,H01,,CX104,0.00,Y,0,,C0028763,69,2026-01-07 00:00:00,,N,N,,N,0.00,0.00,0.00,0.00,,,,,,N,,,Y,2026-04-27 11:31:52.477000,N,,N,,222009,2026-02-09 16:40:22.900000,222009,2026-04-27 11:31:52.477000,,,
QA2602070,P20,SH22101000,생산팀(특장),QC,2026-02-04 00:00:00,2026-02-09 00:00:00,SA00,A02,D8J3-3318000-01,ZZZZZ,1.00,B,0,3128180264,E1D1-0000000-00,335,,,,Y,SH11231200,N,0.00,0.00,0.00,0.00,,본넷 B SIDE PANNEL COVER 매이 고리 안 걸림,본넷 밧데리 도어 내측 보강PLATE변형으로 업체(대신기업)  수정조치완료,,,N,,XXX XXX 중 XXX XXX,Y,2026-05-07 15:27:41.927000,,,N,,422001,2026-02-09 16:53:57.457000,421029,2026-05-07 15:27:41.927000,2026-02-10 08:28:54.160000,,
QA2602071,P20,SH22101000,생산팀(특장),QC,2026-02-04 00:00:00,2026-02-09 00:00:00,SA00,A02,D263348B,ZZZZZ,2.00,A,0,1408131509,D490000,85~86,,,,Y,SH11231200,N,0.00,0.00,0.00,0.00,,BONNET REST M10 탭 누락,업체(서린메탈) M10 TAP 가공누락으로 익일 오전중 방문수정 조치완료,,,N,,,Y,2026-05-07 15:27:47.113000,,,N,,422001,2026-02-09 16:59:31.323000,421029,2026-05-07 15:27:47.113000,2026-02-10 08:28:54.160000,,
QA2602072,P20,SH11610100,품질관리팀,QO,2026-01-08 00:00:00,2026-02-09 00:00:00,SH00,H03,,CX319,0.00,Y,0,,CX50010001,8,2026-01-08 18:05:33,,N,N,,N,0.00,0.00,0.00,0.00,,,,,,N,,,Y,2026-04-27 11:32:05.767000,N,,N,,222009,2026-02-09 18:05:59.210000,222009,2026-04-27 11:32:05.767000,,,
QA2602073,P20,SH22101000,생산팀(특장),QC,2026-02-04 00:00:00,2026-02-10 00:00:00,SA00,A07,JD1300ERSS-1,ZZZZZ,1.00,A,0,1248131958,J8B1-0000000-00,395,,,,Y,SH22101000,N,0.00,0.00,0.00,0.00,,POWER UNIT 플레이트 볼트탭 헛돔 (J8B1-3202050-07),재탭작업시 피치 산마모되어 헐거워져 볼트 헐거움 자주발생하므로 현장 홀5파이 가공후 맞 볼팅 조치 완료,,,N,, M4 TAP XXX 5XXX HOLE XXX 설계개선필요. ,Y,2026-04-18 09:11:10.643000,,,N,,422001,2026-02-10 11:12:00.507000,499162,2026-04-18 09:11:10.643000,2026-02-10 18:24:04.597000,,
QA2602074,P20,SH22101000,생산팀(특장),QC,2026-02-05 00:00:00,2026-02-10 00:00:00,SA00,A07,EW07210,ZZZZZ,1.00,E,30,1308687694,WC10000000,62,,클레임,,Y,SH11231200,N,0.00,0.00,0.00,0.00,,"하부박스 IN릴레이 전원부 배선불량, 배선 수정 후 테스트 완료상태 in  릴레이 +,- 전원이 한곳에 물려있어서 컨트롤러 오동작 발생",업체(한경전자) 내용전달후 현장조치완료. 점검 및 조치공수 패널티처리함,,,N,,,Y,2026-04-18 09:11:44.323000,,,N,,422001,2026-02-10 11:54:30.497000,499162,2026-04-18 09:11:44.323000,2026-02-10 18:24:04.597000,,
QA2602075,P20,SH22101000,생산팀(특장),QC,2026-02-05 00:00:00,2026-02-10 00:00:00,SA00,A07,ES26200,ZZZZZ,1.00,E,30,1668601996,WC10000000,64,,클레임,,Y,SH11610100,N,0.00,0.00,0.00,0.00,,후방감지센서 인디게이터케이블 콘넥터부 배선단락 발생,업체(에이블텍) 품번 ES26200 배선불량건 커넥터 작업해서 추가 연장케이블 업체발송함.현장 확인점검 및 수정공수 패널티처리함,,,N,,,Y,2026-04-18 09:12:24.260000,,,N,,422001,2026-02-10 11:56:26.420000,499162,2026-04-18 09:12:24.260000,2026-02-10 18:24:04.597000,,
QA2602076,P20,SH22101000,생산팀(특장),QC,2026-02-05 00:00:00,2026-02-10 00:00:00,SA00,A01,M106175B,ZZZZZ,1.00,A,0,1348149488,WC10000000,72,,,,Y,SH11231200,N,0.00,0.00,0.00,0.00,,"BOOM SHEAVE SPACER 1EA 가공불량.S:50.7mm, A:49.6mm",PIN 조립불가로 업체(JM) 교체품 입고완료 ,,,N,,,Y,2026-04-18 09:12:48.610000,,,N,,422001,2026-02-10 13:51:01.267000,499162,2026-04-18 09:12:48.610000,2026-02-10 18:24:04.597000,,
QA2602077,P20,SH22101000,생산팀(특장),QC,2026-02-05 00:00:00,2026-02-10 00:00:00,SA00,A02,D323430,ZZZZZ,1.00,B,0,1348149488,J8B1-0000000-00,397,,,,Y,SH24101000,N,0.00,0.00,0.00,0.00,,COMP FLANGE 상하 용접방향 틀어짐,업체(JM) 익일 누유테스트후 신품입고완료 도면상 취부치수표기 누락으로 설계팀 담당자분은 도면수정요함,,,N,,,Y,2026-04-18 09:15:02.730000,,,N,,422001,2026-02-10 13:55:25.407000,499162,2026-04-18 09:15:02.730000,2026-02-10 18:24:04.597000,,
QA2602078,P20,SH22101000,생산팀(특장),QC,2026-02-06 00:00:00,2026-02-10 00:00:00,SA00,A04,D028220,ZZZZZ,1.00,H,0,1248131958,T1D1-0000000-00,391,,사내도장 불량,,Y,SH22101000,N,0.00,0.00,0.00,0.00,,로테이터 실린더 미세누유 발생. 도장마스킹 미제거로 로드 씰패킹부 삽입되어 오일누유됨.,도장마스킹 제거 후 미세누유 계속 발생되어 생산팀  손망실보고서 작성하여 관련부서 배포 완료  생산팀 중앙도장 내용 전달 및 주의 요청하였으며 교체품 입고완료.현장교체후 고품 업체발송 수리입고완료,,,N,,,Y,2026-04-18 09:16:09.703000,,,N,,422001,2026-02-10 14:08:12.073000,499162,2026-04-18 09:16:09.703000,2026-02-12 14:29:56.783000,,
QA2602079,P20,SH11610100,품질관리팀,QC,2026-02-10 00:00:00,2026-02-11 00:00:00,SH00,H01,L97120,CX214,1.00,D,0,6158528073,C0018763,,,,N,Y,SH11610100,N,0.00,860.00,0.00,0.00,,"- 현상: SCS887ACE 2,3단붐 동시 인출, 작동 검사 수회 반복 후 증상 사라짐 - 원인: 시퀀스 밸브 불량 추정",1. 부적합 재발 우려되어 분해 후 반출 결정 2. 재테스트 후 입고 예정,,,N,,,Y,2026-04-27 11:32:09.707000,,,N,,222009,2026-02-11 15:28:47.140000,222009,2026-04-27 11:32:09.707000,,,0
QA2602080,P20,SH11610100,품질관리팀,QC,2026-02-11 00:00:00,2026-02-11 00:00:00,SH00,H03,C0032996,CX101,1.00,B,180,1248671687,C0025493,,,,N,Y,SH11231200,Y,4480.00,860.00,159280.00,0.00,R03,"- 현상: 바디윈치 드럼, 포스트 바닥면과 간섭 - 원인: Spec : 내측각도 96도 / 외측각도 84도         Act : 내측각도 100도 / 외측각도 80도         4도 차이 발생 C0032996-03","1. 업체 반출 수정 예정 2.  클레임 진행      공임비 : 분해작업 3H       부품비: 4004262   BOLT,HEX/M16XP2.0XL55-12.9 7개 프레임 조립 볼트 / 개당 640원",,,N,,,Y,2026-04-27 11:32:15.207000,,,N,,222009,2026-02-11 15:38:56.793000,222009,2026-04-27 11:32:15.207000,,,0
QA2602081,P20,SH22101000,생산팀(특장),QC,2026-02-06 00:00:00,2026-02-12 00:00:00,SA00,A03,5201400-4112112,ZZZZZ,1.00,D,0,3148134198,WC10000000,64,,클레임,,Y,SH11610100,N,0.00,0.00,0.00,0.00,,탱크 셕션호스와체결되는 45도 1 1/2 호스아답타 내경이 불량,신품 긴급 입고완료(현장피팅점검및 호스 교체작업 패널티 처리예정).업체방문 27대분 피팅 교체작업완료,,,N,,,Y,2026-04-18 09:16:42.147000,,,N,,422001,2026-02-12 08:36:33.477000,499162,2026-04-18 09:16:42.147000,2026-03-04 09:22:09.337000,,
QA2602083,P20,SH22101000,생산팀(특장),QC,2026-02-03 00:00:00,2026-02-12 00:00:00,SA00,A01,A062308,AT101,1.00,M,0,1248131958,A06SH00,32,,,,Y,SH22101000,N,0.00,0.00,0.00,0.00,,에어크리너 밴드 미입고,"BOM 누락으로 추가발주 진행, 입고완료",,,N,,,Y,2026-04-18 09:17:20.760000,,,N,,422001,2026-02-12 08:57:25.343000,499162,2026-04-18 09:17:20.760000,2026-02-12 14:29:56.783000,,
QA2602084,P20,SH22101000,생산팀(특장),QC,2026-02-03 00:00:00,2026-02-12 00:00:00,SA00,A02,,,1.00,H,0,,D490000,85,,사내도장불량,,Y,SH22101000,N,0.00,0.00,0.00,0.00,,캐빈 조종석 BKT 도장 불량,사내수정 도장 진행 완료,,,N,,,Y,2026-04-18 09:17:31.197000,,,N,,422001,2026-02-12 08:59:21.783000,499162,2026-04-18 09:17:31.197000,2026-02-23 14:18:48.980000,,
QA2602085,P20,SH22101000,생산팀(특장),QC,2026-02-03 00:00:00,2026-02-12 00:00:00,SA00,A04,M101304A,ZZZZZ,2.00,B,0,1348149488,WC10000000,66~72,,,,Y,SH11231200,N,0.00,0.00,0.00,0.00,,언더리프트 실린더 링크에 서포트 삽입 불가 현상 재발생  확인 수량 2EA,반출하여 수정 완료,,,N,,XXX XXX XXX (XXX XXX),Y,2026-05-07 15:27:50.060000,,,N,,422001,2026-02-12 09:01:29.173000,421029,2026-05-07 15:27:50.060000,2026-03-04 09:22:09.337000,,
QA2602087,P20,SH22101000,생산팀(특장),QC,2026-02-04 00:00:00,2026-02-12 00:00:00,SA00,A03,M101307C,ZZZZZ,1.00,B,0,1408188166,WC10000000,64,,,,Y,SH11231200,N,0.00,0.00,0.00,0.00,,아웃트리거 조작레버 BKT 조립부 프레임 하부 내폭불량 ,사내수정 조치완료,,,N,,XXX XXX BKT XXX XXX XXX,Y,2026-05-07 15:27:52.807000,,,N,,422001,2026-02-12 09:05:19.887000,421029,2026-05-07 15:27:52.807000,2026-03-04 09:22:09.337000,,
QA2602088,P20,SH22101000,생산팀(특장),QC,2026-02-05 00:00:00,2026-02-12 00:00:00,SA00,A02,,,2.00,H,0,,D490000,85~86,,,,Y,SH22101000,N,0.00,0.00,0.00,0.00,,"연료탱크 상부커버 도장후 운반중 찍힘 발생으로 확인, 도장불량",수정도장 진행 완료,,,N,,,Y,2026-04-18 09:18:58.420000,,,N,,422001,2026-02-12 09:07:46.130000,499162,2026-04-18 09:18:58.420000,2026-02-23 14:18:48.980000,,
QA2602090,P20,SH22101000,생산팀(특장),QC,2026-02-05 00:00:00,2026-02-12 00:00:00,SA00,A03,WR05200,OE201,1.00,O,0,1248131958,WC10000000,69,,사내업체-건영테크,,Y,SH22101000,N,0.00,0.00,0.00,0.00,,20톤 윈치 와이어 감김 불량,사내업체 수정작업 조치완료,,,N,,,Y,2026-04-18 09:20:16.373000,,,N,,422001,2026-02-12 09:12:31.377000,499162,2026-04-18 09:20:16.373000,2026-03-04 09:22:09.337000,,
QA2602091,P20,SH22101000,생산팀(특장),QC,2026-02-05 00:00:00,2026-02-12 00:00:00,SA00,A03,WR02302 ,OE201,1.00,I,0,1138188543,WC10000000,66,,,,Y,SH11610100,N,0.00,0.00,0.00,0.00,,케비넷 외관변형으로 불량 ,업체 일반구매품 신품교체품 2/11 수요일 재입고 조치완료,,,N,,,Y,2026-04-18 09:20:32.947000,,,N,,422001,2026-02-12 09:14:53.713000,499162,2026-04-18 09:20:32.947000,2026-02-24 09:52:43.337000,,
QA2602092,P20,SH22101000,생산팀(특장),QC,2026-02-06 00:00:00,2026-02-12 00:00:00,SA00,A02,,,1.00,H,0,,J8B1-0000000-00,397,,사내도장불량,,Y,SH22101000,N,0.00,0.00,0.00,0.00,,프레임 하부 도장불량,도장 수정 작업 진행 환료,,,N,,,Y,2026-04-18 09:20:46.067000,,,N,,422001,2026-02-12 09:16:52.353000,499162,2026-04-18 09:20:46.067000,2026-02-23 14:18:48.980000,,
QA2602094,P20,SH22101000,생산팀(특장),QC,2026-02-06 00:00:00,2026-02-12 00:00:00,SA00,A04,AW30300,ZZZZZ,1.00,B,0,1348149488,A540000,128,,,,Y,SH11231200,N,0.00,0.00,0.00,0.00,,O/T 경광등커버 1EA 용접변형으로 들뜸,사내수정 조치완료,,,N,,,Y,2026-04-18 09:22:21.010000,,,N,,422001,2026-02-12 09:25:57.267000,499162,2026-04-18 09:22:21.010000,2026-02-24 09:53:53.457000,,
QA2602096,P20,SH22101000,생산팀(특장),QC,2026-02-09 00:00:00,2026-02-12 00:00:00,SA00,A03,3300050-0001120,OE901,2.00,D,0,1398113103,WC10000000,71~72,,,,Y,SH11610100,N,0.00,0.00,0.00,0.00,,"BALL V/V 1 1/2"" 조임부 O-RING 외부 돌출됨",업체내용전달후 익일 정품 교체품입고 투입완료,,,N,,,Y,2026-04-18 09:23:13.747000,,,N,,422001,2026-02-12 09:38:51.993000,499162,2026-04-18 09:23:13.747000,2026-02-24 10:03:02.527000,,
QA2602097,P20,SH22101000,생산팀(특장),QC,2026-02-09 00:00:00,2026-02-12 00:00:00,SA00,A03,SA19600,ZZZZZ,1.00,O,0,1248131958,WC10000000,57,,,,Y,SH22101000,N,0.00,0.00,0.00,0.00,,작동유탱크 레벨게이지 하단부 누유,원인 분석 결과 사내 조립 작업 불량으로 조치완료,,,N,,,Y,2026-04-18 09:24:35.883000,,,N,,422001,2026-02-12 09:40:30.603000,499162,2026-04-18 09:24:35.883000,2026-03-04 09:22:09.337000,,
QA2602098,P20,SH22101000,생산팀(특장),QC,2026-02-09 00:00:00,2026-02-12 00:00:00,SA00,A03,M101301D-LA1,ZZZZZ,4.00,B,0,1248131958,WC10000000,66~69,,,,Y,SH22101000,N,0.00,0.00,0.00,0.00,,프레임 후방 언더리프트 커버 바닥홀 가공불량-S 275mm A265mm ,사내 가공라인 커버 홀수정 완료,,,N,,,Y,2026-04-18 09:27:21.837000,,,N,,422001,2026-02-12 09:42:06.377000,499162,2026-04-18 09:27:21.837000,2026-02-24 10:07:22.287000,,
QA2602100,P20,SH22101000,생산팀(특장),QC,2026-02-10 00:00:00,2026-02-12 00:00:00,SA00,A02,DR65900,ZZZZZ,1.00,D,0,8018700331,D490000,85,,,,Y,SH11610100,N,0.00,0.00,0.00,0.00,,캐빈 내부 10연 밸브 누유,업체(율리코리아) 10연V/V 품번DR65900 릴리프 누유건 내용전달했으며 2/12일 방문 SPOOL 교체후 누유확인 이상무,,,N,,,Y,2026-04-18 09:29:20.550000,,,N,,422001,2026-02-12 09:45:37.020000,499162,2026-04-18 09:29:20.550000,2026-02-12 14:30:15.530000,,
QA2602101,P20,SH22101000,생산팀(특장),QC,2026-02-10 00:00:00,2026-02-12 00:00:00,SA00,A02,DR21900,ZZZZZ,1.00,P,0,1248131958,J8B1-0000000-00,395,,,,Y,SH24101000,N,0.00,0.00,0.00,0.00,,리시버탱크 피팅조립부에 계속적으로 도장이 되어 입고.피팅조립시 페인트 벗겨지면서 이물질 발생 및 누유 우려됨. 사용하지 않는 체크밸브 삭제후 고무마개 막아서 입고요청,유압드릴 전기종 리시버탱크 업체에 탱크 내부 도장 개선 요청하였고 체크 밸브 삭제 유무는 연구소 검토 요청-구매팀,,,N,,,Y,2026-04-18 09:32:05.667000,,,N,,422001,2026-02-12 09:48:28.097000,499162,2026-04-18 09:32:05.667000,2026-02-13 08:36:40.123000,,
QA2602102,P20,SH22101000,생산팀(특장),QC,2026-02-10 00:00:00,2026-02-12 00:00:00,SA00,A02,D133700B,ZZZZZ,2.00,O,0,3128180264,J8B1-0000000-00,395~396,,,,Y,SH11231200,N,0.00,0.00,0.00,0.00,,집진기 상부 휀박스 볼트 조임불량. 내부까지 확인점검,업체방문 입고분 볼트미조임 확인후 조임조치완료,,,N,,,Y,2026-04-18 09:32:52.080000,,,N,,422001,2026-02-12 09:50:18.387000,499162,2026-04-18 09:32:52.080000,2026-02-12 14:29:56.783000,,
QA2602103,P20,SH22101000,생산팀(특장),QC,2026-02-10 00:00:00,2026-02-12 00:00:00,SA00,A02,J8BV-3500000-08,DC201,4.00,Q,0,1248131958,J8B1-0000000-00,395~398,,,,Y,SH24101000,N,0.00,0.00,0.00,0.00,,"연료탱크 구형입고됨.연료레벨게이지 뒤쪽에 붙어있음, 커버와 확인창 맞지않음",설계불량으로 이전버젼 PLM 도면 배포되어 FUEL TANK 업체반출 수정.-연구소 - 설계변경 진행완료 2/11일 4대분 반출 수정입고완료,,,N,,,Y,2026-04-18 09:35:49.530000,,,N,,422001,2026-02-12 09:52:17.643000,499162,2026-04-18 09:35:49.530000,2026-02-13 08:36:40.123000,,
QA2602104,P20,SH22101000,생산팀(특장),QC,2026-02-10 00:00:00,2026-02-12 00:00:00,SA00,A01,P022101,ZZZZZ,1.00,B,0,1248131958,P020000,1,,개발 장비 건,,Y,SH22101000,N,0.00,0.00,0.00,0.00,,프레임 양측면 너트 미용접으로 본네트 커버 조립불가-총8EA,사내제관 용접누락으로 1라인 M8 팜너트 수정작업 진행완료 ,,,N,,,Y,2026-04-18 09:38:53.333000,,,N,,422001,2026-02-12 10:04:27.220000,499162,2026-04-18 09:38:53.333000,2026-02-12 14:29:56.783000,,
QA2602105,P20,SH11610100,품질관리팀,QO,2026-02-09 00:00:00,2026-02-12 00:00:00,SH00,H03,,CX319,0.00,Y,0,,CX50010001,12,2026-02-06 00:00:00,,N,N,,N,0.00,0.00,0.00,0.00,,,,,,N,,,Y,2026-04-27 11:32:26.210000,N,,N,,222009,2026-02-12 11:28:43.097000,222009,2026-04-27 11:32:26.210000,,,
QA2602106,P20,SH11610100,품질관리팀,QO,2026-02-09 00:00:00,2026-02-12 00:00:00,SH00,H03,,CX319,0.00,Y,0,,CX50010001,13,2026-02-06 00:00:00,,N,N,,N,0.00,0.00,0.00,0.00,,,,,,N,,,Y,2026-04-27 11:32:30.677000,N,,N,,222009,2026-02-12 11:28:43.110000,222009,2026-04-27 11:32:30.677000,,,
QA2602107,P20,SH11610100,품질관리팀,QO,2026-02-09 00:00:00,2026-02-12 00:00:00,SH00,H03,,CX319,0.00,Y,0,,CX50010001,14,2026-02-06 00:00:00,,N,N,,N,0.00,0.00,0.00,0.00,,,,,,N,,,Y,2026-04-27 11:32:36.317000,N,,N,,222009,2026-02-12 11:28:43.127000,222009,2026-04-27 11:32:36.317000,,,
QA2602108,P20,SH11610100,품질관리팀,QO,2026-02-09 00:00:00,2026-02-12 00:00:00,SH00,H01,,CX101,0.00,Y,0,,C0032999,46,2026-02-09 00:00:00,,N,N,,N,0.00,0.00,0.00,0.00,,,,,,N,,,Y,2026-04-27 11:32:44.627000,N,,N,,213068,2026-02-12 13:29:09.807000,222009,2026-04-27 11:32:44.627000,,,
QA2602109,P20,SH11610100,품질관리팀,QO,2026-02-09 00:00:00,2026-02-12 00:00:00,SH00,H03,,CX312,0.00,Y,0,,CX47100001,3,2026-02-09 00:00:00,,N,N,,N,0.00,0.00,0.00,0.00,,,,,,N,,,Y,2026-04-27 11:33:55.527000,N,,N,,213068,2026-02-12 13:29:09.823000,222009,2026-04-27 11:33:55.527000,,,
QA2602110,P20,SH11610100,품질관리팀,QO,2026-02-09 00:00:00,2026-02-12 00:00:00,SH00,H03,,CX312,0.00,Y,0,,CX47100001,4,2026-02-09 00:00:00,,N,N,,N,0.00,0.00,0.00,0.00,,,,,,N,,,Y,2026-04-27 11:34:00.097000,N,,N,,213068,2026-02-12 13:29:09.840000,222009,2026-04-27 11:34:00.097000,,,
QA2602111,P20,SH11610100,품질관리팀,QO,2026-02-09 00:00:00,2026-02-12 00:00:00,SH00,H01,,CX215,0.00,Y,0,,C0024673,463,2026-02-09 00:00:00,,N,N,,N,0.00,0.00,0.00,0.00,,,,,,N,,,Y,2026-04-27 11:34:04.473000,N,,N,,213068,2026-02-12 13:29:09.853000,222009,2026-04-27 11:34:04.473000,,,
QA2602112,P20,SH11610100,품질관리팀,QO,2026-02-09 00:00:00,2026-02-12 00:00:00,SH00,H03,,CX302,0.00,Y,0,,C0027018,236,2026-02-09 00:00:00,,N,N,,N,0.00,0.00,0.00,0.00,,,,,,N,,,Y,2026-04-27 11:34:09.223000,N,,N,,213068,2026-02-12 13:29:09.870000,222009,2026-04-27 11:34:09.223000,,,
QA2602113,P20,SH11610100,품질관리팀,QO,2026-02-09 00:00:00,2026-02-12 00:00:00,SH00,H03,,CX302,0.00,Y,0,,C0027018,239,2026-02-09 00:00:00,,N,N,,N,0.00,0.00,0.00,0.00,,,,,,N,,,Y,2026-04-27 11:34:13.660000,N,,N,,213068,2026-02-12 13:29:09.887000,222009,2026-04-27 11:34:13.660000,,,
QA2602114,P20,SH11610100,품질관리팀,QO,2026-02-09 00:00:00,2026-02-12 00:00:00,SH00,H03,,CX302,0.00,Y,0,,C0027018,240,2026-02-09 00:00:00,,N,N,,N,0.00,0.00,0.00,0.00,,,,,,N,,,Y,2026-04-27 11:36:32.403000,N,,N,,213068,2026-02-12 13:29:09.900000,222009,2026-04-27 11:36:32.403000,,,
QA2602115,P20,SH11610100,품질관리팀,QO,2026-02-09 00:00:00,2026-02-12 00:00:00,SH00,H03,,CX302,0.00,Y,0,,C0027018,241,2026-02-09 00:00:00,,N,N,,N,0.00,0.00,0.00,0.00,,,,,,N,,,Y,2026-04-27 11:36:36.520000,N,,N,,213068,2026-02-12 13:29:09.917000,222009,2026-04-27 11:36:36.520000,,,
QA2602116,P20,SH11610100,품질관리팀,QO,2026-02-09 00:00:00,2026-02-12 00:00:00,SH00,H03,,CX302,0.00,Y,0,,C0027018,237,2026-02-09 00:00:00,,N,N,,N,0.00,0.00,0.00,0.00,,,,,,N,,,Y,2026-04-27 11:36:41.440000,N,,N,,213068,2026-02-12 13:29:09.930000,222009,2026-04-27 11:36:41.440000,,,
QA2602117,P20,SH11610100,품질관리팀,QO,2026-02-09 00:00:00,2026-02-12 00:00:00,SH00,H03,,CX302,0.00,Y,0,,C0027018,238,2026-02-09 00:00:00,,N,N,,N,0.00,0.00,0.00,0.00,,,,,,N,,,Y,2026-04-27 11:36:45.737000,N,,N,,213068,2026-02-12 13:29:09.947000,222009,2026-04-27 11:36:45.737000,,,
QA2602118,P20,SH11610100,품질관리팀,QO,2026-02-11 00:00:00,2026-02-12 00:00:00,SH00,H03,,CX103,0.00,Y,0,,C0028892,760,2026-02-11 00:00:00,,N,N,,N,0.00,0.00,0.00,0.00,,,,,,N,,,Y,2026-04-27 11:36:54.363000,N,,N,,213068,2026-02-12 14:38:02.710000,222009,2026-04-27 11:36:54.363000,,,
QA2602119,P20,SH11610100,품질관리팀,QO,2026-02-11 00:00:00,2026-02-12 00:00:00,SH00,H03,,CX215,0.00,Y,0,,C0024674,355,2026-02-11 00:00:00,,N,N,,N,0.00,0.00,0.00,0.00,,,,,,N,,,Y,2026-04-27 11:37:00.893000,N,,N,,213068,2026-02-12 14:38:02.723000,222009,2026-04-27 11:37:00.893000,,,
QA2602120,P20,SH22101000,생산팀(특장),QC,2026-02-10 00:00:00,2026-02-12 00:00:00,SA00,A01,A062101E-C,AT101,1.00,B,0,1248131958,A06SH00,32,,,,Y,SH22101000,N,0.00,0.00,0.00,0.00,,턴테이블 정면부 단품11번 STEEL PLATE 취부용접누락됨,사내업체(태정기업) PLATE 용접수정 및 도장수정조치완료.,,,N,,,Y,2026-04-18 09:39:12.537000,,,N,,422001,2026-02-12 14:42:04.143000,499162,2026-04-18 09:39:12.537000,2026-02-13 08:36:40.123000,,
QA2602121,P20,SH22101000,생산팀(특장),QC,2026-02-10 00:00:00,2026-02-12 00:00:00,SA00,A07,D133700B,ZZZZZ,1.00,B,0,3128180264,J8B1-0000000-00,396,,,,Y,SH11231200,N,0.00,0.00,0.00,0.00,,"집진기측면 펄스 타이머 전기박스 M/T 볼트홀 한쪽 안 맞음-PLATE 홀간거리불량.S:138mm, A:135mm",현장수정 조치완료. 업체방문시 입고분 홀간거리 확인요청함. 입고분 전량확인 이상무,,,N,,,Y,2026-04-18 09:39:31.360000,,,N,,422001,2026-02-12 14:45:34.837000,499162,2026-04-18 09:39:31.360000,2026-02-13 08:36:40.123000,,
QA2602122,P20,SH22101000,생산팀(특장),QC,2026-02-10 00:00:00,2026-02-12 00:00:00,SA00,A03,M104101B,ZZZZZ,1.00,I,0,3020694842,WC10000000,69,,,,Y,SH11231200,N,0.00,0.00,0.00,0.00,,상부 조정석커버 불량-외관 긁힘 자국발생함,업체신규제작하여 입고완료,,,N,,XXX XXX XXX 시 XXX XXX - XXX XXX(XXX XXX),Y,2026-05-07 15:27:57.757000,,,N,,422001,2026-02-12 14:55:16.127000,421029,2026-05-07 15:27:57.757000,2026-03-04 09:22:09.337000,,
QA2602123,P20,SH22101000,생산팀(특장),QC,2026-02-10 00:00:00,2026-02-12 00:00:00,SA00,A02,,,1.00,H,0,,J8B1-0000000-00,,,,,Y,SH22101000,N,0.00,0.00,0.00,0.00,,집진기 커버 도장 누락,수정도장 완료,,,N,,,Y,2026-04-18 09:41:30.810000,,,N,,422001,2026-02-12 14:56:38.260000,499162,2026-04-18 09:41:30.810000,2026-02-23 14:39:21.843000,,
QA2602124,P20,SH22101000,생산팀(특장),QC,2026-02-10 00:00:00,2026-02-12 00:00:00,SA00,A02,D123302,ZZZZZ,1.00,Q,0,1248131958,J8B1-0000000-00,395,,,,Y,SH24101000,N,0.00,0.00,0.00,0.00,,집진기 상부커버 홀 불일치 및 간섭으로 고정브라켓 추가 설변으로 인한 문제발생,천공기 개발팀 확인후 신규도면 배포 입고완료,,,N,,,Y,2026-04-18 09:42:03.807000,,,N,,422001,2026-02-12 15:09:09.580000,499162,2026-04-18 09:42:03.807000,2026-02-23 09:18:41.723000,,
QA2602125,P20,SH22101000,생산팀(특장),QC,2026-02-10 00:00:00,2026-02-12 00:00:00,SA00,A02,,,2.00,H,0,,D490000,85~86,,,,Y,SH22101000,N,0.00,0.00,0.00,0.00,,쿨러 도어 고정 환봉 도장 색상 불량 ,수정도장 완료 ,,,N,,,Y,2026-04-18 09:42:12.910000,,,N,,422001,2026-02-12 15:10:57.480000,499162,2026-04-18 09:42:12.910000,2026-02-23 14:39:21.843000,,
QA2602126,P20,SH22101000,생산팀(특장),QC,2026-02-11 00:00:00,2026-02-12 00:00:00,SA00,A02,D028130,ZZZZZ,1.00,B,90,7778601840,D490000,85,,클레임,,Y,SH11610100,N,0.00,0.00,0.00,0.00,,가이드 스윙실린더와 슬라이드베이스 단차발생 조립안됨 실린더 반대로 돌리면 위로 올라감. 실린더 불량,업체(대한유압) S/W CYL(D028130) BOSS 용접불량으로 한쪽으로 쏠림발생함. 점검 및 현장 교체작업 공수 패널티처리예정.금일 업체 화물발송 원인파악 및 수정입고요청함.재발방지대책서 요청,,,N,,,Y,2026-04-18 09:43:21.137000,,,N,,422001,2026-02-12 15:12:03.017000,499162,2026-04-18 09:43:21.137000,2026-02-13 08:36:40.123000,,
QA2602127,P20,SH22101000,생산팀(특장),QC,2026-02-11 00:00:00,2026-02-12 00:00:00,SA00,A07,WR00600,OE201,1.00,E,0,1248131958,WC10000000,70,,,,Y,SH22101000,N,0.00,0.00,0.00,0.00,,언더리프트벨브 커넥터 볼트고정부 파손되어있음-도장이동중 충격으로 파손됨. (입고시 자재팀 육안검사 이상없음 확인),파손분 생산팀 손망실 보고서 작성후 추가구매요청,,,N,,,Y,2026-04-18 09:43:39.760000,,,N,,422001,2026-02-12 15:15:27.457000,499162,2026-04-18 09:43:39.760000,2026-02-13 08:36:40.123000,,
QA2602128,P20,SH22101000,생산팀(특장),QC,2026-02-11 00:00:00,2026-02-12 00:00:00,SA00,A07,DR81200,ZZZZZ,2.00,E,0,1072037863,J8B1-0000000-00,397~398,,,,Y,SH11610100,N,0.00,0.00,0.00,0.00,,키스위치 1개는고정불량. 1개는 키번호 틀림,업체(앰앤이파츠) 교체품 입고요청 재고분 선투입함.2/13 입고완료,,,N,,,Y,2026-04-18 09:44:26.680000,,,N,,422001,2026-02-12 15:16:49.367000,499162,2026-04-18 09:44:26.680000,2026-02-13 08:36:40.123000,,
QA2602129,P20,SH22101000,생산팀(특장),QC,2026-02-11 00:00:00,2026-02-12 00:00:00,SA00,A03,WR03000,OE201,1.00,O,0,1138150315,WC10000000,68,,,,Y,SH11610100,N,0.00,0.00,0.00,0.00,,디버터 밸브 불량-레버방향 조립불량,현장 조치완료,,,N,,,Y,2026-04-18 09:45:02.067000,,,N,,422001,2026-02-12 15:25:00.133000,499162,2026-04-18 09:45:02.067000,2026-03-04 09:22:09.337000,,
QA2602130,P20,SH22101000,생산팀(특장),QC,2026-02-11 00:00:00,2026-02-13 00:00:00,SA00,A03,M102050D,ZZZZZ,1.00,A,0,4918102052,WC10000000,69,,,,Y,SH11231200,N,0.00,0.00,0.00,0.00,,언더리프트 3단 핀홀 누락,이준시스템  익일 사내방문하여  수정완료,,,N,,XXX XXX XXX (XXX 홀 가공되어있어야함),Y,2026-05-07 15:28:00.910000,,,N,,422001,2026-02-13 08:27:52.343000,421029,2026-05-07 15:28:00.910000,2026-03-04 09:22:09.337000,,
QA2602131,P20,SH22101000,생산팀(특장),QC,2026-02-11 00:00:00,2026-02-13 00:00:00,SA00,A01,A062400SH-B-V,ZZZZZ,1.00,Q,0,1248131958,A06SH00,32,,,,Y,SH24103000,N,0.00,0.00,0.00,0.00,,탱크쪽 도어 안닫힘-렛치 걸림부 도면상 취부치수기입누락-업체제작시 현장맞춤 제작됨. HOOD DOOR 쿠션테이프 부착후 도어렛치 안걸림,특장개발팀 확인후 도면치수 기재수정요청함.현장수정 조치함,,,N,,,Y,2026-04-18 09:46:09.170000,,,N,,422001,2026-02-13 08:29:36.060000,499162,2026-04-18 09:46:09.170000,2026-03-04 09:22:09.337000,,
QA2602132,P20,SH22101000,생산팀(특장),QC,2026-02-11 00:00:00,2026-02-13 00:00:00,SA00,A01,A062306B,ZZZZZ,1.00,Q,0,1248131958,A06SH00,32,,,,Y,SH24103000,N,0.00,0.00,0.00,0.00,,에어크리너 후드에 간섭,턴테이블 TAP위치 에어크리너 확인 이상없음.설계불량 확인했으며 이전호기도 현장수정함. 에어크리너 BKT M/T 홀 장공타입으로 설변요청. 현장비 수정조치완료,,,N,,,Y,2026-04-18 09:46:32.383000,,,N,,422001,2026-02-13 08:31:00.330000,499162,2026-04-18 09:46:32.383000,2026-02-13 09:34:10.020000,,
QA2602133,P20,SH22101000,생산팀(특장),QC,2026-02-12 00:00:00,2026-02-13 00:00:00,SA00,A03,M101306C,ZZZZZ,1.00,B,0,1408188166,WC10000000,65,,,,Y,SH11231200,N,0.00,0.00,0.00,0.00,,프레임 손잡이 용접 누락,업체사내수정 완료,,,N,,XXX XXX XXX,Y,2026-05-07 15:28:03.047000,,,N,,422001,2026-02-13 08:47:09.267000,421029,2026-05-07 15:28:03.047000,2026-03-04 09:22:09.337000,,
QA2602134,P20,SH22101000,생산팀(특장),QC,2026-02-12 00:00:00,2026-02-13 00:00:00,SA00,A03,WR00800,OE201,1.00,D,0,1078146515,WC10000000,71,,,,Y,SH11610100,N,0.00,0.00,0.00,0.00,,밸브 누유 (TAP 가공 상태 불량),신품 교체 완료,,,N,,,Y,2026-04-18 09:47:36.107000,,,N,,422001,2026-02-13 08:58:11.787000,499162,2026-04-18 09:47:36.107000,2026-03-04 09:22:09.337000,,
QA2602135,P20,SH22101000,생산팀(특장),QC,2026-02-12 00:00:00,2026-02-13 00:00:00,SA00,A03,M100147D,ZZZZZ,1.00,B,0,3018133096,WC10000000,71~76,,,,Y,SH11231200,N,0.00,0.00,0.00,0.00,,전방 윈치 브라켓 용접비드 간섭,사내수정 완료,,,N,,XXX XXX XXX XXX XXX XXX,Y,2026-05-07 15:28:05.360000,,,N,,422001,2026-02-13 08:59:55.067000,421029,2026-05-07 15:28:05.360000,2026-03-04 09:22:09.337000,,
QA2602136,P20,SH22101000,생산팀(특장),QC,2026-02-12 00:00:00,2026-02-13 00:00:00,SA00,A01,A069270,AT101,1.00,D,0,1248131958,A06SH00,32,,,,Y,SH22101000,N,0.00,0.00,0.00,0.00,,지면에서  바스켓바닥까지 높낮이 확인요청.LIFT CYL' 설계상 총길이 S:1987mm / A:1997mm 10mm 차이 발생함.,업체(삼도유압) 업체발송후 확인결과 유압 작동시 순간적으로 10mm인입됨.  총길이 1987mm CYL' 이상없음 확인됨.LIFT CYL'재발송 입고완료.,,,N,,,Y,2026-04-18 09:52:48.710000,,,N,,422001,2026-02-13 09:01:48.930000,499162,2026-04-18 09:52:48.710000,2026-02-24 09:20:04.327000,,
QA2602137,P20,SH22101000,생산팀(특장),QC,2026-02-12 00:00:00,2026-02-13 00:00:00,SA00,A04,AW81100,ZZZZZ,1.00,D,0,1248131958,A540000,128,,,,Y,SH22101000,N,0.00,0.00,0.00,0.00,,잭 체크밸브 자연 인입현상 발생. 밸브 이물질로 인한 불량 발생 추정됨 (원인 분석 불가),생산팀 손망실 보고서 작성. 추가구매요청후 교체완료 장비완성후 작동유탱크 플러싱작업 생산팀 검토필요,,,N,,,Y,2026-05-07 15:28:08.093000,,,N,,422001,2026-02-13 09:03:23.327000,421029,2026-05-07 15:28:08.093000,2026-03-04 09:22:09.337000,,
QA2602139,P20,SH22101000,생산팀(특장),QC,2026-02-12 00:00:00,2026-02-13 00:00:00,SA00,A07,WR01900,OE201,1.00,E,0,3128606819,WC10000000,68,,클레임,,Y,SH11610100,N,0.00,0.00,0.00,0.00,,"로터리슬립링 1번에만 전원인가시 1,2,6번으로 전원동시 인출됨",업체(한승) 방문 R/J 슬립링 신품교체작업완료.현장 점검 및 추가 배선정리작업 업체 패널티처리예정 입고분 전량 방문 확인조치완료,,,N,,,Y,2026-04-18 09:57:48.650000,,,N,,422001,2026-02-13 09:06:05.743000,499162,2026-04-18 09:57:48.650000,2026-02-23 09:06:44.997000,,
QA2602140,P20,SH22101000,생산팀(특장),QC,2026-02-12 00:00:00,2026-02-13 00:00:00,SA00,A02,DR53250A,ZZZZZ,1.00,I,0,6158110255,J8B1-0000000-00,397,,,,Y,SH11231200,N,0.00,0.00,0.00,0.00,,캐빈 내부 커버 페인트 까짐 발생-부대부품 캐빈내부 입고시 긁힘,도장터치업 수정조치완료,,,N,,,Y,2026-04-18 09:58:07.247000,,,N,,422001,2026-02-13 09:08:30.500000,499162,2026-04-18 09:58:07.247000,2026-02-24 09:31:28.843000,,
QA2602142,P20,SH22101000,생산팀(특장),QC,2026-02-13 00:00:00,2026-02-13 00:00:00,SA00,A01,JE07100,ZZZZZ,1.00,E,0,7498100972,D700000,29,,,,Y,SH11610100,N,0.00,0.00,0.00,0.00,,후방작업등 습기 차있음. ,하부 주행체 입고시 포함되는 품목으로 접수받아 현대중장비 작업등 신품입고후 교체조치완료,,,N,,,Y,2026-04-18 10:00:10.580000,,,N,,422001,2026-02-13 16:05:27.060000,499162,2026-04-18 10:00:10.580000,2026-03-04 09:22:09.337000,,
QA2602143,P20,SH22101000,생산팀(특장),QC,2026-02-13 00:00:00,2026-02-13 00:00:00,SA00,A03,M101430A,ZZZZZ,1.00,B,0,1348149488,WC10000000,71~77,,,,Y,SH11231200,N,0.00,0.00,0.00,0.00,,프레임 언더리프트 잭 핀홀 불량,사내수정조치,,,N,,XXX XXX XXX XXX 핀 XXX 시 XXX,Y,2026-05-07 15:28:11.250000,,,N,,422001,2026-02-13 16:09:38.450000,421029,2026-05-07 15:28:11.250000,2026-03-04 09:22:09.337000,,
QA2602144,P20,SH22101000,생산팀(특장),QC,2026-02-13 00:00:00,2026-02-13 00:00:00,SA00,A07,Z5P2-7A41400-04,AT402,1.00,E,0,1248131958,Z5P1-MPPV000-00,855,,,,Y,SH22101000,N,0.00,0.00,0.00,0.00,, 비상보드 비상주행 출력전압 낮음, 비상보드는 1라인  완성검사자 범퍼조정시 과토크로  전압출력이상 발생. 수정완료,,,N,,,Y,2026-04-18 10:00:35.853000,,,N,,422001,2026-02-13 16:11:30.800000,499162,2026-04-18 10:00:35.853000,2026-02-23 09:06:44.997000,,
QA2602145,P20,SH22101000,생산팀(특장),QC,2026-02-13 00:00:00,2026-02-13 00:00:00,SA00,A01,P021404A,OE501,1.00,Q,0,1248131958,P020000,1,,개발 장비 건,,Y,SH24101000,N,0.00,0.00,0.00,0.00,,라지에타 파이프와 실내등 간섭으로 작업불가,P021404A 파이프와 간섭되어 현장에서 위치 옆으로 수정하여 조치완료,,,N,,,Y,2026-04-18 10:01:22.867000,,,N,,422001,2026-02-13 16:12:48.263000,499162,2026-04-18 10:01:22.867000,2026-02-23 09:06:44.997000,,
QA2602146,P20,SH22101000,생산팀(특장),QC,2026-02-13 00:00:00,2026-02-13 00:00:00,SA00,A07,EW07431,ZZZZZ,1.00,E,30,4280201574,WC10000000,67,,클레임,,Y,SH11231200,N,0.00,0.00,0.00,0.00,,"하네스c44,45 분기지점 크로스되어 입고됨.",하네스 크로스는수정완료.업체(씨에이치) 업체내용전달했으며  점검 및 수정공수 패널티처리예정. ,,,N,,,Y,2026-04-18 10:02:59.147000,,,N,,422001,2026-02-13 16:14:56.873000,499162,2026-04-18 10:02:59.147000,2026-02-23 09:06:44.997000,,
QA2602149,P15,SH11610100,품질관리팀,QO,2026-02-23 00:00:00,2026-02-23 00:00:00,SA00,A01,,AT402,1.00,H,0,,Z5P1-MPPF000-00,854,2026-02-23 00:00:00,,N,N,,N,0.00,0.00,0.00,0.00,,후방 하부박스 방향 액슬 표시부 도장 불량,,,,N,,,N,,N,,N,,421088,2026-02-23 11:23:59.727000,421088,2026-02-23 11:23:59.727000,,,
QA2602150,P15,SH11610100,품질관리팀,QO,2026-02-23 00:00:00,2026-02-23 00:00:00,SA00,A01,,AT402,1.00,I,0,,Z5P1-MPPF000-00,854,2026-02-23 00:00:00,,N,N,,N,0.00,0.00,0.00,0.00,,전방 프레임 상단 및 전면 표시부 검은 이물질 제거,,,,N,,,N,,N,,N,,421088,2026-02-23 11:23:59.740000,421088,2026-02-23 11:23:59.740000,,,
QA2602151,P15,SH11610100,품질관리팀,QO,2026-02-23 00:00:00,2026-02-23 00:00:00,SA00,A01,,AT402,1.00,H,0,,Z5P1-MPPF000-00,854,2026-02-23 00:00:00,,N,N,,N,0.00,0.00,0.00,0.00,,전방 프레임 액슬 러그 터치업,,,,N,,,N,,N,,N,,421088,2026-02-23 11:23:59.757000,421088,2026-02-23 11:23:59.757000,,,
QA2602152,P15,SH11610100,품질관리팀,QO,2026-02-23 00:00:00,2026-02-23 00:00:00,SA00,A01,,AT402,1.00,I,0,,Z5P1-MPPF000-00,854,2026-02-23 00:00:00,,N,N,,N,0.00,0.00,0.00,0.00,,엔진 측 후드 상단 타포린 커버 측 먼지 제거 필요,,,,N,,,N,,N,,N,,421088,2026-02-23 11:23:59.770000,421088,2026-02-23 11:23:59.770000,,,
QA2602153,P15,SH11610100,품질관리팀,QO,2026-02-23 00:00:00,2026-02-23 00:00:00,SA00,A01,,AT402,1.00,H,0,,Z5P1-MPPF000-00,854,2026-02-23 00:00:00,,N,N,,N,0.00,0.00,0.00,0.00,,엔진 방향 프레임 측면 코크 터치업,,,,N,,,N,,N,,N,,421088,2026-02-23 11:23:59.787000,421088,2026-02-23 11:23:59.787000,,,
QA2602154,P15,SH11610100,품질관리팀,QO,2026-02-23 00:00:00,2026-02-23 00:00:00,SA00,A01,,AT402,1.00,I,0,,Z5P1-MPPF000-00,854,2026-02-23 00:00:00,,N,N,,N,0.00,0.00,0.00,0.00,,엔진 방향 측면 표시부 스패터 제거 필요,,,,N,,,N,,N,,N,,421088,2026-02-23 11:23:59.803000,421088,2026-02-23 11:23:59.803000,,,
QA2602155,P15,SH11610100,품질관리팀,QO,2026-02-23 00:00:00,2026-02-23 00:00:00,SA00,A01,,AT402,1.00,H,0,,Z5P1-MPPF000-00,854,2026-02-23 00:00:00,,N,N,,N,0.00,0.00,0.00,0.00,,바스켓 와이어 리미트 고정 고리 용접부 측 터치업,,,,N,,,N,,N,,N,,421088,2026-02-23 11:23:59.820000,421088,2026-02-23 11:23:59.820000,,,
QA2602156,P15,SH11610100,품질관리팀,QO,2026-02-23 00:00:00,2026-02-23 00:00:00,SA00,A01,,AT402,1.00,H,0,,Z5P1-MPPF000-00,855,,,N,N,,N,0.00,0.00,0.00,0.00,,2단링크 측면 표시부 도장 불량,,,,N,,,N,,N,,N,,421088,2026-02-23 11:36:16.980000,421088,2026-02-23 11:36:16.980000,,,
QA2602157,P15,SH11610100,품질관리팀,QO,2026-02-23 00:00:00,2026-02-23 00:00:00,SA00,A01,,AT402,1.00,H,0,,Z5P1-MPPF000-00,855,,,N,N,,N,0.00,0.00,0.00,0.00,,전방 엔진방향 액슬 상단 표시부 터치업,,,,N,,,N,,N,,N,,421088,2026-02-23 11:36:16.997000,421088,2026-02-23 11:36:16.997000,,,
QA2602158,P15,SH11610100,품질관리팀,QO,2026-02-23 00:00:00,2026-02-23 00:00:00,SA00,A01,,AT402,1.00,H,0,,Z5P1-MPPF000-00,855,2026-02-23 00:00:00,,N,N,,N,0.00,0.00,0.00,0.00,,엔진 슬라이딩 고정핀 터치업,,,,N,,,N,,N,,N,,421088,2026-02-23 11:36:17.010000,421088,2026-02-23 11:36:17.010000,,,
QA2602159,P15,SH11610100,품질관리팀,QO,2026-02-23 00:00:00,2026-02-23 00:00:00,SA00,A01,,AT402,1.00,I,0,,Z5P1-MPPF000-00,855,,,N,N,,N,0.00,0.00,0.00,0.00,,엔진 마운팅 브라켓 표시부 세척 필요,,,,N,,,N,,N,,N,,421088,2026-02-23 11:36:17.027000,421088,2026-02-23 11:36:17.027000,,,
QA2602160,P15,SH11610100,품질관리팀,QO,2026-02-23 00:00:00,2026-02-23 00:00:00,SA00,A01,,AT402,1.00,H,0,,Z5P1-MPPF000-00,855,,,N,N,,N,0.00,0.00,0.00,0.00,,바스켓 안전고리 고정 브라켓 표시부 터치업,,,,N,,,N,,N,,N,,421088,2026-02-23 11:36:17.043000,421088,2026-02-23 11:36:17.043000,,,
QA2602161,P15,SH11610100,품질관리팀,QO,2026-02-23 00:00:00,2026-02-23 00:00:00,SA00,A01,,AT402,1.00,Z,0,,Z5P1-MPPF000-00,855,,,N,N,,N,0.00,0.00,0.00,0.00,,붐 최대 인입 상태에서 인출 시 특정 구간 소음 발생,,,,N,,,N,,N,,N,,421088,2026-02-23 11:36:17.060000,421088,2026-02-23 11:36:17.060000,,,
QA2602162,P15,SH11610100,품질관리팀,QO,2026-02-23 00:00:00,2026-02-23 00:00:00,SA00,A01,,AT402,1.00,E,0,,Z5P1-MPPF000-00,855,,,N,N,,N,0.00,0.00,0.00,0.00,,붐 좌회전 정지 램프타임 감소 조정 요청,,,,N,,,N,,N,,N,,421088,2026-02-23 11:36:17.073000,421088,2026-02-23 11:36:17.073000,,,
QA2602163,P20,SH11610100,품질관리팀,QO,2026-02-13 00:00:00,2026-02-23 00:00:00,SH00,H01,,CX105,0.00,Y,0,,C0028826,135,2026-02-13 00:00:00,,N,N,,N,0.00,0.00,0.00,0.00,,,,,,N,,,Y,2026-04-27 11:37:05.557000,N,,N,,222009,2026-02-23 11:49:30.860000,222009,2026-04-27 11:37:05.557000,,,
QA2602164,P20,SH11610100,품질관리팀,QC,2026-02-06 00:00:00,2026-02-24 00:00:00,SH00,H01,G71300WW,CX108,3.00,A,0,1358629724,G71300,,,,N,Y,SH11231200,N,0.00,860.00,0.00,0.00,R03,"   - 현상: 측면 패드 조립 불가 3대    - 원인: G71300 4단붐 하위 플레이트 G71307-01 홀 Spec : Φ30 , Act : 홀 Φ29.5 / 패드 Spec : Φ30  → 0.5mm 차이 발생             업체 확인 결과 레이저 절단기 프로그램 오입력 확인 ",   - 조치: 생산팀 협의 하여 현장 수정 후 조립완료,,,N,,,Y,2026-04-27 11:37:09.700000,,,N,,222009,2026-02-24 14:36:24.910000,222009,2026-04-27 11:37:09.700000,,,0
QA2602170,P20,SH22101000,생산팀(특장),QC,2026-02-23 00:00:00,2026-02-24 00:00:00,SA00,A07,ES26200,ZZZZZ,1.00,E,30,1668601996,WC10000000,69,,클레임,,Y,SH11610100,N,0.00,0.00,0.00,0.00,,인디게이터 커넥터  핀미삽입 간혈적 비접촉으로 오동작발생,업체(에이블텍) 제작시 주의 및 확인요청 내용전달했으며 추가연장케이블 입고후 현장수정 조치완료. 현장 수정공수 패널티처리예정,,,N,,,Y,2026-04-18 10:05:21.203000,,,N,,422001,2026-02-24 19:14:09.237000,499162,2026-04-18 10:05:21.203000,2026-02-25 08:33:11.593000,,
QA2602171,P20,SH22101000,생산팀(특장),QC,2026-02-23 00:00:00,2026-02-25 00:00:00,SA00,A01,P022600,ZZZZZ,1.00,B,0,2768600824,P020000,1,,개발 장비 건,,Y,SH11231200,N,0.00,0.00,0.00,0.00,,에어크리너 고정M10TAP 한쪽이 누락 확인,업체(비케이모터스) M10 NUT 용접누락으로 방문수정 조치완료,,,N,,,Y,2026-04-18 10:11:20.630000,,,N,,422001,2026-02-25 09:04:33.900000,499162,2026-04-18 10:11:20.630000,2026-02-25 16:17:13.943000,,
QA2602172,P20,SH22101000,생산팀(특장),QC,2026-02-23 00:00:00,2026-02-25 00:00:00,SA00,A02,DR74400B,ZZZZZ,2.00,D,120,1398106150,D490000,85~86,,클레임,,Y,SH11610100,N,0.00,0.00,0.00,0.00,,스므스드릴링 릴리프블럭 S2카트리지 불량으로 스므스드릴링 ON시 압력조절 안됨.,업체(썬하이드로닉스) S2 카트리지 재고분 보유분 확인후 ON/OFF 테스트 요청함. 재고분 포함 4EA 교체완료 작동이상무 확인이상무.탈거분 업체 화물발송 원인분석 요청함. 현장 점검 및 교체 세척작업공수 패널티처리함,,,N,,,Y,2026-04-18 10:12:06.030000,,,N,,422001,2026-02-25 09:06:20.247000,499162,2026-04-18 10:12:06.030000,2026-02-25 16:17:13.943000,,
QA2602173,P20,SH22101000,생산팀(특장),QC,2026-02-23 00:00:00,2026-02-25 00:00:00,SA00,A07,ES26200,ZZZZZ,1.00,E,0,1668601996,WC10000000,71,,,,Y,SH11610100,N,0.00,0.00,0.00,0.00,,후방감지기 모듈 <-> 인디게이터 연결 케이블 인디게이터 연결부 배선 과압착 터짐,업체(에이블텍)에 커넥터 추가연장케이블 입고완료. 투입함.현장작업자 인디게이터커넥터 배선이 얇음으로 특히 다시방 홀삽입 작업시 주의가 필요함,,,N,,,Y,2026-04-18 10:10:23.020000,,,N,,422001,2026-02-25 09:07:21.397000,499162,2026-04-18 10:10:23.020000,2026-02-25 16:17:13.943000,,
QA2602174,P20,SH22101000,생산팀(특장),QC,2026-02-23 00:00:00,2026-02-25 00:00:00,SA00,A02,DR62700,ZZZZZ,1.00,E,0,3121376363,E1D1-0000000-00,337,,,,Y,SH11610100,N,0.00,0.00,0.00,0.00,,에어콘 판넬스위치 칼라코크 굳어서 제거 안됨.,업체(윈디스) 판넬스위치  신품으로 교체완료,,,N,,,Y,2026-04-18 10:12:28.590000,,,N,,422001,2026-02-25 09:09:05.647000,499162,2026-04-18 10:12:28.590000,2026-02-25 16:17:13.943000,,
QA2602175,P20,SH22101000,생산팀(특장),QC,2026-02-23 00:00:00,2026-02-25 00:00:00,SA00,A02,DR62600,ZZZZZ,4.00,Q,0,1248131958,E1D1-0000000-00,337~340,,,,Y,SH24101000,N,0.00,0.00,0.00,0.00,,에어컨 리모컨 연결 케이블 연결불가,윈디스 작업분 생산으로 넘어오면서 커넥터부  설계변경 지연 ~ 800EI 까지는 현장수정 진행함. ,,,N,,,Y,2026-04-18 10:13:19.610000,,,N,,422001,2026-02-25 09:10:49.013000,499162,2026-04-18 10:13:19.610000,2026-02-25 16:17:13.943000,,
QA2602177,P20,SH22101000,생산팀(특장),QC,2026-02-24 00:00:00,2026-02-25 00:00:00,SA00,A02,DR80200,ZZZZZ,1.00,D,60,6098141812,D490000,85,,클레임,,Y,SH11610100,N,0.00,0.00,0.00,0.00,,"1, 2 펌프 고정볼트 2개소 풀림, 누유 발생",펌프 M/T 볼트 조임후 누유확인 이상없음.업체(훌루테크) 내용전달했으며 재발방지 대책서 요청함.  조임 및 세척작업 수정공수 패널티처리함,,,N,,,Y,2026-04-18 10:13:33.033000,,,N,,422001,2026-02-25 09:13:09.950000,499162,2026-04-18 10:13:33.033000,2026-02-25 16:17:13.943000,,
QA2602178,P20,SH22101000,생산팀(특장),QC,2026-02-24 00:00:00,2026-02-25 00:00:00,SA00,A02,J8BV-3500000-08,DC201,4.00,B,60,1408131509,J8B1-0000000-00,395~398,,클레임,,Y,SH11231200,N,0.00,0.00,0.00,0.00,,"연료탱크 고정홀 위치 불량.경유탱크 하판1번 PLATE 절곡불량으로 홀간거리 맞지않음 확인됨. S:880.9mm,A:876mm",업체(서린메탈) 내용전달후 3대분은 현장수정조립완료. 수정공수 패널티처리함.1대분 미조립분은 업체납품방문시 수정조치함,,,N,,,Y,2026-04-18 10:14:36.397000,,,N,,422001,2026-02-25 09:15:41.500000,499162,2026-04-18 10:14:36.397000,2026-02-25 16:17:13.943000,,
QA2602179,P20,SH22101000,생산팀(특장),QC,2026-02-24 00:00:00,2026-02-25 00:00:00,SA00,A02,J8B1-3300000-06,ZZZZZ,1.00,P,0,1248131958,J8B1-0000000-00,396,,,,Y,SH24101000,N,0.00,0.00,0.00,0.00,,본넷과 캐빈 틈새 좁아서 프론트커버 절곡부 안들어감. 캐빈후방 커버 M/T볼트 체결어려움,현장수정조치완료.프론트커버 캐빈후방 M/T 볼트 외부돌출 및 절곡부삭제 천공기개발팀 검토후 설변 필요.,,,N,,,Y,2026-04-18 10:15:27.773000,,,N,,422001,2026-02-25 09:17:33.090000,499162,2026-04-18 10:15:27.773000,2026-02-27 09:14:49.393000,,
QA2602180,P20,SH22101000,생산팀(특장),QC,2026-02-24 00:00:00,2026-02-25 00:00:00,SA00,A02,J8B2-2002000-00,ZZZZZ,3.00,A,0,1348149488,J8B1-0000000-00,378~380,,,,Y,SH11231200,N,0.00,0.00,0.00,0.00,,"S/W POST 키플레이트 조립탭 위치불량.TAP 홀간거리 S:33mm, A:39mm","업체(JM) 키플레이트 홀간거리 불량 S:33mm,A:39mm  스윙포스트 수정불가로 업체 키플레이트 신규제작 입고완료.#378~380 구매팀 담당자 특채처리 요청함",,,N,,,Y,2026-04-18 10:16:27.910000,,,N,,422001,2026-02-25 09:20:06.360000,499162,2026-04-18 10:16:27.910000,2026-02-27 09:13:09.980000,,
QA2602182,P20,SH22101000,생산팀(특장),QC,2026-02-25 00:00:00,2026-02-25 00:00:00,SA00,A04,D263229B,ZZZZZ,1.00,H,0,1248131958,E1D1-0000000-00,337~,,,,Y,SH22101000,N,0.00,0.00,0.00,0.00,,케빈 사이드 스텝 도장불량 .최근부터 안쪽도장이 안됨,수정도장진행,,,N,,,Y,2026-04-18 10:16:52.610000,,,N,,422001,2026-02-25 09:56:20.293000,499162,2026-04-18 10:16:52.610000,2026-02-27 09:17:12.300000,,
QA2602183,P20,SH22101000,생산팀(특장),QC,2026-02-25 00:00:00,2026-02-25 00:00:00,SA00,A03,WR05200,OE201,1.00,O,0,1318606224,WC10000000,75,,,,Y,SH11610100,N,0.00,0.00,0.00,0.00,,20톤윈치 한쪽 들뜸 현상,WINCH M/T BKT 소켓볼트 유격조정후 조립조치완료,,,N,,,Y,2026-04-18 10:17:22.100000,,,N,,422001,2026-02-25 11:41:03.310000,499162,2026-04-18 10:17:22.100000,2026-03-03 11:52:37.203000,,
QA2602184,P20,SH11610100,품질관리팀,QC,2026-02-25 00:00:00,2026-02-26 00:00:00,SH00,H03,C0020928-X8,CX411,1.00,A,0,2768600824,J02000,,,,N,Y,SH11231200,N,0.00,860.00,0.00,0.00,,SKC1200 탑시트 홀 위치 부적합. 덤프밸브 조립불가 홀위치 SPEC 세로방향 15mm ACT 10mm,반출 후 수정완료,,,N,,,Y,2026-04-27 11:37:14.333000,,,N,,222009,2026-02-26 10:23:48.680000,222009,2026-04-27 11:37:14.333000,,,0
QA2602185,P15,SH11610100,품질관리팀,QO,2026-02-26 00:00:00,2026-02-26 00:00:00,SA00,,,DC303,0.00,Y,0,,D580000,101,,,N,N,,N,0.00,0.00,0.00,0.00,,특이사항 없음,,,,N,,,N,,N,,N,,421030,2026-02-26 15:39:58.067000,421030,2026-02-26 15:39:58.067000,,,
QA2602187,P20,SH22101000,생산팀(특장),QC,2026-02-26 00:00:00,2026-02-27 00:00:00,SA00,A01,3310045-0822710,ZZZZZ,1.00,D,0,1248131958,A06SH00,32,,,,Y,SH24103000,N,0.00,0.00,0.00,0.00,,바스켓 스윙 좌우 작동불량 ,"바스켓 액츄레이터 D/C/BAL V/V 오리피스 0.9파이,1.0파이 특장개발팀,생산팀,품질팀 TEST진행함 최종 PLVC 셋팅완료후 오리피스 0.9파이,1.0파이중에 결정예정.재고분,업체(썬하이드로닉스) 반출품 교체예정",,,N,,,Y,2026-04-18 10:17:51.863000,,,N,,422001,2026-02-27 16:53:15.667000,499162,2026-04-18 10:17:51.863000,2026-03-03 11:52:17.707000,,
QA2602188,P20,SH22101000,생산팀(특장),QC,2026-02-26 00:00:00,2026-02-27 00:00:00,SA00,A01,,,1.00,H,0,,P020000,1,,개발 장비 건,,Y,SH00000000,N,0.00,0.00,0.00,0.00,,프레임 하단부커버 도장불량 ,생산 수정도장 진행 완료,,,N,,,Y,2026-04-18 10:18:01.770000,,,N,,422001,2026-02-27 16:54:23.847000,499162,2026-04-18 10:18:01.770000,2026-02-28 09:18:20.923000,,
QA2602189,P20,SH22101000,생산팀(특장),QC,2026-02-26 00:00:00,2026-02-27 00:00:00,SA00,A01,P022600,ZZZZZ,1.00,O,0,1248131958,P020000,1,,개발 장비 건,,Y,SH22101000,N,0.00,0.00,0.00,0.00,,도어 안닫힘,도어 양쪽커버 M/T 볼트 유격조정  공차여유를 만들어 현장조치완료 ,,,N,,,Y,2026-04-18 10:18:41.353000,,,N,,422001,2026-02-27 16:55:25.977000,499162,2026-04-18 10:18:41.353000,2026-02-28 09:18:20.923000,,
QA2602190,P20,SH22101000,생산팀(특장),QC,2026-02-26 00:00:00,2026-02-27 00:00:00,SA00,A03,AW32300,ZZZZZ,1.00,D,30,1058125362,WC10000000,71,,클레임,,Y,SH11610100,N,0.00,0.00,0.00,0.00,,리턴필터  작동유탱크 조립부 누유,업체 내용전달후 신품 교체품 입고 교체완료. 업체방문시 반출 확인요청함.-교체공수 패널티처리예정,,,N,,,Y,2026-04-18 10:19:01.730000,,,N,,422001,2026-02-27 16:56:31.967000,499162,2026-04-18 10:19:01.730000,2026-02-28 09:18:20.923000,,
QA2602191,P20,SH22101000,생산팀(특장),QC,2026-02-26 00:00:00,2026-02-27 00:00:00,SA00,A01,Z5P220MPH-03-V,AT402,1.00,H,0,1248131958,Z5P1-MPHV000-00,856~,,,,Y,SH22101000,N,0.00,0.00,0.00,0.00,,탱크 셕션 플랜지 조립불량- 도장불량이며 반대로 도장되어 조립됨,셕션프랜지 생산팀 도장부위 제거 및 재도장 요청후 조치완료,,,N,,,Y,2026-04-18 10:19:15.507000,,,N,,422001,2026-02-27 16:59:43.073000,499162,2026-04-18 10:19:15.507000,2026-02-28 09:18:20.923000,,
QA2602192,P20,SH22101000,생산팀(특장),QC,2026-02-26 00:00:00,2026-02-27 00:00:00,SA00,A01,Z5P220MPH-03-V,AT402,1.00,O,0,1248131958,Z5P1-MPHV000-00,856,,,,Y,SH11231200,N,0.00,0.00,0.00,0.00,,"연료보조탱크 플랜지 조립볼트 불량(평와셔,스프링 와셔 누락)-O-RING 조립누락 상부는 플러그 막음처리 하부는 니쁠 막음 처리됨",업체 연료보조탱크 초도품 조립방법 내용전달 미흡으로 구매팀 담당자 전달요청 ,,작업표준서 XXX 및 XXX,N,,,Y,2026-04-18 10:21:31.730000,,,N,,422001,2026-02-27 17:00:55.443000,499162,2026-04-18 10:21:31.730000,2026-02-28 09:18:20.923000,,
QA2602193,P20,SH22101000,생산팀(특장),QC,2026-02-26 00:00:00,2026-02-27 00:00:00,SA00,A03,WR27000,OE201,1.00,O,0,4018122865,WC10000000,76,,,,Y,SH11610100,N,0.00,0.00,0.00,0.00,,차량 샤시 운전석 파라미터 세팅 작업중 커넥터 커버고정볼트 누락 ,타타대우 방문 서비스 조치완료,,,N,,,Y,2026-04-18 10:22:16.443000,,,N,,422001,2026-02-27 17:02:16.577000,499162,2026-04-18 10:22:16.443000,2026-03-04 09:22:09.337000,,
QA2602194,P20,SH22101000,생산팀(특장),QC,2026-02-26 00:00:00,2026-03-03 00:00:00,SA00,A02,DC07340014,DC102,4.00,M,0,1248131958,E1D1-0000000-00,337~340,,,,Y,SH22101000,N,0.00,0.00,0.00,0.00,,플라이휠 가공불량-이전도면 11파이로 UNC 7/16볼트 조립시 조립불가,PUMP FLY WHEEL(품번 DC07340014) 으로 발주진행안되고 품번T1D3-340150-00으로 발주되어 입고됨. 생산팀 M-BOM 확인결과 BOM정리안됨. 수정요청함. 현장수정 조치완료  ,,,N,,,Y,2026-04-18 10:23:03.270000,,,N,,422001,2026-03-03 09:00:43.837000,499162,2026-04-18 10:23:03.270000,2026-03-03 11:52:17.707000,,
QA2602195,P20,SH22101000,생산팀(특장),QC,2026-02-26 00:00:00,2026-03-03 00:00:00,SA00,A02,D7C3-3407000-00,DC106,2.00,A,0,1348149488,E1D1-0000000-00,339~340,,,,Y,SH11231200,N,0.00,0.00,0.00,0.00,,U-볼트나사산 불량-M12 NUT 조립불가,업체(JM) U-BOLT 익일 교체품 입고완료,,,N,,"U-BOLT XXX XXX
XXX↔XXX NUT XXX",Y,2026-05-07 15:30:10.240000,,,N,,422001,2026-03-03 09:02:42.220000,421029,2026-05-07 15:30:10.240000,2026-03-03 18:44:38.863000,,
QA2602196,P20,SH22101000,생산팀(특장),QC,2026-02-26 00:00:00,2026-03-03 00:00:00,SA00,A01,Z5P24MPHV-02-V,AT402,2.00,H,0,1248131958,Z5P1-MPHV000-00,856~857,,,,Y,SH22101000,N,0.00,0.00,0.00,0.00,,HOOD 천커버 M/T홀이 한대만 있고 두대는 없음.,"HOOD 도장불량이며 현대미포 사양 건조부,도장부 다름.5대분 구분없이 같이 입고되어서 5대분 동일하다고 판단하고 구분없이 3대 2대 도장진행함.수정 진행 조치완료",,,N,,,Y,2026-04-18 10:24:43.880000,,,N,,422001,2026-03-03 09:06:58.427000,499162,2026-04-18 10:24:43.880000,2026-03-03 11:52:17.707000,,
QA2602199,P20,SH22101000,생산팀(특장),QC,2026-02-27 00:00:00,2026-03-03 00:00:00,SA00,A03,WR27000,OE201,1.00,D,0,4018122865,WC10000000,73,,,,Y,SH11610100,N,0.00,0.00,0.00,0.00,,스티어링 오일 누유 및 핸들 우회전시 핸들 무거움,타타대우 서비스 조치 요청함. (3/3일 방문 조치완료),,,N,,,Y,2026-04-18 10:25:23.433000,,,N,,422001,2026-03-03 09:21:12.957000,499162,2026-04-18 10:25:23.433000,2026-03-04 09:22:09.337000,,
QA2602200,P20,SH22101000,생산팀(특장),QC,2026-02-27 00:00:00,2026-03-03 00:00:00,SA00,A01,A062425,ZZZZZ,2.00,Z,0,1248131958,A06SH00,32,,,,Y,SH22103000,N,0.00,0.00,0.00,0.00,,후드도어 고무덮개 쫄대 없음,입고완료 확인됨. 도장후 분실되어 자작 제작후 조치함,,,N,,,Y,2026-04-18 10:26:05.340000,,,N,,422001,2026-03-03 14:28:25.653000,499162,2026-04-18 10:26:05.340000,2026-03-03 18:44:38.863000,,
QA2602201,P20,SH22101000,생산팀(특장),QC,2026-02-27 00:00:00,2026-03-03 00:00:00,SA00,A01,A062101E-C,AT101,1.00,A,0,1248131958,A06SH00,32,,,,Y,SH22101000,N,0.00,0.00,0.00,0.00,,"턴테이블 후방 커버홀 M10 TAP홀간거리불량 S:330mm, A:335mm-자작가공불량",생산팀 내용전달후 커버홀 수정 현장조치완료,,,N,,,Y,2026-04-18 10:26:49.803000,,,N,,422001,2026-03-03 14:31:13.177000,499162,2026-04-18 10:26:49.803000,2026-03-03 18:44:38.863000,,
QA2602202,P20,SH22101000,생산팀(특장),QC,2026-02-27 00:00:00,2026-03-03 00:00:00,SA00,A01,T3L3-3202000-03,AT101,1.00,Q,0,1248131958,A06SH00,32,,,,Y,SH24103000,N,0.00,0.00,0.00,0.00,,프레임커버 전후방 용접비드간섭 ,용접비드 간섭부 현장수정조치완료. 특장개발팀 설변요청함,,,N,,,Y,2026-04-18 10:27:03.620000,,,N,,422001,2026-03-03 14:33:47.850000,499162,2026-04-18 10:27:03.620000,2026-03-03 18:44:38.863000,,
QA2602203,P20,SH22101000,생산팀(특장),QC,2026-02-27 00:00:00,2026-03-04 00:00:00,SA00,A02,DC01100009,DC302,2.00,B,0,3320703029,D580000,103~104,,클레임,,Y,SH11231200,N,0.00,0.00,0.00,0.00,,HOSE BKT 개선품 9번 단품 U-BOLT 용접누락,현장 U-BOLT 용접수정 조치완료.업체 내용전달후 공수 패널티처리예정,,,N,,XXX XXX XXX,Y,2026-05-07 15:30:54.237000,,,N,,422001,2026-03-04 16:49:18.140000,421029,2026-05-07 15:30:54.237000,2026-03-05 14:02:18.280000,,
QA2602204,P20,SH22101000,생산팀(특장),QC,2026-02-27 00:00:00,2026-03-04 00:00:00,SA00,A02,6330015-011024M,ZZZZZ,1.00,E,0,1013293521,J8B1-0000000-00,397,,,,Y,SH11610100,N,0.00,0.00,0.00,0.00,,평형혼 소리 갈라짐 ,업체 교체품 입고요청했으며 재고분 투입완료,,,N,,,Y,2026-04-18 10:27:44.383000,,,N,,422001,2026-03-04 16:51:36.837000,499162,2026-04-18 10:27:44.383000,2026-03-12 10:15:09.580000,,
QA2602205,P20,SH22101000,생산팀(특장),QC,2026-02-27 00:00:00,2026-03-04 00:00:00,SA00,A02,D8JV-3240000-05,ZZZZZ,1.00,A,60,3320703029,J8B1-0000000-00,395,,클레임,,Y,SH11231200,N,0.00,0.00,0.00,0.00,,대용량 탱크 탭 불량 및 누유-센더봉 M/T M6 TAP 가공불량으로 볼트 미조임으로 누유확인 (볼트 1EA 피치 마모됨),"업체(에스엠테크) 센더봉 조립시 억지조립되어 SUS BOLT 마모됨, 공정 작업지연으로 현장수정 및 세척작업 조치완료.업체 내용전달후 공수 패널티처리예정",,,N,,XXX TAP XXX XXX (XXX XXX),Y,2026-05-07 15:30:58.340000,,,N,,422001,2026-03-04 16:54:12.517000,421029,2026-05-07 15:30:58.340000,2026-03-05 14:02:18.280000,,
QA2602206,P35,SH23101000,고객지원팀(특장),AS,2026-02-10 00:00:00,2026-03-12 00:00:00,SA00,,3110000-000160H,DF102,1.00,D,1,6058125746,D490000,80,2025-11-27 00:00:00,,Y,Y,SH11610100,Y,321900.00,295000.00,616900.00,0.00,,1.사용환경 및 작업내용 *경북고령 석산내 발파천공작업중  2.접수 및 클레임 내용 *드리프터 하단부 오일 누유 발생과다,"1.점검내용 *실천공 작업중 드리프터 하단부 오일누유점검,루브리게이터점검.  2.문제점 .루브리게이터 토출량 점검 이상무. .드리프터 회전모터부 점검 샤프트측 오일누유확인됨(미세누유 확인됨)  3.조치내용 .루브리게이터 착암유량 조정완료 .회전모터 교환 실천공 작업 테스트..하단부 오일 누유량 현저히 줄어듬. **차후 계속관찰 요망되며...오일누유 재 발생시 드리프터 분해 점검 예정임**",,,Y,,"XXX, XXX 씰 XXX XXX.",Y,2026-04-29 11:45:13.387000,N,2026-04-29 11:54:07.857000,N,,222008,2026-03-12 13:34:43.147000,unierp,2026-04-29 14:54:39.970000,,2026-04-29 14:54:39.970000,1
QA2602207,P15,SH23101000,고객지원팀(특장),AS,2026-02-12 00:00:00,2026-03-23 00:00:00,SA00,,AW67500,,1.00,D,0,6128500343,Z5P1-SS00000-00,844,2025-09-20 00:00:00,,N,Y,SH11610100,Y,1044000.00,145000.00,1044000.00,0.00,,1.삼성중공업 거제조선소  2.메인 펌프 누유,1.점검내용  펌프 축 리테이너부 누유  2.문제점 메인 펌프 교환  3.조치내용 메인 펌프 누유,,,N,,,N,,,,N,,222008,2026-03-23 16:20:26.520000,222008,2026-04-09 14:31:06.640000,,,1
QA2602208,P15,SH23101000,고객지원팀(특장),AS,2026-02-08 00:00:00,2026-03-01 00:00:00,SA00,,DR21101,ZZZZZ,2.00,,0,3048501306,E1D1-0000000-00,103,2013-05-10 00:00:00,"SVC2602155 유상 교체 후 SVC2602156,7재발생 건",Y,Y,SH11610100,N,180000.00,0.00,180000.00,0.00,,1.사용환경 및 작업내용  - 충북 단양군 매포읍 단양로1295-14  2.접수 및 클레임 내용  -  AIR에 콤프오일 섞여 나옴  - 2026년2월11일 (SVC2602156) 세퍼레이터 파손되어 신품으로 교환 하였으나 다시 누유됨  - 3번째 발생,1.점검내용  - 장비 가동 후 오일누유 육안으로 확인  2.문제점  - 세퍼레이터 신품으로 교환 하였으나 세퍼레이터 불량으로 AIR에 오일섞여 나옴  3.조치내용  - 세퍼레이터 신품으로 재교환 후 시운전 ,,,N,,,N,,,,N,,222008,2026-04-08 11:35:46.410000,222008,2026-04-09 14:25:56.997000,,,1
QA2602209,P15,SH23101000,고객지원팀(특장),AS,2026-02-26 00:00:00,2026-02-26 00:00:00,SA00,,3320075-7899000,,1.00,,0,6128123504,S6T1-0000000-00,102,2012-02-08 00:00:00,,N,Y,SH11610100,N,82000.00,0.00,82000.00,0.00,,"1.사용환경 및 작업내용 잭 실린더 쳐짐현상 , 체크 밸브 내부 누유로 인해 체크 밸브 교환 요청건  2.접수 및 클레임 내용 체크 밸브 유상교환 하루지난 시점에서 잭 실린더 쳐짐현상 발생건",1.점검내용 처짐현상 확인  2.문제점 유상 판매분 체크 밸브 내부 누유됨 (확인 작업)  3.조치내용 유상 판매분 체크 밸브 불량으로 인해 무상 교환함 렉스로스 체크밸브로 교체,,,N,,,N,,,,N,,222008,2026-04-09 14:41:12.077000,222008,2026-04-09 14:41:12.077000,,,1
QA2602210,P15,SH23101000,고객지원팀(특장),AS,2026-02-18 00:00:00,2026-02-18 00:00:00,SA00,,AW81100,DH303,3.00,,0,7957100582,K020000,105,2025-10-23 00:00:00,,N,Y,SH11610100,Y,123000.00,155000.00,123000.00,0.00,,"1.사용환경 및 작업내용 - 작업중 아웃트리거 쳐짐현상 발생건.본사 a/s 팀 유선 접수 장비임  2.접수 및 클레임 내용 - 본사 A/S 팀에서 수리 요청건으로 인해 사용자측 하자내용 청취 후 부품준비 - 아웃트리거 잭 실린더 쳐짐 현상 발생건 (후방 운전석, 전방 좌,우 3개 처졈 현상","1.점검내용:  - 잭 실린더 쳐짐현상 확인작업 - 체크밸브 상승후 체크밸브 연결호스 제거후 누유량 확인 - 누유량 조금 있음.  2.문제점 - 잭 실린더 연결 체크 밸브 내부 누유현상 발생  3.조치내용 - 잭 실린더 연결 체크 밸브 3개 교환(전방,좌우. 후방 운전석)후 작동테스트,체크 밸브 누유량 확인작업 누유량 미세함으로 인해 작동테스트후 조립 완료함.",,,N,,,N,,,,N,,222008,2026-04-09 15:45:21.387000,222008,2026-04-09 15:45:21.387000,,,1
QA2602211,P15,SH23101000,고객지원팀(특장),AS,2026-02-03 00:00:00,2026-02-03 00:00:00,SA00,,EC05600,ZZZZZ,2.00,,0,2268120795,A530000,66,2025-03-31 00:00:00,,N,Y,SH11610100,Y,500000.00,385000.00,500000.00,0.00,,"1.사용환경 및 작업내용  - 삼척시 활선 작업 2.접수 및 클레임 내용  - 영하 8도 이하일때 버켓에서 장비 작동 불능(부하율 램프 점등 불능)  - 작업자 의지와 상관없이 버켓 좌회전 오작동  - 1월30일9시11분 장비 작업중 정전기 발생되며 버켓에서 붐 작동 불능, 에러 다수 발생되며 부저 계속 울림(에러 31번[붐 기복 조이스틱(버켓)]/ 32번[붐 신축 조이스틱(버켓)]/ 33번[붐 선회 조이스틱(버켓)]","1.점검내용  - 광통신 보드 점검  - 암붐/ 버켓 조이스틱 점검  - 버켓에 붐 제어용 조이스틱 점검 2.문제점  - 광통신 보드 불량  - 암붐/ 버켓 조이스틱 불량  - FSG 3축 조이스틱 불량(정전기 반응) 3.조치내용  - 광통신 보드 다스사 제품으로 개조  - 암붐/ 버켓 조이스틱 교환  - FSG 3축 조이스틱 교환(고객분 정전기에 반응하는 조이스틱 불안해서 못 쓰시겠다고 하셔서 빠른 시일내에 대체품으로 교환 하기로 함)  -2월9일~10일 재 방문하여 FSG사 조이스틱을 GT사 조이스틱으로 샘플 적용(기존 전류 타입-> 전압 타입/ 기존 전원 12VDC-> 5VDC/ LOWER, BUCKET, HMI 프로그램 수정 입력)",,,N,,,N,,,,N,,222008,2026-04-10 13:18:11.343000,222008,2026-04-10 13:18:11.343000,,,1
QA2603001,P15,SH11610100,품질관리팀,QO,2026-03-03 00:00:00,2026-03-03 00:00:00,SA00,,,DC101,0.00,Y,0,,T1D1-0000000-00,389,,,N,N,,N,0.00,0.00,0.00,0.00,,특이사항 없음,,,,N,,,N,,N,,N,,421030,2026-03-03 14:14:22.277000,213068,2026-03-10 16:54:42.453000,,,
QA2603002,P20,SH11610100,품질관리팀,QO,2026-03-03 00:00:00,2026-03-04 00:00:00,SH00,H03,,CX215,0.00,Y,0,,C0024674,356,2026-03-03 00:00:00,,N,N,,N,0.00,0.00,0.00,0.00,,,,,,N,,,Y,2026-04-27 11:37:18.320000,N,,N,,213068,2026-03-04 08:30:58.990000,222009,2026-04-27 11:37:18.320000,,,
QA2603003,P20,SH11610100,품질관리팀,QO,2026-03-03 00:00:00,2026-03-04 00:00:00,SH00,H03,,CK201,0.00,Y,0,,J02000,166,2026-03-03 00:00:00,,N,N,,N,0.00,0.00,0.00,0.00,,,,,,N,,,Y,2026-04-27 11:37:23.070000,N,,N,,213068,2026-03-04 08:30:59.003000,222009,2026-04-27 11:37:23.070000,,,
QA2603004,P20,SH11610100,품질관리팀,QO,2026-03-03 00:00:00,2026-03-04 00:00:00,SH00,H01,,CK201,0.00,Y,0,,J01000,169,2026-03-03 00:00:00,,N,N,,N,0.00,0.00,0.00,0.00,,,,,,N,,,Y,2026-04-27 11:37:27.687000,N,,N,,213068,2026-03-04 08:30:59.020000,222009,2026-04-27 11:37:27.687000,,,
QA2603005,P20,SH11610100,품질관리팀,QO,2026-03-03 00:00:00,2026-03-04 00:00:00,SH00,H01,,CX202,0.00,Y,0,,C0027284,T0247,2026-03-03 00:00:00,,N,N,,N,0.00,0.00,0.00,0.00,,,,,,N,,,Y,2026-04-27 11:37:31.913000,N,,N,,213068,2026-03-04 08:30:59.037000,222009,2026-04-27 11:37:31.913000,,,
QA2603006,P20,SH22101000,생산팀(특장),QC,2026-03-03 00:00:00,2026-03-04 00:00:00,SA00,A02,,,4.00,H,0,,E1D1-0000000-00,337~340,,사내도장불량,,Y,SH22101000,N,0.00,0.00,0.00,0.00,,도장 색상 부적합-수산황색인데 회색도장됨,3EA 투입완료 (1EA는 도장색상 불량) 으로 재투입 (중앙도장) 1EA 수정도장 완료하여 투입함,,,N,,,Y,2026-04-18 10:28:17.257000,,,N,,422001,2026-03-04 16:55:32.437000,499162,2026-04-18 10:28:17.257000,2026-03-05 14:02:31.173000,,
QA2603007,P20,SH11610100,품질관리팀,QO,2026-02-24 00:00:00,2026-03-05 00:00:00,SH00,H03,,CX205,0.00,Y,0,,C0028714,4898,2026-02-24 00:00:00,,N,N,,N,0.00,0.00,0.00,0.00,,,,,,N,,,Y,2026-04-27 11:37:41.383000,N,,N,,222009,2026-03-05 13:55:35.603000,222009,2026-04-27 11:37:41.383000,,,
QA2603008,P20,SH11610100,품질관리팀,QO,2026-02-25 00:00:00,2026-03-05 00:00:00,SH00,H03,,CX101,0.00,Y,0,,C0033224,413,2026-02-25 00:00:00,,N,N,,N,0.00,0.00,0.00,0.00,,,,,,N,,,Y,2026-04-27 11:37:37.170000,N,,N,,222009,2026-03-05 13:55:35.620000,222009,2026-04-27 11:37:37.170000,,,
QA2603009,P20,SH11610100,품질관리팀,QO,2026-03-04 00:00:00,2026-03-05 00:00:00,SH00,H03,,CK201,0.00,Y,0,,J02000,167,2026-03-04 00:00:00,,N,N,,N,0.00,0.00,0.00,0.00,,,,,,N,,,Y,2026-04-27 11:37:45.757000,N,,N,,222009,2026-03-05 14:18:49.090000,222009,2026-04-27 11:37:45.757000,,,
QA2603010,P20,SH11610100,품질관리팀,QO,2026-03-04 00:00:00,2026-03-05 00:00:00,SH00,H01,,CK201,0.00,Y,0,,J01000,170,2026-03-04 00:00:00,,N,N,,N,0.00,0.00,0.00,0.00,,,,,,N,,,Y,2026-04-27 11:37:50.920000,N,,N,,222009,2026-03-05 14:18:49.103000,222009,2026-04-27 11:37:50.920000,,,
QA2603011,P20,SH11610100,품질관리팀,QO,2026-03-04 00:00:00,2026-03-05 00:00:00,SH00,H03,,CX202,0.00,Y,0,,C0029577,5062,2026-03-04 00:00:00,,N,N,,N,0.00,0.00,0.00,0.00,,,,,,N,,,Y,2026-04-27 11:37:56.567000,N,,N,,222009,2026-03-05 14:18:49.120000,222009,2026-04-27 11:37:56.567000,,,
QA2603012,P20,SH11610100,품질관리팀,QO,2026-02-27 00:00:00,2026-03-05 00:00:00,SH00,H01,,CX205,0.00,Y,0,,J11000,4665,2026-02-27 00:00:00,,N,N,,N,0.00,0.00,0.00,0.00,,,,,,N,,,Y,2026-04-27 11:39:39.257000,N,,N,,222009,2026-03-05 14:56:19.560000,222009,2026-04-27 11:39:39.257000,,,
QA2603013,P20,SH22101000,생산팀(특장),QC,2026-03-03 00:00:00,2026-03-05 00:00:00,SA00,A07,EC20100,ZZZZZ,1.00,E,0,6038139467,WC10000000,75,,클레임,,Y,SH11610100,N,0.00,0.00,0.00,0.00,,rexroth /40컨트롤러 ch2 cl2통신라인 저항값 이상 통신연결이상,재고없음으로 업체방문 반출. 원인분석결과 프로그램 정상적인 플래싱안됨. 해당 컨트롤러 플래싱 재차 작업진행후 입고완료.3/6일. 현장 점검 및 교체공수 패널티처리예정 ,,,N,,,Y,2026-04-18 10:28:39.770000,,,N,,422001,2026-03-05 15:57:59.397000,499162,2026-04-18 10:28:39.770000,2026-03-06 13:59:04.070000,,
QA2603014,P20,SH22101000,생산팀(특장),QC,2026-03-03 00:00:00,2026-03-05 00:00:00,SA00,A03,M105300B,ZZZZZ,1.00,A,0,1240395293,WC10000000,87,,,,Y,SH11610100,N,0.00,0.00,0.00,0.00,,아웃트리거 메인V/V 레버 링크 핀 불량,업체 내용전달후 PIN 입고완료,,,N,,,Y,2026-04-18 10:28:56.903000,,,N,,422001,2026-03-05 15:59:58.427000,499162,2026-04-18 10:28:56.903000,2026-03-10 14:07:45.040000,,
QA2603015,P20,SH22101000,생산팀(특장),QC,2026-03-03 00:00:00,2026-03-05 00:00:00,SA00,A03,WR27000,OE201,1.00,N,0,4018122865,WC10000000,87,,,,Y,SH11610100,N,0.00,0.00,0.00,0.00,,마지막 반사판 불량-한쪽방향으로 입고됨 ,대우쪽 별도 제공 요청.입고완료,,,N,,,Y,2026-04-18 10:29:05.647000,,,N,,422001,2026-03-05 16:01:56.980000,499162,2026-04-18 10:29:05.647000,2026-03-19 08:49:12.067000,,
QA2603016,P20,SH22101000,생산팀(특장),QC,2026-03-03 00:00:00,2026-03-05 00:00:00,SA00,A01,3400055-00U15AE,ZZZZZ,11.00,H,0,1248131958,A760000,1~11,,,,Y,SH22101000,N,0.00,0.00,0.00,0.00,,"실린더 색상 흰색인데 청색으로 도장되어 입고됨.수량 3종LIFT CYL',SLAVE CYL',MASTER CYL' 각 11EA, 총 33EA ",실린더 3종 기존 공급분과 동일하게 청색 페인트 상도 진행하여 입고된 것으로 확인 설비 문제로 흰색 상도 진행시 품질 보증 불가로 사내에서 도장 진행함 ,,,N,,,Y,2026-04-18 10:29:17.917000,,,N,,422001,2026-03-05 16:06:08.360000,499162,2026-04-18 10:29:17.917000,2026-03-05 18:17:20.003000,,
QA2603017,P20,SH22101000,생산팀(특장),QC,2026-03-03 00:00:00,2026-03-05 00:00:00,SA00,A01,A522105A,ZZZZZ,2.00,O,0,1248131958,A760000,1~2,,,,Y,SH22101000,N,0.00,0.00,0.00,0.00,,FRP 붐 RET' WIRE 핀홀 불량 확인 요청,사내외주(JJ테크) END BOOM BONDING 작업 시 내측 PLATE와 PIN HOLE 단차 발생함 현장수정조치완료. 사내외주 조립시 유의하여 작업 내용전달함.,,,N,,,Y,2026-04-18 10:29:31.847000,,,N,,422001,2026-03-05 16:08:51.977000,499162,2026-04-18 10:29:31.847000,2026-03-05 18:17:20.003000,,
QA2603018,P20,SH22101000,생산팀(특장),QC,2026-03-04 00:00:00,2026-03-05 00:00:00,SA00,A02,DR04400,ZZZZZ,1.00,D,0,1398106150,E1D1-0000000-00,340,,,,Y,SH11610100,N,0.00,0.00,0.00,0.00,,D/C/BAL V/V 내부 카트리지 SEAL이물질 나옴,업체 D/C/BAL V/V 카트리지 조립시 들어가는 부속이 빠진것같다고함. 재고분 선투입완료 고품 업체화물발송 원인분석 및 교체품 신품 입고요청완료.,,,N,,,Y,2026-04-18 10:31:21.720000,,,N,,422001,2026-03-05 16:10:22.297000,499162,2026-04-18 10:31:21.720000,2026-03-10 14:07:45.040000,,
QA2603019,P20,SH22101000,생산팀(특장),QC,2026-03-04 00:00:00,2026-03-05 00:00:00,SA00,A02,DC57350001-V,DC103,1.00,B,120,2768600824,D490000,85,,클레임,,Y,SH11231200,N,0.00,0.00,0.00,0.00,,FUEL TANK 후방 파이프 용접부 누유,업체방문 탈거후 반출수정 입고장착 조치완료. 현장 점검 및 전기박스 탈부착 작업지원공수 패널티처리예정,,라인조립시에는 XXX XXX XXX XXX XXX test시 XXX XXX XXX XXX,N,,,Y,2026-04-18 10:31:46.780000,,,N,,422001,2026-03-05 16:11:25.743000,499162,2026-04-18 10:31:46.780000,2026-03-05 18:17:20.003000,,
QA2603020,P20,SH22101000,생산팀(특장),QC,2026-03-04 00:00:00,2026-03-05 00:00:00,SA00,A01,Z2P1-1205000-10,AT402,5.00,B,0,1248131958,Z5P1-MPPV000-00,856~860,,,,Y,SH22101000,N,0.00,0.00,0.00,0.00,,붐 마스터 실린더 조립부 6번 단품 절곡불량으로 조립불가,"1라인,제관라인 수정 작업 조치완료",,,N,,,Y,2026-04-18 10:32:28.013000,,,N,,422001,2026-03-05 16:13:01.073000,499162,2026-04-18 10:32:28.013000,2026-03-05 18:17:20.003000,,
QA2603021,P20,SH22101000,생산팀(특장),QC,2026-03-04 00:00:00,2026-03-05 00:00:00,SA00,A01,Z5P3-3205000-04,AT402,5.00,B,0,1408131509,Z5P1-MPPV000-00,856~860,,클레임-재도장비용,,Y,SH11231200,N,0.00,0.00,0.00,0.00,,"프레임 화살표 크기작아 조립불가 S:375mm, A:320mm.구동쪽 동일함.총10EA",업체 화살표 제작불량으로 신규제작 전착후 입고요청. 상도 재도장비용 패널티처리예정,,,N,,,Y,2026-04-18 10:32:44.080000,,,N,,422001,2026-03-05 16:15:12.483000,499162,2026-04-18 10:32:44.080000,2026-03-07 08:35:11.740000,,
QA2603022,P20,SH22101000,생산팀(특장),QC,2026-03-05 00:00:00,2026-03-05 00:00:00,SA00,A01,T1N1-3201000-10,AT105,1.00,H,0,1248131958,T1I1-MPPV000-00,596,,사내도장불량,,Y,SH22101000,N,0.00,0.00,0.00,0.00,,엑셀 내부 도장 불량-벚겨짐,사내도장 수정조치완료,,,N,,,Y,2026-04-18 10:32:56.910000,,,N,,422001,2026-03-05 17:36:21.150000,499162,2026-04-18 10:32:56.910000,2026-03-05 18:17:20.003000,,
QA2603023,P20,SH22101000,생산팀(특장),QC,2026-03-05 00:00:00,2026-03-05 00:00:00,SA00,A03,WR00300,OE201,1.00,D,0,1138150315,WC10000000,80,,,,Y,SH11610100,N,0.00,0.00,0.00,0.00,,8연 밸브 1EA 레버 복귀 안됨,업체방문 수정조치완료. 레버 SPOOL 커버내측 축 규격불량으로 교체후 정상작동함,,,N,,,Y,2026-04-18 10:33:11.730000,,,N,,422001,2026-03-05 17:39:06.777000,499162,2026-04-18 10:33:11.730000,2026-03-06 13:59:04.070000,,
QA2603024,P20,SH11610100,품질관리팀,QO,2026-03-05 00:00:00,2026-03-06 00:00:00,SH00,H01,,CX205,0.00,Y,0,,J11000,4664,2026-03-05 00:00:00,,N,N,,N,0.00,0.00,0.00,0.00,,,,,,N,,,Y,2026-04-27 11:39:53.793000,N,,N,,222009,2026-03-06 08:33:45.710000,222009,2026-04-27 11:39:53.793000,,,
QA2603025,P20,SH11610100,품질관리팀,QC,2026-03-05 00:00:00,2026-03-06 00:00:00,SH00,H03,C0024235,CX205,1.00,B,0,1248671687,J11S06,,,,N,Y,SH11231200,N,0.00,860.00,0.00,0.00,R03,"   원인 : 후면 보강 철판 용접 비드 부적합    현상 : 조립공구 용접 비드 간섭, M22 육각볼트 조립 불가    "," 조치 : 태현ENG 내사 수정, 재발방지대책서 회신요청 ",,,N,,,Y,2026-04-27 11:40:02,,,N,,222009,2026-03-06 16:10:48.620000,222009,2026-04-27 11:40:02,2026-03-17 10:20:30.790000,,0
QA2603026,P20,SH22101000,생산팀(특장),QC,2026-03-06 00:00:00,2026-03-06 00:00:00,SA00,A02,,,2.00,H,0,,D010000,207~208,,사내도장불량,,Y,SH22101000,N,0.00,0.00,0.00,0.00,,도장불량 회색으로 재도장 요청,수정 도장완료. 본넷 ASS'Y 입고 시 같이 입고되는 커버라 색상오류 다수 발생함 구분해서 따로 입고 가능한지 검토 필요,,,N,,,Y,2026-04-18 10:33:21.523000,,,N,,422001,2026-03-06 16:55:42.507000,499162,2026-04-18 10:33:21.523000,2026-03-07 08:35:11.740000,,
QA2603027,P20,SH22101000,생산팀(특장),QC,2026-03-06 00:00:00,2026-03-09 00:00:00,SA00,A02,D8C1-2008000-06,ZZZZZ,1.00,P,0,1248131958,E1D1-0000000-00,338,,,,Y,SH24101000,N,0.00,0.00,0.00,0.00,,"붐,덤프크레비스,LINK,GUIDE TILTING CYL' 조립 어려움 ","TOTAL 조립시 가공공차 여유없음 및 단품 도장후 조립성 어려움으로 천공기개발팀에 GUIDE TILTING CYL', LINK, DUMP CLEVICE,BOOM 검토후 가공공차 여유 조립성 개선요청함",,,N,,,Y,2026-04-18 10:34:09.940000,,,N,,422001,2026-03-09 08:17:10.780000,499162,2026-04-18 10:34:09.940000,2026-03-10 14:07:45.040000,,
QA2603028,P20,SH22101000,생산팀(특장),QC,2026-03-06 00:00:00,2026-03-09 00:00:00,SA00,A01,A562179C,ZZZZZ,11.00,Q,0,1248131958,A760000,1~11,,개발장비건,,Y,SH24104000,N,0.00,0.00,0.00,0.00,,2단BOOM 상단ROLLER PIN 붐상단 절단부 간섭으로 조립불가,BOOM ROLLER PIN 설계변경으로 인해 2단붐 간섭됨. 특장개발팀 검토후 ROLLER PIN 도면설변후 입고분 업체반출수정 입고완료,,,N,,,Y,2026-04-18 10:35:22.280000,,,N,,422001,2026-03-09 08:18:00.557000,499162,2026-04-18 10:35:22.280000,2026-03-19 08:35:59.993000,,
QA2603029,P20,SH22101000,생산팀(특장),QC,2026-03-06 00:00:00,2026-03-09 00:00:00,SA00,A01,Z5P1-2101000-19,AT402,5.00,P,0,1248131958,Z5P1-MPPV000-00,856~860,,,,Y,SH24103000,N,0.00,0.00,0.00,0.00,,현대미포 보조연료 탱크 턴테이블 간섭됨,"턴테이블 내측 연료보조탱크 조립시 17번 단품 간섭으로 현장수정 조치완료. 설계팀 17번 단품, 턴테이블 중앙커버 TAP 및 홀위치변경 요청함",,,N,,,Y,2026-04-18 10:35:40.033000,,,N,,422001,2026-03-09 08:20:36.563000,499162,2026-04-18 10:35:40.033000,2026-03-10 14:07:45.040000,,
QA2603030,P20,SH22101000,생산팀(특장),QC,2026-03-06 00:00:00,2026-03-09 00:00:00,SA00,A01,A522101N,SI202,2.00,B,0,1248131958,A760000,1~2,,개발장비건,,Y,SH22101050,N,0.00,0.00,0.00,0.00,,1단 BOOM 상단 TAP PLATE 취부 누락-제관라인,제관 수정 작업 진행 완료.추후분 확인후 수정요청함,,,N,,,Y,2026-04-18 10:36:10.253000,,,N,,422001,2026-03-09 08:24:08.793000,499162,2026-04-18 10:36:10.253000,2026-03-10 14:07:45.040000,,
QA2603033,P20,SH22101000,생산팀(특장),QC,2026-03-09 00:00:00,2026-03-09 00:00:00,SA00,A07,8140000-JM10000,ZZZZZ,1.00,E,0,1248667387,J8B1-0000000-00,395,,,,Y,SH11610100,N,0.00,0.00,0.00,0.00,,디지탈각도계 셋팅시 전원꺼짐-인디게이터 불량으로 추정,재고분 선교체완료. 고품 업체화물발송 확인후 수정입고완료,,,N,,,Y,2026-04-18 10:36:37.617000,,,N,,422001,2026-03-09 16:01:11.080000,499162,2026-04-18 10:36:37.617000,2026-03-19 16:22:53.953000,,
QA2603034,P20,SH22101000,생산팀(특장),QC,2026-03-09 00:00:00,2026-03-09 00:00:00,SA00,A07,EW07220,ZZZZZ,1.00,E,0,1308687694,WC10000000,81,,,,Y,SH22103000,N,0.00,0.00,0.00,0.00,,"상부박스 케이블부 파손, 보관 이동 중 찍힌 걸로 추정됨",추후분 선조치완료. 고품 업체 화물발송 배선재작업후 입고완료,2026-03-25 00:00:00,XXX/ XXX XXX XXX XXX 자재팀으로 XXX XXX,N,,,Y,2026-04-18 10:37:17.820000,,,N,,422001,2026-03-09 16:02:19.153000,499162,2026-04-18 10:37:17.820000,2026-03-11 10:35:02.883000,,
QA2603035,P20,SH22101000,생산팀(특장),QC,2026-03-09 00:00:00,2026-03-09 00:00:00,SA00,A01,T1I1-1501000-17,AT107,3.00,M,0,1248131958,T1I1-MPPV000-00,596~598,,,,Y,SH22101000,N,0.00,0.00,0.00,0.00,,1단붐 M/T PIN 조립부 ROUND BAR 구리스 니뿔 PT 1/4 TAP 가공누락됨," T-260I 2대분 1라인 수정조치완료, T-260I,MP-260 2대분 가공라인 수정조치완료. 붐제관단품 29번 ROUND BAR 설변도면 업체배포누락.생산팀 담당자 조치요청",,,N,,,Y,2026-04-18 10:38:15.360000,,,N,,422001,2026-03-09 16:08:11.173000,499162,2026-04-18 10:38:15.360000,2026-03-10 14:07:45.040000,,
QA2603037,P20,SH22101000,생산팀(특장),QC,2026-03-09 00:00:00,2026-03-10 00:00:00,SA00,A01,6171-73000A,ZZZZZ,22.00,Q,0,1248131958,A760000,1~11,,개발장비건,,Y,SH24104000,N,0.00,0.00,0.00,0.00,,측면 DUST COVER HOLE 설계불량-도면상 M6 TAP으로 되있음. BOOM M8 TAP임,특장개발팀 작업시방서 배포.HOLE 9파이 가공 현장수정 조치완료.,,,N,,,Y,2026-04-18 10:38:50.313000,,,N,,422001,2026-03-10 11:28:38.873000,499162,2026-04-18 10:38:50.313000,2026-03-11 10:35:02.883000,,
QA2603038,P20,SH11220000,CR생산팀,QC,2026-03-09 00:00:00,2026-03-10 00:00:00,SH00,H01,E11375WW,CX203,13.00,B,120,1358629724,E11001,,,,,Y,SH11231200,N,0.00,0.00,0.00,0.00,,5단 반달쉬브 위치 불량 현상 : 붐 상부 반달 쉬브 BKT 위치 부적합 SPEC:300 / ACT:275 원인 : 작업자 도면 확인 실수 ,"03/10 신호 내방후, 수정작업 완료",,,N,,,Y,2026-04-27 11:40:13.230000,,,N,,213087,2026-03-10 15:58:44.937000,222009,2026-04-27 11:40:13.230000,2026-03-17 10:20:30.790000,,
QA2603039,P20,SH11220000,CR생산팀,QC,2026-03-09 00:00:00,2026-03-10 00:00:00,SH00,H01,E11403WW,CX203,13.00,B,120,1358629724,E11001,,,,,Y,SH11231200,N,0.00,0.00,0.00,0.00,,6단 반달쉬브 위치 불량 현상 : 붐 상부 반달 쉬브 BKT 위치 부적합 SPEC:300 / ACT:275 원인 : 작업자 도면 확인 실수,"03/10 신호 내방후, 수정작업 완료    ",,,N,,,Y,2026-04-27 11:40:20.470000,,,N,,213087,2026-03-10 16:00:56.973000,222009,2026-04-27 11:40:20.470000,2026-03-17 10:20:30.790000,,
QA2603040,P20,SH11220000,CR생산팀,QC,2026-03-10 00:00:00,2026-03-10 00:00:00,SH00,H03,C0033686,CK201,1.00,E,60,1308687694,C0058686-X9-1,,,,,Y,SH11231200,N,0.00,0.00,0.00,0.00,,현상 : 전기 인가시 크레인 동작 안됨. 수량 1대 원인 : 한경전자 포스트하네스 커넥터 핀 위치 반대로 오조립(업체),"03/11 한경전자 내방후, 수정진행, 사내재고 11개까지 추가 확인 예정",,,N,,,Y,2026-04-27 11:40:25.150000,,,N,,213087,2026-03-10 16:04:46.983000,222009,2026-04-27 11:40:25.150000,2026-03-17 10:20:30.790000,,
QA2603041,P20,SH11610100,품질관리팀,QO,2026-03-10 00:00:00,2026-03-10 00:00:00,SH00,H03,,CX202,0.00,Y,0,,A63751,62,2026-03-10 00:00:00,,N,N,,N,0.00,0.00,0.00,0.00,,특이사항 없음,,,,N,,,Y,2026-04-27 11:40:39.857000,N,,N,,213068,2026-03-10 16:54:42.460000,222009,2026-04-27 11:40:39.857000,,,
QA2603042,P20,SH11610100,품질관리팀,QO,2026-03-10 00:00:00,2026-03-10 00:00:00,SH00,H01,,CX205,0.00,Y,0,,J11000,4666,2026-03-10 00:00:00,,N,N,,N,0.00,0.00,0.00,0.00,,특이사항 없음,,,,N,,,Y,2026-04-27 11:40:45.200000,N,,N,,213068,2026-03-10 16:54:42.477000,222009,2026-04-27 11:40:45.200000,,,
QA2603043,P20,SH11610100,품질관리팀,QO,2026-03-10 00:00:00,2026-03-10 00:00:00,SH00,H01,,CX202,0.00,Y,0,,C0027284,T0248,2026-03-10 00:00:00,,N,N,,N,0.00,0.00,0.00,0.00,,특이사항 없음,,,,N,,,Y,2026-04-27 11:40:49.497000,N,,N,,213068,2026-03-10 16:54:42.490000,222009,2026-04-27 11:40:49.497000,,,
QA2603044,P20,SH11610100,품질관리팀,QO,2026-03-10 00:00:00,2026-03-10 00:00:00,SH00,H01,,CX215,0.00,Y,0,,C0024673,464,2026-03-10 00:00:00,,N,N,,N,0.00,0.00,0.00,0.00,,특이사항 없음,,,,N,,,Y,2026-04-27 11:40:54.177000,N,,N,,213068,2026-03-10 16:54:42.507000,222009,2026-04-27 11:40:54.177000,,,
QA2603045,P15,SH11610100,품질관리팀,QO,2026-03-11 00:00:00,2026-03-11 00:00:00,SA00,A03,,OE201,1.00,H,0,,WC10000000,33,,,N,N,,N,0.00,0.00,0.00,0.00,,"운전석 1, 3축 조수석 1, 2, 3축 언더코팅 제거 필요",,,,N,,,N,,N,,N,,421088,2026-03-11 11:00:57.857000,421088,2026-03-11 11:00:57.857000,,,
QA2603046,P15,SH11610100,품질관리팀,QO,2026-03-11 00:00:00,2026-03-11 00:00:00,SA00,A03,,OE201,1.00,H,0,,WC10000000,33,,,N,N,,N,0.00,0.00,0.00,0.00,,"조수석 소형 사이드가드 언더코팅 제거, 도장 필요",,,,N,,,N,,N,,N,,421088,2026-03-11 11:00:57.870000,421088,2026-03-11 11:00:57.870000,,,
QA2603047,P15,SH11610100,품질관리팀,QO,2026-03-11 00:00:00,2026-03-11 00:00:00,SA00,A03,,OE201,1.00,H,0,,WC10000000,33,,,N,N,,N,0.00,0.00,0.00,0.00,,차량 후부 안전판 표시부 녹발생,,,,N,,,N,,N,,N,,421088,2026-03-11 11:00:57.887000,421088,2026-03-11 11:00:57.887000,,,
QA2603048,P15,SH11610100,품질관리팀,QO,2026-03-11 00:00:00,2026-03-11 00:00:00,SA00,A03,,OE201,1.00,H,0,,WC10000000,33,,,N,N,,N,0.00,0.00,0.00,0.00,,언더리프트 표시부 녹발생,,,,N,,,N,,N,,N,,421088,2026-03-11 11:00:57.900000,421088,2026-03-11 11:00:57.900000,,,
QA2603049,P15,SH11610100,품질관리팀,QO,2026-03-11 00:00:00,2026-03-11 00:00:00,SA00,A03,,OE201,1.00,H,0,,WC10000000,33,,,N,N,,N,0.00,0.00,0.00,0.00,,언더리프트 표시부 도장 필요,,,,N,,,N,,N,,N,,421088,2026-03-11 11:00:57.917000,421088,2026-03-11 11:00:57.917000,,,
QA2603050,P15,SH11610100,품질관리팀,QO,2026-03-11 00:00:00,2026-03-11 00:00:00,SA00,A03,,OE201,1.00,H,0,,WC10000000,33,,,N,N,,N,0.00,0.00,0.00,0.00,,"소형, 대형 견인바 표시부 녹발생",,,,N,,,N,,N,,N,,421088,2026-03-11 11:00:57.933000,421088,2026-03-11 11:00:57.933000,,,
QA2603051,P15,SH11610100,품질관리팀,QO,2026-03-11 00:00:00,2026-03-11 00:00:00,SA00,A03,,OE201,1.00,H,0,,WC10000000,33,,,N,N,,N,0.00,0.00,0.00,0.00,,타이어 체인 보관함 볼트 터치업,,,,N,,,N,,N,,N,,421088,2026-03-11 11:00:57.950000,421088,2026-03-11 11:00:57.950000,,,
QA2603052,P15,SH11610100,품질관리팀,QO,2026-03-11 00:00:00,2026-03-11 00:00:00,SA00,A03,,OE201,1.00,H,0,,WC10000000,34,,,N,N,,N,0.00,0.00,0.00,0.00,,"운전석, 조수석 1,2,3축 휀다 언더코팅 제거",,,,N,,,N,,N,,N,,421088,2026-03-11 11:06:06.553000,421088,2026-03-11 11:06:06.553000,,,
QA2603053,P15,SH11610100,품질관리팀,QO,2026-03-11 00:00:00,2026-03-11 00:00:00,SA00,A03,,OE201,1.00,H,0,,WC10000000,34,,,N,N,,N,0.00,0.00,0.00,0.00,,운전석 에어탱크 표시부 언더코팅 제거,,,,N,,,N,,N,,N,,421088,2026-03-11 11:06:06.570000,421088,2026-03-11 11:06:06.570000,,,
QA2603054,P15,SH11610100,품질관리팀,QO,2026-03-11 00:00:00,2026-03-11 00:00:00,SA00,A03,,OE201,1.00,H,0,,WC10000000,34,,,N,N,,N,0.00,0.00,0.00,0.00,,쐐기 고정 브라켓 녹발생,,,,N,,,N,,N,,N,,421088,2026-03-11 11:06:06.583000,421088,2026-03-11 11:06:06.583000,,,
QA2603055,P15,SH11610100,품질관리팀,QO,2026-03-11 00:00:00,2026-03-11 00:00:00,SA00,A03,,OE201,1.00,H,0,,WC10000000,34,,,N,N,,N,0.00,0.00,0.00,0.00,,후방 번호판 브라켓 안쪽 도장 필요,,,,N,,,N,,N,,N,,421088,2026-03-11 11:06:06.600000,421088,2026-03-11 11:14:23.553000,,,
QA2603056,P15,SH11610100,품질관리팀,QO,2026-03-11 00:00:00,2026-03-11 00:00:00,SA00,A03,,OE201,1.00,H,0,,WC10000000,34,,,N,N,,N,0.00,0.00,0.00,0.00,,"스윙 감속기, 후방 윈치 감속기 TAP 부 녹발생",,,,N,,,N,,N,,N,,421088,2026-03-11 11:06:06.613000,421088,2026-03-11 11:06:06.613000,,,
QA2603057,P15,SH11610100,품질관리팀,QO,2026-03-11 00:00:00,2026-03-11 00:00:00,SA00,A03,,OE201,1.00,H,0,,WC10000000,34,,,N,N,,N,0.00,0.00,0.00,0.00,,"언더리프트 표시부 도장 필요, 녹발생",,,,N,,,N,,N,,N,,421088,2026-03-11 11:06:06.630000,421088,2026-03-11 11:06:06.630000,,,
QA2603058,P15,SH11610100,품질관리팀,QO,2026-03-11 00:00:00,2026-03-11 00:00:00,SA00,A03,,OE201,1.00,H,0,,WC10000000,34,,,N,N,,N,0.00,0.00,0.00,0.00,,윈치 조작레버 언더코팅 제거,,,,N,,,N,,N,,N,,421088,2026-03-11 11:06:06.647000,421088,2026-03-11 11:06:06.647000,,,
QA2603059,P15,SH11610100,품질관리팀,QO,2026-03-11 00:00:00,2026-03-11 00:00:00,SA00,A03,,OE201,1.00,Z,0,,WC10000000,34,,,N,N,,N,0.00,0.00,0.00,0.00,,타이어 체인 보관함 스티커 재부착,,,,N,,,N,,N,,N,,421088,2026-03-11 11:06:06.660000,421088,2026-03-11 11:06:06.660000,,,
QA2603060,P15,SH11610100,품질관리팀,QO,2026-03-11 00:00:00,2026-03-11 00:00:00,SA00,A03,,OE201,1.00,H,0,,WC10000000,34,,,N,N,,N,0.00,0.00,0.00,0.00,,타이어 체인 보관함 볼트 장착 및 도장 필요,,,,N,,,N,,N,,N,,421088,2026-03-11 11:06:06.677000,421088,2026-03-11 11:06:06.677000,,,
QA2603061,P15,SH11610100,품질관리팀,QO,2026-03-11 00:00:00,2026-03-11 00:00:00,SA00,A03,,OE201,1.00,H,0,,WC10000000,35,,,N,N,,N,0.00,0.00,0.00,0.00,,"언더리프트 표시부 도장 필요, 녹발생",,,,N,,,N,,N,,N,,421088,2026-03-11 11:14:23.560000,421088,2026-03-11 11:14:23.560000,,,
QA2603062,P15,SH11610100,품질관리팀,QO,2026-03-11 00:00:00,2026-03-11 00:00:00,SA00,A03,,OE201,1.00,H,0,,WC10000000,35,,,N,N,,N,0.00,0.00,0.00,0.00,,후미등 보호 커버 터치업,,,,N,,,N,,N,,N,,421088,2026-03-11 11:14:23.577000,421088,2026-03-11 11:14:23.577000,,,
QA2603063,P15,SH11610100,품질관리팀,QO,2026-03-11 00:00:00,2026-03-11 00:00:00,SA00,A03,,OE201,1.00,H,0,,WC10000000,35,,,N,N,,N,0.00,0.00,0.00,0.00,,연료탱크 고정 밴드 표시부 터치업,,,,N,,,N,,N,,N,,421088,2026-03-11 11:14:23.590000,421088,2026-03-11 11:14:23.590000,,,
QA2603064,P15,SH11610100,품질관리팀,QO,2026-03-11 00:00:00,2026-03-11 00:00:00,SA00,A03,,OE201,1.00,H,0,,WC10000000,35,,,N,N,,N,0.00,0.00,0.00,0.00,,타이어 체인 보관함 언더코팅 제거,,,,N,,,N,,N,,N,,421088,2026-03-11 11:14:23.607000,421088,2026-03-11 11:14:23.607000,,,
QA2603065,P15,SH11610100,품질관리팀,QO,2026-03-11 00:00:00,2026-03-11 00:00:00,SA00,A03,,OE201,1.00,H,0,,WC10000000,35,,,N,N,,N,0.00,0.00,0.00,0.00,,타이어 체인 보관함 볼트 도장 필요,,,,N,,,N,,N,,N,,421088,2026-03-11 11:14:23.623000,421088,2026-03-11 11:14:23.623000,,,
QA2603066,P15,SH11610100,품질관리팀,QO,2026-03-11 00:00:00,2026-03-11 00:00:00,SA00,A03,,OE201,1.00,H,0,,WC10000000,35,,,N,N,,N,0.00,0.00,0.00,0.00,,"운전석, 조수석 1,2,3 축 휀다 언더코팅 제거",,,,N,,,N,,N,,N,,421088,2026-03-11 11:14:23.640000,421088,2026-03-11 11:14:23.640000,,,
QA2603067,P15,SH11610100,품질관리팀,QO,2026-03-11 00:00:00,2026-03-11 00:00:00,SA00,A03,,OE201,1.00,H,0,,WC10000000,35,,,N,N,,N,0.00,0.00,0.00,0.00,,조수석 측 소형 사이드가드 측 표시부 녹발생,,,,N,,,N,,N,,N,,421088,2026-03-11 11:14:23.653000,421088,2026-03-11 11:14:23.653000,,,
QA2603068,P15,SH11610100,품질관리팀,QO,2026-03-11 00:00:00,2026-03-11 00:00:00,SA00,A03,,OE201,1.00,H,0,,WC10000000,35,,,N,N,,N,0.00,0.00,0.00,0.00,,작동유 탱크 표시부 녹발생,,,,N,,,N,,N,,N,,421088,2026-03-11 11:14:23.670000,421088,2026-03-11 11:14:23.670000,,,
QA2603069,P15,SH11610100,품질관리팀,QO,2026-03-11 00:00:00,2026-03-11 00:00:00,SA00,A03,,OE201,1.00,H,0,,WC10000000,35,,,N,N,,N,0.00,0.00,0.00,0.00,,쐐기 고정 브라켓 녹발생,,,,N,,,N,,N,,N,,421088,2026-03-11 11:14:23.683000,421088,2026-03-11 11:14:23.683000,,,
QA2603070,P15,SH11610100,품질관리팀,QO,2026-03-11 00:00:00,2026-03-11 00:00:00,SA00,A03,,OE201,1.00,H,0,,WC10000000,35,,,N,N,,N,0.00,0.00,0.00,0.00,,쐐기 표시부 도장 필요,,,,N,,,N,,N,,N,,421088,2026-03-11 11:14:23.700000,421088,2026-03-11 11:14:23.700000,,,
QA2603071,P15,SH11610100,품질관리팀,QO,2026-03-11 00:00:00,2026-03-11 00:00:00,SA00,A03,,OE201,1.00,H,0,,WC10000000,35,,,N,N,,N,0.00,0.00,0.00,0.00,,"스윙감속기, 후방윈치 감속기 측 녹발생",,,,N,,,N,,N,,N,,421088,2026-03-11 11:14:23.717000,421088,2026-03-11 11:14:23.717000,,,
QA2603072,P15,SH11610100,품질관리팀,QO,2026-03-11 00:00:00,2026-03-11 00:00:00,SA00,A03,,OE201,1.00,H,0,,WC10000000,35,,,N,N,,N,0.00,0.00,0.00,0.00,,바이스 표시부 녹발생,,,,N,,,N,,N,,N,,421088,2026-03-11 11:14:23.733000,421088,2026-03-11 11:14:23.733000,,,
QA2603073,P15,SH11610100,품질관리팀,QO,2026-03-11 00:00:00,2026-03-11 00:00:00,SA00,A03,,OE201,1.00,H,0,,WC10000000,36,,,N,N,,N,0.00,0.00,0.00,0.00,,"운전석, 조수석 측 1,2,3축 휀다 언더코팅 제거",,,,N,,,N,,N,,N,,421088,2026-03-11 11:17:16.743000,421088,2026-03-11 11:17:16.743000,,,
QA2603074,P15,SH11610100,품질관리팀,QO,2026-03-11 00:00:00,2026-03-11 00:00:00,SA00,A03,,OE201,1.00,H,0,,WC10000000,36,,,N,N,,N,0.00,0.00,0.00,0.00,,언더리프트 표시부 도장 필요,,,,N,,,N,,N,,N,,421088,2026-03-11 11:17:16.760000,421088,2026-03-11 11:17:16.760000,,,
QA2603075,P15,SH11610100,품질관리팀,QO,2026-03-11 00:00:00,2026-03-11 00:00:00,SA00,A03,,OE201,1.00,H,0,,WC10000000,36,,,N,N,,N,0.00,0.00,0.00,0.00,,조수석 2축 휠 도장 벗겨짐,,,,N,,,N,,N,,N,,421088,2026-03-11 11:17:16.773000,421088,2026-03-11 11:17:16.773000,,,
QA2603076,P15,SH11610100,품질관리팀,QO,2026-03-11 00:00:00,2026-03-11 00:00:00,SA00,A03,,OE201,1.00,H,0,,WC10000000,36,,,N,N,,N,0.00,0.00,0.00,0.00,,후미등 보호커버 녹발생,,,,N,,,N,,N,,N,,421088,2026-03-11 11:17:16.790000,421088,2026-03-11 11:17:16.790000,,,
QA2603077,P15,SH11610100,품질관리팀,QO,2026-03-11 00:00:00,2026-03-11 00:00:00,SA00,A03,,OE201,1.00,H,0,,WC10000000,36,,,N,N,,N,0.00,0.00,0.00,0.00,,조수석 측 전방 아우트리거 박스 내부 녹발생,,,,N,,,N,,N,,N,,421088,2026-03-11 11:17:16.807000,421088,2026-03-11 11:17:16.807000,,,
QA2603078,P15,SH11610100,품질관리팀,QO,2026-03-11 00:00:00,2026-03-11 00:00:00,SA00,A03,,OE201,1.00,H,0,,WC10000000,36,,,N,N,,N,0.00,0.00,0.00,0.00,,"스윙감속기, 후방 윈치 감속기 TAP 부 녹발생",,,,N,,,N,,N,,N,,421088,2026-03-11 11:17:16.820000,421088,2026-03-11 11:17:16.820000,,,
QA2603079,P15,SH11610100,품질관리팀,QO,2026-03-11 00:00:00,2026-03-11 00:00:00,SA00,A03,,OE201,1.00,H,0,,WC10000000,36,,,N,N,,N,0.00,0.00,0.00,0.00,,쐐기 표시부 녹발생,,,,N,,,N,,N,,N,,421088,2026-03-11 11:17:16.837000,421088,2026-03-11 11:17:16.837000,,,
QA2603080,P15,SH11610100,품질관리팀,QO,2026-03-11 00:00:00,2026-03-11 00:00:00,SA00,A03,,OE201,1.00,H,0,,WC10000000,36,,,N,N,,N,0.00,0.00,0.00,0.00,,"타이어 체인 보관함 볼트 도장 조립, 도장 필요",,,,N,,,N,,N,,N,,421088,2026-03-11 11:17:16.853000,421088,2026-03-11 11:17:16.853000,,,
QA2603081,P15,SH11610100,품질관리팀,QO,2026-03-11 00:00:00,2026-03-11 00:00:00,SA00,A03,,OE201,1.00,H,0,,WC10000000,37,,,N,N,,N,0.00,0.00,0.00,0.00,,"운전석, 조수석 1,2,3축 휀다 언더코팅 제거",,,,N,,,N,,N,,N,,421088,2026-03-11 11:19:44.180000,421088,2026-03-11 11:19:44.180000,,,
QA2603082,P15,SH11610100,품질관리팀,QO,2026-03-11 00:00:00,2026-03-11 00:00:00,SA00,A03,,OE201,1.00,H,0,,WC10000000,37,,,N,N,,N,0.00,0.00,0.00,0.00,,조수석 측 전방 아우트리거 박스 내부 녹발생,,,,N,,,N,,N,,N,,421088,2026-03-11 11:19:44.193000,421029,2026-03-11 11:27:27.560000,,,
QA2603083,P15,SH11610100,품질관리팀,QO,2026-03-11 00:00:00,2026-03-11 00:00:00,SA00,A03,,OE201,1.00,H,0,,WC10000000,37,,,N,N,,N,0.00,0.00,0.00,0.00,,언더리프트 표시부 녹발생,,,,N,,,N,,N,,N,,421088,2026-03-11 11:19:44.210000,421029,2026-03-11 11:27:38.850000,,,
QA2603084,P15,SH11610100,품질관리팀,QO,2026-03-11 00:00:00,2026-03-11 00:00:00,SA00,A03,,OE201,1.00,H,0,,WC10000000,37,,,N,N,,N,0.00,0.00,0.00,0.00,,쐐기 고정 브라켓 표시부 녹발생,,,,N,,,N,,N,,N,,421088,2026-03-11 11:19:44.223000,421088,2026-03-11 11:27:33.553000,,,
QA2603085,P15,SH11610100,품질관리팀,QO,2026-03-11 00:00:00,2026-03-11 00:00:00,SA00,A03,,OE201,1.00,H,0,,WC10000000,37,,,N,N,,N,0.00,0.00,0.00,0.00,,조수석 측 소형 사이드가드 언더코팅 제거,,,,N,,,N,,N,,N,,421088,2026-03-11 11:19:44.240000,421088,2026-03-11 11:27:22.137000,,,
QA2603086,P15,SH11610100,품질관리팀,QO,2026-03-11 00:00:00,2026-03-11 00:00:00,SA00,A03,,OE201,1.00,H,0,,WC10000000,38,,,N,N,,N,0.00,0.00,0.00,0.00,,"쐐기 고정브라켓, 쐐기 표시부 재도장",,,,N,,,N,,N,,N,,421088,2026-03-11 11:30:14.580000,421088,2026-03-11 11:30:14.580000,,,
QA2603087,P15,SH11610100,품질관리팀,QO,2026-03-11 00:00:00,2026-03-11 00:00:00,SA00,A03,,OE201,1.00,H,0,,WC10000000,38,,,N,N,,N,0.00,0.00,0.00,0.00,,바이스 표시부 녹발생,,,,N,,,N,,N,,N,,421088,2026-03-11 11:30:14.597000,421088,2026-03-11 11:30:14.597000,,,
QA2603088,P15,SH11610100,품질관리팀,QO,2026-03-11 00:00:00,2026-03-11 00:00:00,SA00,A03,,OE201,1.00,H,0,,WC10000000,38,,,N,N,,N,0.00,0.00,0.00,0.00,,"운전석 1, 3축 조수석 1, 3축 언더코팅 제거",,,,N,,,N,,N,,N,,421088,2026-03-11 11:30:14.613000,421088,2026-03-11 11:30:14.613000,,,
QA2603089,P15,SH11610100,품질관리팀,QO,2026-03-11 00:00:00,2026-03-11 00:00:00,SA00,A03,,OE201,1.00,H,0,,WC10000000,38,,,N,N,,N,0.00,0.00,0.00,0.00,,타이어 체인 보관함 볼트 도장 필요,,,,N,,,N,,N,,N,,421088,2026-03-11 11:30:14.627000,421088,2026-03-11 11:30:14.627000,,,
QA2603090,P15,SH11610100,품질관리팀,QO,2026-03-11 00:00:00,2026-03-11 00:00:00,SA00,A03,,OE201,1.00,H,0,,WC10000000,38,,,N,N,,N,0.00,0.00,0.00,0.00,,언더리프트 표시부 녹발생,,,,N,,,N,,N,,N,,421088,2026-03-11 11:30:14.643000,421088,2026-03-11 11:30:14.643000,,,
QA2603091,P15,SH11610100,품질관리팀,QO,2026-03-11 00:00:00,2026-03-11 00:00:00,SA00,A03,,OE201,1.00,H,0,,WC10000000,38,,,N,N,,N,0.00,0.00,0.00,0.00,,조수석 측 전방 아우트리거 박스 내부 녹발생,,,,N,,,N,,N,,N,,421088,2026-03-11 11:30:14.660000,421088,2026-03-11 11:30:14.660000,,,
QA2603092,P15,SH11610100,품질관리팀,QO,2026-03-11 00:00:00,2026-03-11 00:00:00,SA00,A03,,OE201,1.00,H,0,,WC10000000,38,,,N,N,,N,0.00,0.00,0.00,0.00,,"스윙감속기, 후방 윈치 TAP 부 녹발생",,,,N,,,N,,N,,N,,421088,2026-03-11 11:30:14.673000,421088,2026-03-11 11:30:14.673000,,,
QA2603093,P20,SH22101000,생산팀(특장),QC,2026-03-11 00:00:00,2026-03-11 00:00:00,SA00,A01,3300050-0001000,AT501,1.00,O,0,1248131958,T1I1-MPPV000-00,596,,,,Y,SH22101000,N,0.00,0.00,0.00,0.00,,게이트밸브 1개 불량-현장 작업자 V/V 피팅조립시 바이스에 물림시 변형감,작업자 조립 실수로 재고분 재조립후 완료,,,N,,,Y,2026-04-18 10:39:04.817000,,,N,,422001,2026-03-11 13:40:29.103000,499162,2026-04-18 10:39:04.817000,2026-03-12 10:14:14.467000,,
QA2603094,P20,SH22101000,생산팀(특장),QC,2026-03-11 00:00:00,2026-03-11 00:00:00,SA00,A02,500000V-J14E180,ZZZZZ,2.00,N,0,6098124002,D040000,209,,,,Y,SH11610100,N,0.00,0.00,0.00,0.00,,"S/K TEE 불량입고. 1""×1""×1/2입고됨. LIST상 3/4x3/4x1/2""임",재고분 선투입완료. 업체내용전달 및 납품시 확인요청함.,,,N,,,Y,2026-04-18 10:39:16.927000,,,N,,422001,2026-03-11 13:42:49.907000,499162,2026-04-18 10:39:16.927000,2026-03-12 10:14:14.467000,,
QA2603095,P15,SH11610100,품질관리팀,QO,2026-03-11 00:00:00,2026-03-11 00:00:00,SA00,A03,,OE201,1.00,H,0,,WC10000000,39,,,N,N,,N,0.00,0.00,0.00,0.00,,"운전석 3축, 조수석 1축 휀다 언더코팅 제거",,,,N,,,N,,N,,N,,421088,2026-03-11 16:10:37.027000,421088,2026-03-11 16:10:37.027000,,,
QA2603096,P15,SH11610100,품질관리팀,QO,2026-03-11 00:00:00,2026-03-11 00:00:00,SA00,A03,,OE201,1.00,H,0,,WC10000000,39,,,N,N,,N,0.00,0.00,0.00,0.00,,붐 윈치 표시부 도장 손상,,,,N,,,N,,N,,N,,421088,2026-03-11 16:10:37.040000,421088,2026-03-11 16:10:37.040000,,,
QA2603097,P15,SH11610100,품질관리팀,QO,2026-03-11 00:00:00,2026-03-11 00:00:00,SA00,A03,,OE201,1.00,H,0,,WC10000000,39,,,N,N,,N,0.00,0.00,0.00,0.00,,후방 윈치 표시부 도장 흐름,,,,N,,,N,,N,,N,,421088,2026-03-11 16:10:37.057000,421088,2026-03-11 16:10:37.057000,,,
QA2603098,P15,SH11610100,품질관리팀,QO,2026-03-11 00:00:00,2026-03-11 00:00:00,SA00,A03,,OE201,1.00,H,0,,WC10000000,39,,,N,N,,N,0.00,0.00,0.00,0.00,,후크 잠금 레버 손잡이 언더코팅 제거,,,,N,,,N,,N,,N,,421088,2026-03-11 16:10:37.070000,421088,2026-03-11 16:10:37.070000,,,
QA2603099,P15,SH11610100,품질관리팀,QO,2026-03-11 00:00:00,2026-03-11 00:00:00,SA00,A03,,OE201,1.00,H,0,,WC10000000,39,,,N,N,,N,0.00,0.00,0.00,0.00,,조수석 측 소형 사이드가드 도장 흐름,,,,N,,,N,,N,,N,,421088,2026-03-11 16:10:37.087000,421088,2026-03-11 16:10:37.087000,,,
QA2603100,P15,SH11610100,품질관리팀,QO,2026-03-11 00:00:00,2026-03-11 00:00:00,SA00,A03,,OE201,1.00,H,0,,WC10000000,39,,,N,N,,N,0.00,0.00,0.00,0.00,,타이어 체인 보관함 표시부 도장 흐름,,,,N,,,N,,N,,N,,421088,2026-03-11 16:10:37.103000,421088,2026-03-11 16:10:37.103000,,,
QA2603101,P15,SH11610100,품질관리팀,QO,2026-03-11 00:00:00,2026-03-11 00:00:00,SA00,A03,,OE201,1.00,H,0,,WC10000000,39,,,N,N,,N,0.00,0.00,0.00,0.00,,스윙감속기 TAP 부 녹발생,,,,N,,,N,,N,,N,,421088,2026-03-11 16:10:37.120000,421088,2026-03-11 16:10:37.120000,,,
QA2603102,P15,SH11610100,품질관리팀,QO,2026-03-11 00:00:00,2026-03-11 00:00:00,SA00,A03,,OE201,1.00,H,0,,WC10000000,40,,,N,N,,N,0.00,0.00,0.00,0.00,,"운전석 3축, 조수석 1,3축 휀다 언더코팅 제거",,,,N,,,N,,N,,N,,421088,2026-03-11 16:12:11.977000,421088,2026-03-11 16:12:11.977000,,,
QA2603103,P15,SH11610100,품질관리팀,QO,2026-03-11 00:00:00,2026-03-11 00:00:00,SA00,A03,,OE201,1.00,H,0,,WC10000000,40,,,N,N,,N,0.00,0.00,0.00,0.00,,쐐기 고정브라켓 녹발생,,,,N,,,N,,N,,N,,421088,2026-03-11 16:12:11.990000,421088,2026-03-11 16:12:11.990000,,,
QA2603104,P15,SH11610100,품질관리팀,QO,2026-03-11 00:00:00,2026-03-11 00:00:00,SA00,A03,,OE201,1.00,H,0,,WC10000000,40,,,N,N,,N,0.00,0.00,0.00,0.00,,언더리프트 표시부 녹발생,,,,N,,,N,,N,,N,,421088,2026-03-11 16:12:12.007000,421088,2026-03-11 16:12:12.007000,,,
QA2603105,P15,SH11610100,품질관리팀,QO,2026-03-11 00:00:00,2026-03-11 00:00:00,SA00,A03,,OE201,1.00,H,0,,WC10000000,40,,,N,N,,N,0.00,0.00,0.00,0.00,,타이어 체인 보관함 커버 손잡이 언더코팅 제거,,,,N,,,N,,N,,N,,421088,2026-03-11 16:12:12.023000,421088,2026-03-11 16:12:12.023000,,,
QA2603106,P15,SH11610100,품질관리팀,QO,2026-03-11 00:00:00,2026-03-11 00:00:00,SA00,A03,,OE201,1.00,H,0,,WC10000000,40,,,N,N,,N,0.00,0.00,0.00,0.00,,후방 윈치 표시부 녹발생,,,,N,,,N,,N,,N,,421088,2026-03-11 16:12:12.040000,421088,2026-03-11 16:12:12.040000,,,
QA2603107,P15,SH11610100,품질관리팀,QO,2026-03-11 00:00:00,2026-03-11 00:00:00,SA00,A03,,OE201,1.00,H,0,,WC10000000,40,,,N,N,,N,0.00,0.00,0.00,0.00,,리프트 실린더 표시부 도장 흐름,,,,N,,,N,,N,,N,,421088,2026-03-11 16:12:12.053000,421088,2026-03-11 16:12:12.053000,,,
QA2603108,P15,SH11610100,품질관리팀,QO,2026-03-11 00:00:00,2026-03-11 00:00:00,SA00,A03,,OE201,1.00,H,0,,WC10000000,40,,,N,N,,N,0.00,0.00,0.00,0.00,,조수석 측 소형 사이드가드 녹발생,,,,N,,,N,,N,,N,,421088,2026-03-11 16:12:12.070000,421088,2026-03-11 16:12:12.070000,,,
QA2603109,P15,SH11610100,품질관리팀,QO,2026-03-11 00:00:00,2026-03-11 00:00:00,SA00,A03,,OE201,1.00,H,0,,WC10000000,40,,,N,N,,N,0.00,0.00,0.00,0.00,,조수석 측 전방 아우트리거 박스 표시부 녹발생,,,,N,,,N,,N,,N,,421088,2026-03-11 16:12:12.083000,421088,2026-03-11 16:12:12.083000,,,
QA2603110,P15,SH11610100,품질관리팀,QO,2026-03-11 00:00:00,2026-03-11 00:00:00,SA00,A03,,OE201,1.00,H,0,,WC10000000,41,,,N,N,,N,0.00,0.00,0.00,0.00,,후방 윈치 표시부 도장 흐름,,,,N,,,N,,N,,N,,421088,2026-03-11 16:13:24.573000,421088,2026-03-11 16:13:24.573000,,,
QA2603111,P15,SH11610100,품질관리팀,QO,2026-03-11 00:00:00,2026-03-11 00:00:00,SA00,A03,,OE201,1.00,H,0,,WC10000000,41,,,N,N,,N,0.00,0.00,0.00,0.00,,쐐기 고정 브라켓 녹발생,,,,N,,,N,,N,,N,,421088,2026-03-11 16:13:24.603000,421088,2026-03-11 16:13:24.603000,,,
QA2603112,P15,SH11610100,품질관리팀,QO,2026-03-11 00:00:00,2026-03-11 00:00:00,SA00,A03,,OE201,1.00,H,0,,WC10000000,41,,,N,N,,N,0.00,0.00,0.00,0.00,,언더리프트 표시부 볼트 도장 필요,,,,N,,,N,,N,,N,,421088,2026-03-11 16:13:24.620000,421088,2026-03-11 16:13:24.620000,,,
QA2603113,P15,SH11610100,품질관리팀,QO,2026-03-11 00:00:00,2026-03-11 00:00:00,SA00,A03,,OE201,1.00,H,0,,WC10000000,41,,,N,N,,N,0.00,0.00,0.00,0.00,,후크 잠금 레버 표시부 언더코팅 제거,,,,N,,,N,,N,,N,,421088,2026-03-11 16:13:24.633000,421088,2026-03-11 16:13:24.633000,,,
QA2603114,P15,SH11610100,품질관리팀,QO,2026-03-11 00:00:00,2026-03-11 00:00:00,SA00,A03,,OE201,1.00,H,0,,WC10000000,41,,,N,N,,N,0.00,0.00,0.00,0.00,,"후방 윈치 감속기, 스윙감속기 TAP 부 녹발생",,,,N,,,N,,N,,N,,421088,2026-03-11 16:13:24.650000,421088,2026-03-11 16:13:24.650000,,,
QA2603115,P15,SH11610100,품질관리팀,QO,2026-03-11 00:00:00,2026-03-11 00:00:00,SA00,A03,,OE201,1.00,H,0,,WC10000000,41,,,N,N,,N,0.00,0.00,0.00,0.00,,조수석 측 전방 아우트리거박스 내부 녹발생,,,,N,,,N,,N,,N,,421088,2026-03-11 16:13:24.667000,421088,2026-03-11 16:13:24.667000,,,
QA2603116,P15,SH11610100,품질관리팀,QO,2026-03-11 00:00:00,2026-03-11 00:00:00,SA00,A03,,OE201,1.00,H,0,,WC10000000,41,,,N,N,,N,0.00,0.00,0.00,0.00,,조수석 측 소형 사이드가드 표시부 녹발생,,,,N,,,N,,N,,N,,421088,2026-03-11 16:13:24.680000,421088,2026-03-11 16:13:24.680000,,,
QA2603117,P15,SH11610100,품질관리팀,QO,2026-03-11 00:00:00,2026-03-11 00:00:00,SA00,A03,,OE201,1.00,H,0,,WC10000000,41,,,N,N,,N,0.00,0.00,0.00,0.00,,조수석 측 소형 사이드가드 측 윈치 와이어 고정품 표시부 터치업,,,,N,,,N,,N,,N,,421088,2026-03-11 16:13:24.697000,421088,2026-03-11 16:13:24.697000,,,
QA2603118,P15,SH11610100,품질관리팀,QO,2026-03-11 00:00:00,2026-03-11 00:00:00,SA00,A03,,OE201,1.00,H,0,,WC10000000,41,,,N,N,,N,0.00,0.00,0.00,0.00,,조수석 3축 측 차폭등 언더코팅 제거,,,,N,,,N,,N,,N,,421088,2026-03-11 16:13:24.713000,421088,2026-03-11 16:13:24.713000,,,
QA2603119,P15,SH11610100,품질관리팀,QO,2026-03-11 00:00:00,2026-03-11 00:00:00,SA00,A03,,OE201,1.00,H,0,,WC10000000,41,,,N,N,,N,0.00,0.00,0.00,0.00,,"운전석 3축, 조수석 1, 3축 휀다 언더코팅 제거",,,,N,,,N,,N,,N,,421088,2026-03-11 16:13:24.730000,421088,2026-03-11 16:13:24.730000,,,
QA2603120,P15,SH11610100,품질관리팀,QO,2026-03-11 00:00:00,2026-03-11 00:00:00,SA00,A03,,OE201,1.00,H,0,,WC10000000,41,,,N,N,,N,0.00,0.00,0.00,0.00,,운전석 측 잭패드 고정 브라켓 녹발생,,,,N,,,N,,N,,N,,421088,2026-03-11 16:13:24.743000,421088,2026-03-11 16:13:24.743000,,,
QA2603121,P15,SH11610100,품질관리팀,QO,2026-03-11 00:00:00,2026-03-11 00:00:00,SA00,A03,,OE201,1.00,H,0,,WC10000000,42,,,N,N,,N,0.00,0.00,0.00,0.00,,"운전석 1, 3축 조수석 1, 3축 휀다 언더코팅 제거",,,,N,,,N,,N,,N,,421088,2026-03-11 16:14:15.223000,421088,2026-03-11 16:14:15.223000,,,
QA2603122,P15,SH11610100,품질관리팀,QO,2026-03-11 00:00:00,2026-03-11 00:00:00,SA00,A03,,OE201,1.00,H,0,,WC10000000,42,,,N,N,,N,0.00,0.00,0.00,0.00,,쐐기 고정 브라켓 녹발생,,,,N,,,N,,N,,N,,421088,2026-03-11 16:14:15.240000,421088,2026-03-11 16:14:15.240000,,,
QA2603123,P15,SH11610100,품질관리팀,QO,2026-03-11 00:00:00,2026-03-11 00:00:00,SA00,A03,,OE201,1.00,H,0,,WC10000000,42,,,N,N,,N,0.00,0.00,0.00,0.00,,운전석 공구함 위장 도장 재도장 필요,,,,N,,,N,,N,,N,,421088,2026-03-11 16:14:15.253000,421088,2026-03-11 16:14:15.253000,,,
QA2603124,P15,SH11610100,품질관리팀,QO,2026-03-11 00:00:00,2026-03-11 00:00:00,SA00,A03,,OE201,1.00,H,0,,WC10000000,42,,,N,N,,N,0.00,0.00,0.00,0.00,,조수석 측 전방 아우트리거 내부 표시부 녹발생,,,,N,,,N,,N,,N,,421088,2026-03-11 16:14:15.270000,421088,2026-03-11 16:14:15.270000,,,
QA2603125,P15,SH11610100,품질관리팀,QO,2026-03-11 00:00:00,2026-03-11 00:00:00,SA00,A03,,OE201,1.00,H,0,,WC10000000,42,,,N,N,,N,0.00,0.00,0.00,0.00,,"스윙감속기, 후방 윈치 감속기 TAP 녹발생",,,,N,,,N,,N,,N,,421088,2026-03-11 16:14:15.287000,421088,2026-03-11 16:14:15.287000,,,
QA2603126,P15,SH11610100,품질관리팀,QO,2026-03-11 00:00:00,2026-03-11 00:00:00,SA00,A03,,OE201,1.00,H,0,,WC10000000,42,,,N,N,,N,0.00,0.00,0.00,0.00,,전방 윈치 표시부 녹발생,,,,N,,,N,,N,,N,,421088,2026-03-11 16:14:15.300000,421088,2026-03-11 16:14:15.300000,,,
QA2603127,P15,SH11610100,품질관리팀,QO,2026-03-11 00:00:00,2026-03-11 00:00:00,SA00,A03,,OE201,1.00,H,0,,WC10000000,42,,,N,N,,N,0.00,0.00,0.00,0.00,,조수석 측 소형 사이드가드 표시부 언더코팅 제거,,,,N,,,N,,N,,N,,421088,2026-03-11 16:14:15.317000,421088,2026-03-11 16:14:15.317000,,,
QA2603128,P20,SH11220000,CR생산팀,QC,2026-03-11 00:00:00,2026-03-11 00:00:00,SH00,H03,C0018782,CX205,1.00,A,60,1248671687,C0018907,,,,,Y,SH11231200,N,0.00,0.00,0.00,0.00,,-.프레임 석션 플렌지 피치 불량,- 03/12 태현ENG 내방후 수리 예정,,,N,,,Y,2026-04-27 11:40:58.267000,,,N,,213087,2026-03-11 16:46:41.553000,222009,2026-04-27 11:40:58.267000,2026-03-17 10:20:30.790000,,
QA2603129,P15,SH11610100,품질관리팀,QO,2026-03-11 00:00:00,2026-03-11 00:00:00,SA00,,,SD301,1.00,I,0,,D700000,29,,,N,N,,N,0.00,0.00,0.00,0.00,,"MCV 하단 누유 흔적, 오염 개소 세척 및 확인 필요",,,,N,,,N,,N,,N,,421030,2026-03-11 16:48:37.053000,421030,2026-03-11 16:48:37.053000,,,
QA2603130,P15,SH11610100,품질관리팀,QO,2026-03-11 00:00:00,2026-03-11 00:00:00,SA00,,,SD301,1.00,O,0,,D700000,29,,,N,N,,N,0.00,0.00,0.00,0.00,,"캐빈하부 커버, MCV 하부 커버 미 조립",,,,N,,,N,,N,,N,,421030,2026-03-11 16:48:37.067000,421030,2026-03-11 16:48:37.067000,,,
QA2603131,P15,SH11610100,품질관리팀,QO,2026-03-11 00:00:00,2026-03-11 00:00:00,SA00,,,SD301,1.00,H,0,,D700000,29,,,N,N,,N,0.00,0.00,0.00,0.00,,붐레스트 BKT 용접부 터치업 필요,,,,N,,,N,,N,,N,,421030,2026-03-11 16:48:37.083000,421030,2026-03-11 16:48:37.083000,,,
QA2603132,P15,SH11610100,품질관리팀,QO,2026-03-11 00:00:00,2026-03-11 00:00:00,SA00,,,SD301,1.00,H,0,,D700000,29,,,N,N,,N,0.00,0.00,0.00,0.00,,링크 표시부 부분 도장 누락,,,,N,,,N,,N,,N,,421030,2026-03-11 16:48:37.100000,421030,2026-03-11 16:48:37.100000,,,
QA2603135,P15,SH23101000,고객지원팀(특장),AS,2026-03-10 00:00:00,2026-03-12 00:00:00,SA00,,JE07900,ZZZZZ,1.00,D,1,1098145190,D700000,24,2024-11-19 00:00:00,,N,Y,SH11610100,Y,1065000.00,225000.00,1290000.00,0.00,,1.사용환경 및 작업내용 -408파이27M현장  2.접수 및 클레임 내용 -우회전 레버를 중립에 놓아도 우회전이 바로 멈추지 않고 회전하다가 멈춤.,1.점검내용 -프로포셔널 밸브 점검. 죠이스틱 2연밸브 압력측정.  2.문제점 -프로포셔널 밸브 및 2연밸브 교체 점검.  3.조치내용 -2연밸브에서 압력이 안빠지는지 점검결과 잘빠져나가서 프로포셔널 밸브를 직결로 연결하여 테스트하면 정상작동하기에 프로포셔널 밸브를 교체 하였으나 여전히 작동불량.  연구소(김영준부장)에 문의해보니 프로포셔널밸브 닫힘 프로그램 확인 필요하다하여 추후 점검하기로 하였으나 죠이스틱 2연밸브를 교체하니 정상작동 하였음.  프로포셔널 밸브를 원상복귀하고 테스트를 진행해도 정상작동함. 죠이스틱 2연밸브 레버블럭 (회전 쪽에)기존 부품에는 베어링이 들어있는데 24호기 부품에는 볼베어링이없음.2연밸브의 이상작동 및 다른  불량원인을 찾을수없어서 부적합처리하고 하베에 테스트 의뢰하기로 함.,,,N,,,N,,,,N,,222008,2026-03-12 13:41:18.580000,222008,2026-03-17 08:15:58.003000,,,0
QA2603136,P20,SH22101000,생산팀(특장),QC,2026-03-11 00:00:00,2026-03-12 00:00:00,SA00,A01,JE07100,ZZZZZ,1.00,K,0,2588700314,D700000,29,,,,Y,SH11610100,N,0.00,0.00,0.00,0.00,,현대중장비 라디에터 냉각수 누수됨. 출고대기 장비-현대중장비 서비스요청함(구매팀). ,현대중장비 서비스 내방 조치 완료.-냉각수라인 호스 연결부 피팅 및 밴드 풀림으로 누수됨.,,,N,,,Y,2026-04-18 10:39:33.310000,,,N,,422001,2026-03-12 15:43:50.530000,499162,2026-04-18 10:39:33.310000,2026-03-16 13:51:48.690000,,
QA2603137,P20,SH22101000,생산팀(특장),QC,2026-03-11 00:00:00,2026-03-12 00:00:00,SA00,A02,,,1.00,H,0,,E1D1-0000000-00,339,,사내도장불량,,Y,SH22101000,N,0.00,0.00,0.00,0.00,,가이드 ASS'Y 전체적 상도도장 불량,수정 도장 완료(중앙도장),,,N,,,Y,2026-04-18 10:39:41.370000,,,N,,422001,2026-03-12 15:46:06.240000,499162,2026-04-18 10:39:41.370000,2026-03-19 08:35:59.993000,,
QA2603138,P20,SH22101000,생산팀(특장),QC,2026-03-11 00:00:00,2026-03-12 00:00:00,SA00,A02,DC07400001,ZZZZZ,1.00,B,0,3128180264,E1D1-0000000-00,340,,,,Y,SH11231200,N,0.00,0.00,0.00,0.00,,본넷 후방 집진기 조립부 보강대 용접불량-용접부 크랙발생 ,업체(대신기업) 방문 용접수정조치완료.,,,N,,,Y,2026-04-18 10:39:50.703000,,,N,,422001,2026-03-12 15:48:05.740000,499162,2026-04-18 10:39:50.703000,2026-03-16 13:51:48.690000,,
QA2603139,P20,SH22101000,생산팀(특장),QC,2026-03-12 00:00:00,2026-03-12 00:00:00,SA00,A03,M104846B,ZZZZZ,55.00,M,0,1248131958,WC10000000,33~87,,,,Y,SH22101000,N,0.00,0.00,0.00,0.00,,보조툴박스에 부착하는 스티커가 도면과 다르게 입고,신제작하여 납품조치완료,,,N,,,Y,2026-05-07 15:31:06.710000,,,N,,422001,2026-03-12 15:52:48.880000,421029,2026-05-07 15:31:06.710000,2026-03-23 10:23:11.127000,,
QA2603140,P20,SH22101000,생산팀(특장),QC,2026-03-12 00:00:00,2026-03-12 00:00:00,SA00,A03,WR00600,OE201,1.00,E,0,1138150315,WC10000000,81,,,,Y,SH11610100,N,0.00,0.00,0.00,0.00,, 3연밸브 SOL' 코일 1EA 작동불능,한국도키멕 재고확인후 입고요청함,,,N,,,Y,2026-05-07 15:31:15.560000,,,N,,422001,2026-03-12 15:55:47.077000,421029,2026-05-07 15:31:15.560000,2026-03-23 10:23:11.127000,,
QA2603141,P20,SH11610100,품질관리팀,QO,2026-03-12 00:00:00,2026-03-12 00:00:00,SH00,H01,,CX202,0.00,Y,0,,C0027284,T02479,2026-03-12 00:00:00,,N,N,,N,0.00,0.00,0.00,0.00,,,,,,N,,,Y,2026-04-27 11:41:02.307000,N,,N,,213068,2026-03-12 16:56:57.183000,222009,2026-04-27 11:41:02.307000,,,
QA2603142,P20,SH11610100,품질관리팀,QO,2026-03-12 00:00:00,2026-03-12 00:00:00,SH00,H03,,CX205,0.00,Y,0,,C0002710,57,2026-03-12 00:00:00,,N,N,,N,0.00,0.00,0.00,0.00,,,,,,N,,,Y,2026-04-27 11:41:06.457000,N,,N,,213068,2026-03-12 16:56:57.200000,222009,2026-04-27 11:41:06.457000,,,
QA2603143,P20,SH11610100,품질관리팀,QO,2026-03-12 00:00:00,2026-03-12 00:00:00,SH00,H03,,CX205,0.00,Y,0,,C0029578,4896,2026-03-12 00:00:00,,N,N,,N,0.00,0.00,0.00,0.00,,,,,,N,,,Y,2026-04-27 11:41:12.557000,N,,N,,213068,2026-03-12 16:56:57.213000,222009,2026-04-27 11:41:12.557000,,,
QA2603144,P20,SH11610100,품질관리팀,QO,2026-03-12 00:00:00,2026-03-12 00:00:00,SH00,H03,,CX202,0.00,Y,0,,C0027285,5353,2026-03-12 00:00:00,,N,N,,N,0.00,0.00,0.00,0.00,,,,,,N,,,Y,2026-04-27 11:41:16.650000,N,,N,,213068,2026-03-12 16:56:57.230000,222009,2026-04-27 11:41:16.650000,,,
QA2603145,P20,SH11610100,품질관리팀,QO,2026-03-12 00:00:00,2026-03-12 00:00:00,SH00,H03,,CX202,0.00,Y,0,,C0027285,5355,2026-03-12 00:00:00,,N,N,,N,0.00,0.00,0.00,0.00,,,,,,N,,,Y,2026-04-27 11:41:22.460000,N,,N,,213068,2026-03-12 16:56:57.247000,222009,2026-04-27 11:41:22.460000,,,
QA2603146,P20,SH11610100,품질관리팀,QO,2026-03-13 00:00:00,2026-03-16 00:00:00,SH00,H03,,CX202,0.00,Y,0,,C0027285,5354,2026-03-13 00:00:00,,N,N,,N,0.00,0.00,0.00,0.00,,,,,,N,,,Y,2026-04-27 11:44:01.780000,N,,N,,213068,2026-03-16 08:22:36.960000,213068,2026-04-27 11:44:01.780000,,,
QA2603147,P20,SH22101000,생산팀(특장),QC,2026-03-12 00:00:00,2026-03-16 00:00:00,SA00,A02,N52472,ZZZZZ,1.00,O,0,1138188543,D040000,207,,,,Y,SH11610100,N,0.00,0.00,0.00,0.00,,집진기 필터 고무쿠션 조립누락,업체방문 집진기 필터 교체조치완료,,,N,,,Y,2026-04-27 15:57:19.353000,,,N,,422001,2026-03-16 09:37:53.813000,499162,2026-04-27 15:57:19.353000,2026-03-16 13:51:48.690000,,
QA2603148,P20,SH22101000,생산팀(특장),QC,2026-03-13 00:00:00,2026-03-16 00:00:00,SA00,A01,3201000-0707JP2,ZZZZZ,11.00,I,0,1248131958,A760000,1~11,,,,Y,SH22103000,N,0.00,0.00,0.00,0.00,,활선차 스윙 감속기 녹발생 과다발생-장기보관 재고분,신품으로 교체후 장기보관 재고분 추후 녹제거후 방청조치예정(자재팀),,,N,,,Y,2026-04-18 10:41:45.890000,,,N,,422001,2026-03-16 09:39:35.333000,499162,2026-04-18 10:41:45.890000,2026-03-16 14:35:37.243000,,
QA2603149,P20,SH22101000,생산팀(특장),QC,2026-03-13 00:00:00,2026-03-16 00:00:00,SA00,A04,A0222MPPV-02-V,AT110,1.00,A,0,1408131509,A02MP00,19,,,,Y,SH11231200,N,0.00,0.00,0.00,0.00,,작동유 탱크 플랜지 부 탭 깊이가 조금 부족해 볼트가 제대로 조여지지 않음,현장수정 조치완료,2026-03-25 00:00:00,"XXX XXX XXX XXX XXX 
-> XXX XXX XXX XXX XXX s'/ a' XXX XXX XXX XXX XXX",N,,,Y,2026-05-07 15:31:19.467000,,,N,,422001,2026-03-16 09:40:46.810000,421029,2026-05-07 15:31:19.467000,2026-03-19 09:06:47.627000,,
QA2603150,P20,SH22101000,생산팀(특장),QC,2026-03-13 00:00:00,2026-03-16 00:00:00,SA00,A01,AW25600,ZZZZZ,7.00,N,0,2068532903,A760000,5~11,,,,Y,SH11610100,N,0.00,0.00,0.00,0.00,,스윙모터 KEY 조립불가 키규격 맞지않음,업체재고분 방문후 확인결과 전량 KEY 맞지않음. 업체 긴급수급 입고요청함. 자재 재고분 포함 총16EA 입고완료,,,N,,,Y,2026-04-18 10:42:41.987000,,,N,,422001,2026-03-16 09:46:02.413000,499162,2026-04-18 10:42:41.987000,2026-03-19 08:35:59.993000,,
QA2603151,P20,SH22101000,생산팀(특장),QC,2026-03-13 00:00:00,2026-03-16 00:00:00,SA00,A03,WR05300,OE201,1.00,A,60,1318606224,WC10000000,86,,클래임,,Y,SH11610100,N,0.00,0.00,0.00,0.00,,세트스크류 조립탭이 와이어 수송부센터에 위치하지 않아 와이어 고정불가,대덕기계 확인하여 홀 및 재탭작업 가능시 현장수정 패널티 처리함,,,N,,,Y,2026-05-07 15:31:25.390000,,,N,,422001,2026-03-16 09:48:04.190000,421029,2026-05-07 15:31:25.390000,2026-03-23 10:23:11.127000,,
QA2603152,P20,SH22101000,생산팀(특장),QC,2026-03-13 00:00:00,2026-03-16 00:00:00,SA00,A03,WR00800,OE201,1.00,D,0,1078146515,WC10000000,86,,,,Y,SH11610100,N,0.00,0.00,0.00,0.00,,윈치 밸브 불량-V1 포트 누유,업체  사내방문하여 신품교체완료,,,N,,,Y,2026-05-07 15:31:31.077000,,,N,,422001,2026-03-16 09:52:19.560000,421029,2026-05-07 15:31:31.077000,2026-03-19 09:01:56.767000,,
QA2603153,P20,SH22101000,생산팀(특장),QC,2026-03-16 00:00:00,2026-03-16 00:00:00,SA00,A03,WR27000,OE201,1.00,K,0,4018122865,WC10000000,84,,,,Y,SH11610100,N,0.00,0.00,0.00,0.00,,냉각수 누유,업체 방문하여 수정조치완료,,,N,,,Y,2026-04-18 10:43:10.260000,,,N,,422001,2026-03-16 09:53:39.250000,499162,2026-04-18 10:43:10.260000,2026-03-19 08:54:37.120000,,
QA2603154,P20,SH22101000,생산팀(특장),QC,2026-03-13 00:00:00,2026-03-16 00:00:00,SA00,A02,D423360A,ZZZZZ,4.00,B,0,3128180264,D040000,207~210,,,,Y,SH11231200,N,0.00,0.00,0.00,0.00,,집진기 리어커버와 사이드커버 홀 불일치-4번 단품 PLATE 상하 반대로 용접됨,업체 방문 수정조치완료,,,N,,,Y,2026-04-18 10:43:28.907000,,,N,,422001,2026-03-16 09:54:35.540000,499162,2026-04-18 10:43:28.907000,2026-03-16 13:51:48.690000,,
QA2603155,P20,SH22101000,생산팀(특장),QC,2026-03-13 00:00:00,2026-03-16 00:00:00,SA00,A02,6400005-1530000,DC106,1.00,E,0,9010100117,E1D1-0000000-00,338,,,,Y,SH11610100,N,0.00,0.00,0.00,0.00,,콤프 온도센서 불량(시동꺼짐),재고분 선투입완료후 업체 센서입고요청함-구매팀(수입품)-입고완료후 자재반납함.,,,N,,,Y,2026-04-18 10:44:15.850000,,,N,,422001,2026-03-16 09:55:29.170000,499162,2026-04-18 10:44:15.850000,2026-03-19 08:55:51.310000,,
QA2603156,P20,SH22101000,생산팀(특장),QC,2026-03-13 00:00:00,2026-03-16 00:00:00,SA00,A02,D2B3-2005000-02,ZZZZZ,1.00,A,0,3018133096,E1D1-0000000-00,340,,,,Y,SH11231200,N,0.00,0.00,0.00,0.00,,"링크와 실린더 페인트 제거해도 안들어감.LINK 내측가공불량.S:65+0.5~1mm, A:64.5mm",사내업체(설우기계) LINK 수정조치완료.,2026-03-25 00:00:00,"XXX XXX XXX XXX
XXX XXX 65 +0.5~ 1, XXX 165 -0.2~0.5임",N,,,Y,2026-04-18 10:46:42.030000,,,N,,422001,2026-03-16 09:57:07.267000,499162,2026-04-18 10:46:42.030000,2026-03-16 13:51:48.690000,,
QA2603157,P20,SH22101000,생산팀(특장),QC,2026-03-13 00:00:00,2026-03-16 00:00:00,SA00,A07,T1I3-7A43307-04,AT105,1.00,E,0,1308687694,T1I1-MPPV000-00,596,,,,Y,SH11231200,N,0.00,0.00,0.00,0.00,,배터리 - 케이블 +용 단자 체결,재고분 배터리단자 선교체완료.,,,N,,,Y,2026-04-18 10:47:01.467000,,,N,,422001,2026-03-16 10:00:57.720000,499162,2026-04-18 10:47:01.467000,2026-03-16 13:51:48.690000,,
QA2603158,P20,SH11610100,품질관리팀,QO,2026-03-05 00:00:00,2026-03-05 00:00:00,SH00,H01,,CX205,0.00,Y,0,,J11000,4664,2026-03-05 00:00:00,,N,N,,N,0.00,0.00,0.00,0.00,,,,,,N,,,Y,2026-04-27 11:44:07.660000,N,,N,,213068,2026-03-16 14:20:22.260000,213068,2026-04-27 11:44:07.660000,,,
QA2603159,P15,SH23101000,고객지원팀(특장),AS,2026-03-13 00:00:00,2026-03-17 00:00:00,SA00,,ES07700,,1.00,E,1,7712201447,A530000,65,2025-01-09 00:00:00,,N,Y,SH11610100,Y,320000.00,170000.00,490000.00,0.00,,1.사용환경 및 작업내용 - 금산군 활선작업 2.접수 및 클레임 내용 - 간헐적 암붐 회전 불능(에러 37번 19회 누적),1.점검내용 - 암붐/버켓 조이스틱 점검 - 헤드붐 내측 용접 상태 점검 2.문제점 - 암붐/ 버켓 조이스틱 불량 3.조치내용 - 암붐/ 버켓 조이스틱 교환 세팅,,,Y,,,N,,,,N,,222008,2026-03-17 08:06:32.863000,222008,2026-03-17 08:15:32.530000,,,1
QA2603160,P15,SH23101000,고객지원팀(특장),AS,2026-03-17 00:00:00,2026-03-17 00:00:00,SA00,,JE07900,,1.00,D,1,4138106136,D700000,27,2025-07-31 00:00:00,,N,Y,SH11610100,Y,1065000.00,165000.00,1230000.00,0.00,,1.사용환경 및 작업내용  -인천 송도역 레미안 옹벽작업  2.접수 및 클레임 내용  -파워헤드 우회전 밸브가 너무 잘 움직여서 중립잡기가 힘듬.,1.점검내용  -죠이스틱2연밸브 점검.  2.문제점  -죠이스틱 2연밸브에 베어링이 안보임.  3.조치내용  -죠이스틱 2연밸브 베어링이 스크류속에 파 묻혀서 정상작동을 하지 못함. 교체 후 정상작동 확인. 교체품은 부적합 처리함.,,,Y,,,N,,,,N,,222008,2026-03-17 08:10:34.377000,222008,2026-03-17 08:16:29.203000,,,1
QA2603161,P20,SH11610100,품질관리팀,QO,2026-03-16 00:00:00,2026-03-17 00:00:00,SH00,H01,,CX202,0.00,Y,0,,C0027284,T0250,2026-03-16 08:52:44,,N,N,,N,0.00,0.00,0.00,0.00,,,,,,N,,,Y,2026-04-27 11:44:14.890000,N,,N,,222009,2026-03-17 08:53:02.253000,213068,2026-04-27 11:44:14.890000,,,
QA2603162,P20,SH11610100,품질관리팀,QO,2026-03-16 00:00:00,2026-03-17 00:00:00,SH00,H01,,CX205,0.00,Y,0,,J11000,4668,2026-03-16 00:00:00,,N,N,,N,0.00,0.00,0.00,0.00,,,,,,N,,,Y,2026-04-27 11:44:32.237000,N,,N,,222009,2026-03-17 08:53:02.267000,213068,2026-04-27 11:44:32.237000,,,
QA2603163,P20,SH11610100,품질관리팀,QO,2026-03-17 00:00:00,2026-03-17 00:00:00,SH00,H03,,CX103,0.00,Y,0,,C0028892,759,2026-03-17 00:00:00,,N,N,,N,0.00,0.00,0.00,0.00,,,,,,N,,,Y,2026-04-27 11:44:41.767000,N,,N,,213068,2026-03-17 16:40:44.967000,213068,2026-04-27 11:44:41.767000,,,
QA2603164,P20,SH11610100,품질관리팀,QO,2026-03-17 00:00:00,2026-03-17 00:00:00,SH00,H01,,CX104,0.00,Y,0,,C0028763,70,2026-03-17 00:00:00,,N,N,,N,0.00,0.00,0.00,0.00,,,,,,N,,,Y,2026-04-27 11:44:48.233000,N,,N,,213068,2026-03-17 16:40:44.983000,213068,2026-04-27 11:44:48.233000,,,
QA2603165,P20,SH22101000,생산팀(특장),QC,2026-03-13 00:00:00,2026-03-17 00:00:00,SA00,A03,SA19600,OE901,1.00,D,0,1208603173,WC10000000,87,,클래임,,Y,SH11610100,N,0.00,0.00,0.00,0.00,,탱크 레밸게이지누유,업체는재고가없고 부품팀에 재고가있어 선 투입 게이지누유로 #57 #87 2번 현장 수정교체작업으로 패널티 처리,,,N,,,Y,2026-05-07 15:31:34.370000,,,N,,422001,2026-03-17 16:59:40.437000,421029,2026-05-07 15:31:34.370000,2026-03-19 09:06:28.653000,,
QA2603166,P20,SH22101000,생산팀(특장),QC,2026-03-16 00:00:00,2026-03-18 00:00:00,SA00,A07,WR27000,OE201,1.00,E,0,4018122865,WC10000000,87,,,,Y,SH11610100,N,0.00,0.00,0.00,0.00,,차량후방카메라 작동불능-배선이상무,타타대우 서비스요청-관련 정비소 입고점검 및 수리진행예정(구매팀)-조치완료,,,N,,,Y,2026-04-18 10:48:14.057000,,,N,,422001,2026-03-18 08:15:36.867000,499162,2026-04-18 10:48:14.057000,2026-04-07 09:07:48.033000,,
QA2603167,P20,SH22101000,생산팀(특장),QC,2026-03-16 00:00:00,2026-03-18 00:00:00,SA00,A02,D423372E,ZZZZZ,4.00,P,0,1248131958,D040000,207~210,,,,Y,SH24101000,N,0.00,0.00,0.00,0.00,,"경유탱크 커버 변형심함-연료게이지 확인창 슬롯 절단부 변형됨.레이저 절단시,쇼트도장후 변형됨",천공기 개발팀 탱크커버 내측 연료게이지 확인창 슬롯 절단부 양쪽 보강대 취부 개선요청함. 이전 개선요청건 안됨. 도면설변후 자작수정요청함.*JD-1300E TANK COVER 동일,,,N,,,Y,2026-04-18 10:50:07.020000,,,N,,422001,2026-03-18 08:16:39.280000,499162,2026-04-18 10:50:07.020000,2026-03-19 09:06:13.483000,,
QA2603169,P20,SH22101000,생산팀(특장),QC,2026-03-16 00:00:00,2026-03-18 00:00:00,SA00,A01,A023201E,ZZZZZ,1.00,A,0,1248131958,A02MP00,19,,,,Y,SH22101000,N,0.00,0.00,0.00,0.00,,프레임 하부밸브 스탠드 조립부 단품9번 BKT 홀 TAP 가공 누락-홀가공됨,자작불량으로 구도면으로 작업된 것으로 확인됨. 조립라인 맞볼트 작업 진행함,,,N,,,Y,2026-04-18 10:50:29.883000,,,N,,422001,2026-03-18 08:21:21.117000,499162,2026-04-18 10:50:29.883000,2026-03-18 13:20:06.037000,,
QA2603170,P20,SH22101000,생산팀(특장),QC,2026-03-16 00:00:00,2026-03-18 00:00:00,SA00,A01,A043101C,AT101,1.00,B,0,1378127519,A06SH00,32,,클레임-재도장비용,,Y,SH11231200,N,0.00,0.00,0.00,0.00,,"프레임 용접스패터 미제거 및 용접불량,",업체(에스틸) 내용전달했으며 용접불량건도 발생하여 방문수정조치완료-3/20일 재도장 비용 패널티처리예정,,,N,,,Y,2026-04-18 10:50:54.100000,,,N,,422001,2026-03-18 09:01:36.813000,499162,2026-04-18 10:50:54.100000,2026-03-18 13:20:06.037000,,
QA2603171,P20,SH22101000,생산팀(특장),QC,2026-03-17 00:00:00,2026-03-18 00:00:00,SA00,A07,WR27000,OE201,1.00,E,0,4018122865,WC10000000,87,,,,Y,SH11610100,N,0.00,0.00,0.00,0.00,,엔진이상경고등 점등됨,금일 타타대우 내방시 상기건 점검후 수리조치완료,,,N,,,Y,2026-04-18 10:51:08.297000,,,N,,422001,2026-03-18 09:03:15.287000,499162,2026-04-18 10:51:08.297000,2026-03-24 14:48:22.493000,,
QA2603173,P20,SH22101000,생산팀(특장),QC,2026-03-17 00:00:00,2026-03-18 00:00:00,SA00,A01,A021206A,ZZZZZ,1.00,B,30,3320703029,A02MP00,19,,클레임,,Y,SH11231200,N,0.00,0.00,0.00,0.00,,호스가이드 환봉 내측 환봉 용접누락,공정 지연으로 현장 환봉 용접수정조치함. 업체내용전달후 공수 패널티처리함.,,,N,,,Y,2026-04-18 10:51:20.223000,,,N,,422001,2026-03-18 09:09:00.433000,499162,2026-04-18 10:51:20.223000,2026-03-18 13:20:06.037000,,
QA2603174,P20,SH22101000,생산팀(특장),QC,2026-03-17 00:00:00,2026-03-18 00:00:00,SA00,A01,A021206A,ZZZZZ,1.00,Q,0,1248131958,A02MP00,19,,,,Y,SH24103000,N,0.00,0.00,0.00,0.00,,호스가이드 단품 8번  TELE CYL' 용접비드 간섭됨, 타기종 설변후 MP-260 단품 용접비드 간섭부 누락됨.현장수정조치완료. 설변요청,,,N,,,Y,2026-04-18 10:51:34.777000,,,N,,422001,2026-03-18 09:12:19.347000,499162,2026-04-18 10:51:34.777000,2026-03-18 13:20:06.037000,,
QA2603175,P20,SH22101000,생산팀(특장),QC,2026-03-17 00:00:00,2026-03-18 00:00:00,SA00,A01,A021201D,ZZZZZ,1.00,A,0,1248131958,A02MP00,19,,,,Y,SH22101000,N,0.00,0.00,0.00,0.00,,"1단BOOM RET WIRE HOLE 작게 가공되어 WIRE 안들어감. 단품 HOLE 불량.S:21파이, A:19파이",가공라인 단품가공불량으로 수정조치완료 ,,,N,,,Y,2026-04-18 10:51:50.410000,,,N,,422001,2026-03-18 09:13:23.307000,499162,2026-04-18 10:51:50.410000,2026-03-18 13:20:06.037000,,
QA2603176,P20,SH11610100,품질관리팀,QO,2026-03-18 00:00:00,2026-03-18 00:00:00,SH00,H01,,CX202,0.00,Y,0,,C0027284,T0245,2026-03-18 00:00:00,,N,N,,N,0.00,0.00,0.00,0.00,,특이사항 없음,,,,N,,,Y,2026-04-27 11:44:53.850000,N,,N,,213068,2026-03-18 16:52:04.433000,213068,2026-04-27 11:44:53.850000,,,
QA2603177,P20,SH11610100,품질관리팀,QO,2026-03-18 00:00:00,2026-03-18 00:00:00,SH00,H01,,CX205,0.00,Y,0,,J11000,4669,2026-03-18 00:00:00,,N,N,,N,0.00,0.00,0.00,0.00,,특이사항 없음,,,,N,,,Y,2026-04-27 11:44:58.883000,N,,N,,213068,2026-03-18 16:52:04.450000,213068,2026-04-27 11:44:58.883000,,,
QA2603178,P20,SH11610100,품질관리팀,QO,2026-03-18 00:00:00,2026-03-18 00:00:00,SH00,H01,,CX105,0.00,Y,0,,C0028826,136,2026-03-18 00:00:00,,N,N,,N,0.00,0.00,0.00,0.00,,특이사항 없음,,,,N,,,Y,2026-04-27 11:45:03.793000,N,,N,,213068,2026-03-18 16:52:04.467000,213068,2026-04-27 11:45:03.793000,,,
QA2603179,P15,SH23101000,고객지원팀(특장),AS,2026-03-17 00:00:00,2026-03-19 00:00:00,SA00,,AW81100,ZZZZZ,2.00,D,1,5032559793,A710000,4,2024-11-14 00:00:00,,N,Y,SH11610100,Y,82000.00,285000.00,367000.00,0.00,,1.사용환경 및 작업내용 - 포항시 활선작업 2.접수 및 클레임 내용 - 버켓에서 붐 상승 또는 인출 조작 시 조이스틱 에러 발생되며 장비 멈춤 - 간헐적 2단붐 인출 불능 - 전방  조수석/ 후방 조수석쪽 잭 자연 하강 또는 작업중 인입되어 전복 위험 - 작동유 레벨게이지 MIN 아래에 위치,"1.점검내용 - 버켓에 붐 조이스틱 에러 건 테스트 - 간헐적 2단붐 인출 불능 건 테스트 - 잭 더블 파일롯 체크 밸브 점검 - 작동유양 점검 2.문제점 - 버켓에 FSG사 붐 제어용 조이스틱 불량 - 간헐적 2단붐 인출 불능 건 길이센서 케이스 파손 - 잭 더블 파일롯 체크밸브 플로우맥사 제품 사용중이며 전방 조수석쪽 체크밸브는 O-RING 손상 확인 - 작동유양 부족 3.조치내용 - 버켓에 FSG사 붐 제어용 조이스틱 교환 세팅 - 간헐적 2단붐 인출 불능 건 2단붐 길이센서 교환(부적합품 파손 폐기, 파손 사진 첨부) - 전방 조수석/ 후방 조수석쪽 잭 체크밸브 익산유압사 제품으로 교환 - 작동유 15L 보충",,,N,,,N,,,,N,,222008,2026-03-19 08:51:44.623000,222008,2026-03-19 09:02:35.617000,,,1
QA2603180,P15,SH23101000,고객지원팀(특장),AS,2026-03-17 00:00:00,2026-03-19 00:00:00,SA00,,ES12000,,1.00,,1,5032559793,A710000,4,2024-11-14 00:00:00,,N,Y,SH11610100,Y,925000.00,315000.00,1240000.00,0.00,,1.사용환경 및 작업내용 - 포항시 활선작업 2.접수 및 클레임 내용 - 버켓에서 붐 상승 또는 인출 조작 시 조이스틱 에러 발생되며 장비 멈춤 - 간헐적 2단붐 인출 불능 - 전방  조수석/ 후방 조수석쪽 잭 자연 하강 또는 작업중 인입되어 전복 위험 - 작동유 레벨게이지 MIN 아래에 위치,"1.점검내용 - 버켓에 붐 조이스틱 에러 건 테스트 - 간헐적 2단붐 인출 불능 건 테스트 - 잭 더블 파일롯 체크 밸브 점검 - 작동유양 점검 2.문제점 - 버켓에 FSG사 붐 제어용 조이스틱 불량 - 간헐적 2단붐 인출 불능 건 길이센서 케이스 파손 - 잭 더블 파일롯 체크밸브 플로우맥사 제품 사용중이며 전방 조수석쪽 체크밸브는 O-RING 손상 확인 - 작동유양 부족 3.조치내용 - 버켓에 FSG사 붐 제어용 조이스틱 교환 세팅 - 간헐적 2단붐 인출 불능 건 2단붐 길이센서 교환(부적합품 파손 폐기, 파손 사진 첨부) - 전방 조수석/ 후방 조수석쪽 잭 체크밸브 익산유압사 제품으로 교환 - 작동유 15L 보충",,,N,,,N,,,,N,,222008,2026-03-19 09:01:50.797000,222008,2026-03-19 09:02:45.830000,,,1
QA2603181,P20,SH22101000,생산팀(특장),QC,2026-03-17 00:00:00,2026-03-19 00:00:00,SA00,A02,DR12900,ZZZZZ,1.00,B,60,6158528073,D040000,207,,클레임,,Y,SH11610100,N,0.00,0.00,0.00,0.00,,가이드 스윙실린더 조립안됨 실린더 불량. 뒤집어서 조립하면 조립됨. 실린더 PIN 조립부 PLATE 용접변형됨,투입분 교체현장조치함. 탈거분 업체화물발송 원인파악후 수정입고완료.현장 확인점검 및 교체공수 패널티처리예정,,,N,,,Y,2026-04-18 10:52:06.660000,,,N,,422001,2026-03-19 14:47:56.647000,499162,2026-04-18 10:52:06.660000,2026-03-25 10:56:07.413000,,
QA2603182,P20,SH22101000,생산팀(특장),QC,2026-03-17 00:00:00,2026-03-19 00:00:00,SA00,A01,T1I850MPH-02-V,AT105,1.00,B,0,3128180264,T1I1-MPPV000-00,598,,,,Y,SH11231200,N,0.00,0.00,0.00,0.00,,후드 렛치 고정브라켓 용접불량-도어 렛치간섭됨,업체(대신기업) 익일방문 확인후 반출수정입고완료,,,N,,,Y,2026-04-18 10:52:22.150000,,,N,,422001,2026-03-19 14:49:23.600000,499162,2026-04-18 10:52:22.150000,2026-03-19 16:23:27.170000,,
QA2603184,P20,SH22101000,생산팀(특장),QC,2026-03-17 00:00:00,2026-03-19 00:00:00,SA00,A01,A0222MPPV-02-V,AT110,1.00,O,0,1408131509,A02MP00,19,,,,Y,SH11231200,N,0.00,0.00,0.00,0.00,,"경유탱크 플랜지 볼트가 다크로 2SEMS로 조립 됐었으나, 십자머리 아연도금 2SEMS로 조립되어 투입됨",현장 수정조치완료-구매팀 담당자 업체(서린메탈) 조립도 확인 및 사용볼트사양 내용전달요청함,,,N,,,Y,2026-04-18 10:52:40.190000,,,N,,422001,2026-03-19 14:52:00.863000,499162,2026-04-18 10:52:40.190000,2026-03-19 16:23:27.170000,,
QA2603185,P20,SH22101000,생산팀(특장),QC,2026-03-17 00:00:00,2026-03-19 00:00:00,SA00,A01,T1N3-2305000-01,AT501,3.00,B,0,3320703029,T1I1-MPPV000-00,596~598,,클레임-재도장비용,,Y,SH11231200,N,0.00,0.00,0.00,0.00,,"턴테이블 상부커버 볼트홀 불량. 커버길이불량 S:1253mm, A:1288mm",업체 커버  신규제작 입고완료(3/23일)-재도장비용 패널티 처리예정,,,N,,,Y,2026-04-18 10:52:52.857000,,,N,,422001,2026-03-19 14:52:56.487000,499162,2026-04-18 10:52:52.857000,2026-03-24 09:13:11.500000,,
QA2603186,P20,SH22101000,생산팀(특장),QC,2026-03-17 00:00:00,2026-03-19 00:00:00,SA00,A04,A521710,ZZZZZ,4.00,D,0,1301932412,A760000,1~4,,개발장비건,,Y,SH11231200,N,0.00,0.00,0.00,0.00,,아웃트리거블록 O-RING가공부 불량.-한쪽으로 치우쳐 가공됨,업체수웅정밀 신제작하여 익일오전 납품완료 재고분 포함 총19개 불량,,,N,,,Y,2026-04-18 14:09:22.920000,,,N,,422001,2026-03-19 14:53:56.597000,499162,2026-04-18 14:09:22.920000,2026-03-23 10:23:11.127000,,
QA2603187,P20,SH22101000,생산팀(특장),QC,2026-03-18 00:00:00,2026-03-19 00:00:00,SA00,A02,D423413A,ZZZZZ,4.00,B,0,1618101002,D040000,207~210,,,,Y,SH11610100,N,0.00,0.00,0.00,0.00,,"머플러 밸로우즈 엔진 엘보파이프 조립불가. -벨로우즈 용접변형으로 내경치수불량S:102+0~1mm,A:100.5~101.5mm재고분포함18EA",업체 벨로우즈 금일업체반출 수정입고요청.입고분 확인후 투입완료,,,N,,XXX XXX XXX 102XXX JIG XXX XXX XXX XXX ,Y,2026-04-18 10:54:24.447000,,,N,,422001,2026-03-19 14:54:55.623000,499162,2026-04-18 10:54:24.447000,2026-03-19 16:22:53.953000,,
QA2603188,P20,SH22101000,생산팀(특장),QC,2026-03-18 00:00:00,2026-03-19 00:00:00,SA00,A02,DR17900A,,1.00,B,0,1238147990,D040000,207,,,,Y,SH11610100,N,0.00,0.00,0.00,0.00,,리시버탱크 레벨게이지 용접부 누유,업체방문수정 요청후 조치완료(3/19일),,,N,,,Y,2026-04-18 10:54:49.610000,,,N,,422001,2026-03-19 14:56:09.867000,499162,2026-04-18 10:54:49.610000,2026-03-19 16:22:53.953000,,
QA2603189,P20,SH22101000,생산팀(특장),QC,2026-03-18 00:00:00,2026-03-19 00:00:00,SA00,A01,A021207B,ZZZZZ,1.00,Q,0,1248131958,A02MP00,19,,,,Y,SH24103000,N,0.00,0.00,0.00,0.00,,BOOM 최대인입시 4단하단부 REST 3단 BOOM에 간섭됨,"4단붐 하단 REST 설계팀 수정시방도 요청. 현장수정 조치함1,2단 EXT'WIRE,RET'WIRE 길이재셋팅 도면설변 필요함.현장 확인요청",,,N,,,Y,2026-04-18 10:55:06.477000,,,N,,422001,2026-03-19 14:59:57.760000,499162,2026-04-18 10:55:06.477000,2026-03-24 09:13:11.500000,,
QA2603190,P20,SH22101000,생산팀(특장),QC,2026-03-18 00:00:00,2026-03-19 00:00:00,SA00,A01,T4N3-1299000-05,AT501,1.00,M,0,1248131958,A02MP00,19,,,,Y,SH00000000,N,0.00,0.00,0.00,0.00,,2단붐 측면 더스트 커버 불량.업체 도면 REV 이전04번으로 제작 입고됨.설변도면 REV 05번 발주진행되었으나 업체도면 미배포됨,업체 신규제작 입고완료.-관련부서 설변도면 배포요청 및 공용 기종별 BOM 확인요청함,2026-03-25 00:00:00,"XXX / 외주구매팀 XXX XXX XXX XXX XXX XXX 
(XXX XXX XXX) - 수산세보틱스 (XXX)로 XXX XXX",N,,,Y,2026-04-18 10:56:16.960000,,,N,,422001,2026-03-19 15:00:39.307000,499162,2026-04-18 10:56:16.960000,2026-03-23 14:23:11.317000,,
QA2603191,P20,SH11610100,품질관리팀,QO,2026-03-19 00:00:00,2026-03-19 00:00:00,SH00,H03,,CX103,0.00,Y,0,,C0028892,761,2026-03-19 00:00:00,,N,N,,N,0.00,0.00,0.00,0.00,,특이사항 없음,,,,N,,,Y,2026-04-27 11:45:09.143000,N,,N,,213068,2026-03-19 16:16:29.870000,213068,2026-04-27 11:45:09.143000,,,
QA2603192,P20,SH11610100,품질관리팀,QO,2026-03-19 00:00:00,2026-03-19 00:00:00,SH00,H03,,CX205,0.00,Y,0,,C0028714,4899,2026-03-19 00:00:00,,N,N,,N,0.00,0.00,0.00,0.00,,특이사항 없음,,,,N,,,Y,2026-04-27 11:45:13.987000,N,,N,,213068,2026-03-19 16:16:29.887000,213068,2026-04-27 11:45:13.987000,,,
QA2603193,P15,SH11610100,품질관리팀,QO,2026-03-20 00:00:00,2026-03-20 00:00:00,SA00,,,DC108,1.00,D,0,,D490000,83,,,N,N,,N,0.00,0.00,0.00,0.00,,플러싱 에어 압력이 하강했다가 상승함(언로딩 밸브 확인 필요),,,,N,,,N,,N,,N,,421030,2026-03-20 15:17:43.100000,421030,2026-03-20 15:17:43.100000,,,
QA2603194,P15,SH23101000,고객지원팀(특장),AS,2026-03-10 00:00:00,2026-03-10 00:00:00,SA00,,AW67500,,1.00,D,1,6128500343,Z5P1-SS00000-00,819,2024-11-05 00:00:00,25년 9월경 누유로 인한 교체 진행 후 재발생,N,N,,Y,1044000.00,145000.00,1189000.00,0.00,,1.사용환경 및 작업내용 삼성중공업 도장부 2.접수 및 클레임 내용 25년 9월 메인펌프 누유로 발생으로 교환 2차 누유 발생 ,1.점검내용 메인펌프 누유 2.문제점 메인펌프 샤프트 리테이너부 누유 3.조치내용 메인펌프 교환,,,N,,,N,,,,N,,222008,2026-03-23 16:17:26.850000,222008,2026-03-23 16:21:31.597000,,,1
QA2603195,P20,SH11610100,품질관리팀,QO,2026-03-23 00:00:00,2026-03-23 00:00:00,SH00,H03,,,0.00,Y,0,,C0002693,30,2026-03-23 00:00:00,,N,N,,N,0.00,0.00,0.00,0.00,,특이사항 없음,,,,N,,,Y,2026-04-27 11:45:18.437000,N,,N,,213068,2026-03-23 16:58:00.237000,213068,2026-04-27 11:45:18.437000,,,
QA2603196,P20,SH11610100,품질관리팀,QO,2026-03-23 00:00:00,2026-03-23 00:00:00,SH00,H01,,,0.00,Y,0,,C0027284,T0246,2026-03-23 00:00:00,,N,N,,N,0.00,0.00,0.00,0.00,,특이사항 없음,,,,N,,,Y,2026-04-27 11:45:23.260000,N,,N,,213068,2026-03-23 16:58:00.253000,213068,2026-04-27 11:45:23.260000,,,
QA2603197,P20,SH11610100,품질관리팀,QO,2026-03-23 00:00:00,2026-03-23 00:00:00,SH00,H03,,,0.00,Y,0,,C0002710,58,2026-03-23 00:00:00,,N,N,,N,0.00,0.00,0.00,0.00,,특이사항 없음,,,,N,,,Y,2026-04-27 11:45:27.747000,N,,N,,213068,2026-03-23 16:58:00.270000,213068,2026-04-27 11:45:27.747000,,,
QA2603198,P20,SH11610100,품질관리팀,QO,2026-03-23 00:00:00,2026-03-23 00:00:00,SH00,H01,,,0.00,Y,0,,J11000,4670,2026-03-23 00:00:00,,N,N,,N,0.00,0.00,0.00,0.00,,특이사항 없음,,,,N,,,Y,2026-04-27 11:45:32.423000,N,,N,,213068,2026-03-23 16:58:00.283000,213068,2026-04-27 11:45:32.423000,,,
QA2603199,P20,SH22101000,생산팀(특장),QC,2026-03-19 00:00:00,2026-03-24 00:00:00,SA00,A01,A562146D,ZZZZZ,11.00,Q,0,1248131958,A760000,1~11,,개발장비건,,Y,SH24104000,N,0.00,0.00,0.00,0.00,,2단붐 상단 절단부 ROLLER BKT 간섭됨,ROLLER BKT 단품 3번 간섭부 현장수정조치완료. 특장개빌팀 설변요청함,,,N,,,Y,2026-04-18 10:57:11.903000,,,N,,422001,2026-03-24 11:19:59.657000,499162,2026-04-18 10:57:11.903000,2026-03-24 14:41:05.170000,,
QA2603201,P20,SH22101000,생산팀(특장),QC,2026-03-20 00:00:00,2026-03-24 00:00:00,SA00,A01,A681505,ZZZZZ,11.00,Q,0,1248131958,A760000,1~11,,개발장비건,,Y,SH24104000,N,0.00,0.00,0.00,0.00,,탱크 상부 커버 보강대 에어브리더와 간섭되며 호스 조립 불가,탱크 상부커버 간섭부 현장수정 조치후 설변요청함,,,N,,,Y,2026-04-18 10:57:35.293000,,,N,,422001,2026-03-24 11:24:53.843000,499162,2026-04-18 10:57:35.293000,2026-03-24 14:41:05.170000,,
QA2603202,P20,SH22101000,생산팀(특장),QC,2026-03-20 00:00:00,2026-03-24 00:00:00,SA00,A02,D4B2-1600000-00,ZZZZZ,1.00,Q,0,1248131958,E1D1-0000000-00,337,,,,Y,SH24101000,N,0.00,0.00,0.00,0.00,,장비 천공 테스트중 드리프터 누유되어 작업 중단 씰 사용 불량,드리프트#447~448가 누유 현상이 있어서 수정. SEAL 사양개선품 현재 누유된#446도 탈거해서 수정-SA 개발팀 교체작업진행함.,,,N,,,Y,2026-04-18 10:57:49.300000,,,N,,422001,2026-03-24 11:26:12.400000,499162,2026-04-18 10:57:49.300000,2026-03-31 15:41:22.587000,,
QA2603203,P20,SH22101000,생산팀(특장),QC,2026-03-20 00:00:00,2026-03-24 00:00:00,SA00,A02,DR24000,ZZZZZ,1.00,D,0,1248131958,E1D1-0000000-00,339,,,,Y,SH00000000,N,0.00,0.00,0.00,0.00,,쿨러 패키지 카트리지 불량(이물질 내부 과다발생),카트리지 교체후 압력세팅시 흔들림으로 V/V ASS'Y 재고분 교체후 정상작동함. 패키지 V/V교체후 댐퍼블럭(DR37200) 작동불능됨. 댐퍼블럭으로 이물질 옮겨간듯함.  댐퍼블럭도 신품교체후 정상작동함.업체(썬하이드로닉스) 발송 원인분석요청.  확인결과 업체 V/V 알루미늄 재질이 아님 판명됨. 원인불명 쇠가루 이물질임.펌프 내부 이물질인지 파악안됨. ,,,N,,,Y,2026-04-18 10:58:56.920000,,,N,,422001,2026-03-24 11:31:15.770000,499162,2026-04-18 10:58:56.920000,2026-03-31 09:52:25.933000,,
QA2603204,P20,SH22101000,생산팀(특장),QC,2026-03-23 00:00:00,2026-03-24 00:00:00,SA00,A01,A02240MPH-01-V,,1.00,Q,0,1248131958,A02MP00,19,,,,Y,SH24103000,N,0.00,0.00,0.00,0.00,,HOOD FRAME 내측 단품 15번 전기박스 간섭됨.,이전과 설계불량 동일내용하며 도면설변누락됨.현장수정조치완료.,,,Y,,,Y,2026-04-18 10:59:15.233000,,,N,,422001,2026-03-24 11:34:21.533000,499162,2026-04-18 10:59:15.233000,2026-03-24 14:41:05.170000,,
QA2603206,P20,SH11610100,품질관리팀,QO,2026-03-25 00:00:00,2026-03-25 00:00:00,SH00,H03,,CK201,0.00,Y,0,,J02000,170,2026-03-25 00:00:00,,N,N,,N,0.00,0.00,0.00,0.00,,특이사항 없음,,,,N,,,Y,2026-04-27 11:45:37.143000,N,,N,,213068,2026-03-25 16:10:38.983000,213068,2026-04-27 11:45:37.143000,,,
QA2603207,P20,SH11610100,품질관리팀,QO,2026-03-25 00:00:00,2026-03-25 00:00:00,SH00,H01,,CK201,0.00,Y,0,,J01000,173,2026-03-25 00:00:00,,N,N,,N,0.00,0.00,0.00,0.00,,특이사항 없음,,,,N,,,Y,2026-04-27 11:45:41.703000,N,,N,,213068,2026-03-25 16:10:39,213068,2026-04-27 11:45:41.703000,,,
QA2603208,P20,SH11610100,품질관리팀,QO,2026-03-25 00:00:00,2026-03-25 00:00:00,SH00,H01,,CX312,0.00,Y,0,,CX47100001,6,2026-03-25 00:00:00,,N,N,,N,0.00,0.00,0.00,0.00,,특이사항 없음,,,,N,,,Y,2026-04-27 11:45:45.980000,N,,N,,213068,2026-03-25 16:10:39.013000,213068,2026-04-27 11:45:45.980000,,,
QA2603209,P20,SH11610100,품질관리팀,QO,2026-03-25 00:00:00,2026-03-25 00:00:00,SH00,H01,,CX302,0.00,Y,0,,F41001,80,2026-03-25 00:00:00,,N,N,,N,0.00,0.00,0.00,0.00,,특이사항 없음,,,,N,,,Y,2026-04-27 11:45:49.763000,N,,N,,213068,2026-03-25 16:10:39.030000,213068,2026-04-27 11:45:49.763000,,,
QA2603210,P20,SH11610100,품질관리팀,QO,2026-03-25 00:00:00,2026-03-25 00:00:00,SH00,H01,,CX312,0.00,Y,0,,CX47100001,5,2026-03-25 00:00:00,,N,N,,N,0.00,0.00,0.00,0.00,,특이사항 없음,,,,N,,,Y,2026-04-27 11:45:54.070000,N,,N,,213068,2026-03-25 16:10:39.047000,213068,2026-04-27 11:45:54.070000,,,
QA2603211,P20,SH11610100,품질관리팀,QO,2026-03-25 00:00:00,2026-03-25 00:00:00,SH00,H03,,CK201,0.00,Y,0,,J02000,165,2026-03-25 00:00:00,,N,N,,N,0.00,0.00,0.00,0.00,,3개월 장기재고건,,,,N,,,Y,2026-04-27 11:45:58.173000,N,,N,,213068,2026-03-25 16:10:39.060000,213068,2026-04-27 11:45:58.173000,,,
QA2603212,P20,SH11610100,품질관리팀,QO,2026-03-25 00:00:00,2026-03-25 00:00:00,SH00,H03,,CK201,0.00,Y,0,,J02000,164,2026-03-25 00:00:00,,N,N,,N,0.00,0.00,0.00,0.00,,3개월 장기재고건,,,,N,,,Y,2026-04-27 11:46:03.613000,N,,N,,213068,2026-03-25 16:10:39.077000,213068,2026-04-27 11:46:03.613000,,,
QA2603213,P20,SH11610100,품질관리팀,QO,2026-03-25 00:00:00,2026-03-25 00:00:00,SH00,H01,,CK201,0.00,Y,0,,J01000,168,2026-03-25 00:00:00,,N,N,,N,0.00,0.00,0.00,0.00,,3개월 장기재고건,,,,N,,,Y,2026-04-27 11:46:07.607000,N,,N,,213068,2026-03-25 16:10:39.093000,213068,2026-04-27 11:46:07.607000,,,
QA2603214,P20,SH11610100,품질관리팀,QO,2026-03-25 00:00:00,2026-03-25 00:00:00,SH00,H01,,CK201,0.00,Y,0,,J01000,167,2026-03-25 00:00:00,,N,N,,N,0.00,0.00,0.00,0.00,,3개월 장기재고건,,,,N,,,Y,2026-04-27 11:46:11.990000,N,,N,,213068,2026-03-25 16:10:39.110000,213068,2026-04-27 11:46:11.990000,,,
QA2603215,P20,SH11610100,품질관리팀,QO,2026-03-25 00:00:00,2026-03-25 00:00:00,SH00,H03,,CK201,0.00,Y,0,,J02000,169,2026-03-25 00:00:00,,N,N,,N,0.00,0.00,0.00,0.00,,특이사항 없음,,,,N,,,Y,2026-04-27 11:46:16.080000,N,,N,,213068,2026-03-25 16:40:58.933000,213068,2026-04-27 11:46:16.080000,,,
QA2603216,P20,SH11610100,품질관리팀,QO,2026-03-25 00:00:00,2026-03-25 00:00:00,SH00,H03,,CK201,0.00,Y,0,,J02000,168,2026-03-25 00:00:00,,N,N,,N,0.00,0.00,0.00,0.00,,특이사항 없음,,,,N,,,Y,2026-04-27 11:46:20.167000,N,,N,,213068,2026-03-25 16:40:58.947000,213068,2026-04-27 11:46:20.167000,,,
QA2603217,P20,SH11610100,품질관리팀,QO,2026-03-25 00:00:00,2026-03-25 00:00:00,SH00,H01,,CK201,0.00,Y,0,,J01000,172,2026-03-25 00:00:00,,N,N,,N,0.00,0.00,0.00,0.00,,특이사항 없음,,,,N,,,Y,2026-04-27 11:46:23.870000,N,,N,,213068,2026-03-25 16:40:58.963000,213068,2026-04-27 11:46:23.870000,,,
QA2603218,P20,SH11610100,품질관리팀,QO,2026-03-25 00:00:00,2026-03-25 00:00:00,SH00,H01,,CK201,0.00,Y,0,,J01000,171,2026-03-25 00:00:00,,N,N,,N,0.00,0.00,0.00,0.00,,특이사항 없음,,,,N,,,Y,2026-04-27 11:46:28.067000,N,,N,,213068,2026-03-25 16:40:58.980000,213068,2026-04-27 11:46:28.067000,,,
QA2603219,P20,SH22101000,생산팀(특장),QC,2026-03-23 00:00:00,2026-03-26 00:00:00,SA00,A01,A02240MPH-01-V,,1.00,B,0,3128180264,A02MP00,19,,,,Y,SH11231200,N,0.00,0.00,0.00,0.00,,엔진 머플러 프랜지 조립부 HOOD DOOR 내측 보강대 절단부 취부불량, 업체(대신기업) 방문수정요청 완료,,,N,,,Y,2026-04-18 10:59:26.710000,,,N,,422001,2026-03-26 09:09:56.860000,499162,2026-04-18 10:59:26.710000,2026-03-26 11:32:44.303000,,
QA2603220,P20,SH22101000,생산팀(특장),QC,2026-03-24 00:00:00,2026-03-26 00:00:00,SA00,A01,6171-83000-07,ZZZZZ,2.00,O,0,1228627128,A760000,3~4,,,,Y,SH11610100,N,0.00,0.00,0.00,0.00,,2단 BOOM 측면 롤러 베어링 6304ZZ인데 6205ZZ 조립됨 ,업체반출 수정 입고완료,,,N,,,Y,2026-04-18 10:59:41.460000,,,N,,422001,2026-03-26 09:12:05.160000,499162,2026-04-18 10:59:41.460000,2026-03-26 11:32:44.303000,,
QA2603221,P20,SH22101000,생산팀(특장),QC,2026-03-25 00:00:00,2026-03-26 00:00:00,SA00,A01,S5T3-2703000-03,SI401,6.00,A,0,1348149488,A760000,9~11,,,,Y,SH11231200,N,0.00,0.00,0.00,0.00,,WINCH와 JIB BOOM 조립되는 PAD 뒤틀림 변형불량으로 JIB BOOM 조립시 간섭됨,WINCH BODY JIB BOOM PAD 불량  총6EA 업체(JM) 신규제작 입고 업체방문 교체후 동일함으로 WINCH BODY 반출 수정입고완료,,,N,,,Y,2026-04-18 10:59:57.330000,,,N,,422001,2026-03-26 09:14:13.800000,499162,2026-04-18 10:59:57.330000,2026-03-31 09:52:25.933000,,
QA2603222,P20,SH22101000,생산팀(특장),QC,2026-03-25 00:00:00,2026-03-26 00:00:00,SA00,A01,S5T2-2201000-08,SI101,3.00,B,60,1348149488,A760000,1~3,,클레임,,Y,SH11231200,N,0.00,0.00,0.00,0.00,,"ARM BOOM STOPPER 내측 용접각장S:3mm, A:7mm TRUST BAERING 조립시 용접비드 간섭됨",현장 투입분 3대분 작업지연으로 현장수정조치완료.업체 내용전달후 추후분 수정입고요청함. 현장 수정공수 패널티처리예정,,,N,,,Y,2026-04-18 11:00:21.640000,,,N,,422001,2026-03-26 09:17:52.067000,499162,2026-04-18 11:00:21.640000,2026-03-26 11:32:44.303000,,
QA2603223,P20,SH22101000,생산팀(특장),QC,2026-03-25 00:00:00,2026-03-26 00:00:00,SA00,A02,J5DV-1400000-00,ZZZZZ,1.00,B,0,3018133096,E1D1-0000000-00,339,,,,Y,SH11231200,N,0.00,0.00,0.00,0.00,,가이드 작동시 간섭 발생.ROTATOR GUIDE 7번 단품 각도 취부불량(각도측정 어려움),간섭부 현장조치했으며 업체(설우기계) 내용전달완료.추후분 확인요청,,,N,,,Y,2026-04-18 11:00:37.227000,,,N,,422001,2026-03-26 09:19:09.233000,499162,2026-04-18 11:00:37.227000,2026-03-26 11:32:44.303000,,
QA2603224,P20,SH22101000,생산팀(특장),QC,2026-03-25 00:00:00,2026-03-26 00:00:00,SA00,A02,D103311,DC103,2.00,A,0,3320703029,D111000,90~91,,,,Y,SH11231200,N,0.00,0.00,0.00,0.00,,BONNET REST 단품4번 M12 TAP가공 누락,업체방문 수정조치완료,,,N,,,Y,2026-04-18 11:00:47.523000,,,N,,422001,2026-03-26 09:21:32.917000,499162,2026-04-18 11:00:47.523000,2026-03-26 14:23:39.840000,,
QA2603225,P20,SH22101000,생산팀(특장),QC,2026-03-25 00:00:00,2026-03-26 00:00:00,SA00,A05,D703305-01,ZZZZZ,1.00,P,0,1248131958,D700000,30~31,,,,Y,SH24102000,N,0.00,0.00,0.00,0.00,,D703305-01 중앙부위 165.5파이에 파이프(D703305-03) 삽입 용접진행 -> D703305-03 치수 165.2파이 나와야하는데 구간마다 치수상이함,"D703305 t40 ø165,5 →ø166,5으로 설변요청 연구소 합의 (제안서작성)",,,N,,,Y,2026-05-07 15:31:38.043000,,,N,,422001,2026-03-26 09:22:50.187000,421029,2026-05-07 15:31:38.043000,2026-03-27 08:24:10.627000,,
QA2603226,P20,SH22101000,생산팀(특장),QC,2026-03-26 00:00:00,2026-03-26 00:00:00,SA00,A01,A761202,ZZZZZ,1.00,A,0,4918102052,A760000,1,,,,Y,SH11231200,N,0.00,0.00,0.00,0.00,,M/T BKT HOLE 가공불량-2번 단품 30파이 가공누락(관통되야됨),업체(이준씨스템) 반출수정 입고투입완료,,,N,,,Y,2026-04-18 11:01:37.643000,,,N,,422001,2026-03-26 09:24:31.197000,499162,2026-04-18 11:01:37.643000,2026-03-26 11:32:44.303000,,
QA2603227,P20,SH11610100,품질관리팀,QC,2026-03-11 00:00:00,2026-03-26 00:00:00,SH00,H02,C0073356,CX317,1.00,Z,0,3328603567,C0073356,,,,,Y,SH11220000,N,0.00,0.00,0.00,0.00,,"- SCS2026P LIFT 바디 오조립 부적합    원인 : 리프트 조임 볼트 M14 1개 누락으로 인한 흔들거림    현상 : 리프트 상승/하강 끝단에서 ""덜컹""거림    과실: 생산팀 오조립, 조립누락","조치 : 생산 통보 완료, M14 볼트 여분 구매 요청",,,N,,,Y,2026-04-27 11:46:39.930000,,,N,,222009,2026-03-26 13:48:06.507000,222009,2026-04-27 11:46:39.930000,2026-03-26 13:57:33.847000,,
QA2603229,P20,SH11610100,품질관리팀,QC,2026-03-20 00:00:00,2026-03-26 00:00:00,SH00,H02,C0065634,CX319,1.00,D,0,6158528073,C0065634,5,,,N,Y,SH11610100,Y,0.00,860.00,0.00,0.00,R03,"현상 : 고객 출하 대기품, 적재함 누유 확인됨    원인 : 2단 텔실린더 호스 조임 부적합(업체) * 경기대리점 공임비 150만원 청구 / 서비스 접수번호: SVC2603139","조치 : 경기대리점 출장, 붐 분해 후 호스 재조임, 붐 아세이 재조립, 작동 시 누유 없음.",,,N,,,Y,2026-04-27 11:20:38.653000,,,N,,222009,2026-03-26 14:16:50.827000,222009,2026-04-27 11:20:38.653000,,,0
QA2603230,P20,SH11610100,품질관리팀,QC,2026-03-24 00:00:00,2026-03-26 00:00:00,SH00,H03,C0025699,CX303,1.00,D,60,1318606224,C0025699,,,,N,Y,SH11610100,Y,0.00,860.00,51600.00,0.00,,SCS1215VN 윈치감속기 부적합   - 현상: 감속기 커버 볼트 조임 부적합  - 원인: TAP 부적합,"재TAP 작업후 조립완료, 업체 통보, 재발방지대책서 요청 ",,,N,,,Y,2026-04-27 11:46:24.590000,,,N,,222009,2026-03-26 14:29:58.247000,222009,2026-04-27 11:46:24.590000,,,0
QA2603231,P20,SH11610100,품질관리팀,QC,2026-03-24 00:00:00,2026-03-26 00:00:00,SH00,H03,J13131,CX205,1.00,B,60,1248671687,J13131,,,,N,Y,SH11231200,Y,0.00,860.00,51600.00,0.00,,SCS746 전복방지 FRAME BKT 부적합 - 현상: 8연 밸브 BKT 도면과 다른 BKT 부착 / SPEC: 높이 56 - 원인: BKT 타기종 유사품목 오부착 ,태현 ENG 방문 수정완료,,,N,,,Y,2026-04-27 11:46:16.797000,,,N,,222009,2026-03-26 14:36:14.797000,222009,2026-04-27 11:46:16.797000,,,0
QA2603232,P20,SH11610100,품질관리팀,QC,2026-03-25 00:00:00,2026-03-26 00:00:00,SH00,H03,C0019609,CX411,1.00,Z,0,1138188543,C0019609,,,,N,Y,SH11230000,N,0.00,860.00,0.00,0.00,,SCK1200 굴절식 붐 라이트 부적합  - 현상: 라이트 고정 볼트 고정력 없음.  - 원인: 볼트 나사산 부적합,"기성품(구매품)으로 업체 단순 교환 조치, 구매팀 통보",,,N,,,Y,2026-04-27 11:39:00.057000,,,N,,222009,2026-03-26 15:03:48.803000,222009,2026-04-27 11:39:00.057000,,,0
QA2603233,P15,SH23101000,고객지원팀(특장),AS,2026-03-13 00:00:00,2026-03-19 00:00:00,SA00,,A522176F,SI202,1.00,B,1,5028157124,A530000,52,2023-05-03 00:00:00,SVC2603113 대리점 작업진행건,N,Y,SH11610100,Y,502900.00,900000.00,1402900.00,0.00,,1.사용환경 및 작업내용 　＊　현장　출장　점검 2.접수 및 클레임 내용 　＊　헤드붐　상태　점검,1.점검내용 　＊　헤드붐　크렉　여부　확인 2.문제점 　＊　점검 3.조치내용 　＊　헤드붐　용접　상태　외관　크렉은　없으나　내부　용접　상태 불량으로　의심됨 　＊　헤드붐　대구대리점　사급　발송　조치　예정 　＊　부품　발송　조치　완료,,,N,,,N,,,,N,,222008,2026-03-30 10:04:22.317000,222008,2026-04-09 14:31:51.440000,,,1
QA2603234,P15,SH23101000,고객지원팀(특장),AS,2026-03-26 00:00:00,2026-03-30 00:00:00,SA00,,AW39800,ZZZZZ,1.00,,1,7603041814,A670000,31,2024-12-24 00:00:00,,N,Y,SH11610100,N,178000.00,115000.00,293000.00,0.00,,1.사용환경 및 작업내용 - 안성시 활선작업 2.접수 및 클레임 내용 - 암붐 회전 모터 누유 및 간헐적 회전 불능 - 작업중 전방 조수석쪽 잭 자연 인입 전복 위험 ,1.점검내용 - 암붐 회전 모터 누유 및 잭 자연 인입 건 점검 2.문제점 - 암붐 회전 모터 불량 - 더블 파일롯 체크 밸브 불량 3.조치내용 - 암붐 회전 모터 교환 - 더블 파일롯 체크 밸브 1개 교환,,,N,,,N,,,,N,,222008,2026-03-30 10:12:07.877000,222008,2026-03-30 10:12:07.877000,,,1
QA2603235,P15,SH23101000,고객지원팀(특장),AS,2026-03-26 00:00:00,2026-03-30 00:00:00,SA00,,AW81100,DH303,1.00,D,1,7603041814,A670000,31,2024-12-24 00:00:00,,N,Y,SH11610100,Y,41000.00,118500.00,159500.00,0.00,,1.사용환경 및 작업내용 - 안성시 활선작업 2.접수 및 클레임 내용 - 암붐 회전 모터 누유 및 간헐적 회전 불능 - 작업중 전방 조수석쪽 잭 자연 인입 전복 위험 ,1.점검내용 - 암붐 회전 모터 누유 및 잭 자연 인입 건 점검 2.문제점 - 암붐 회전 모터 불량 - 더블 파일롯 체크 밸브 불량 3.조치내용 - 암붐 회전 모터 교환 - 더블 파일롯 체크 밸브 1개 교환,,,N,,,N,,,,N,,222008,2026-03-30 10:13:16.903000,222008,2026-04-09 14:32:08.373000,,,1
QA2603236,P20,SH22101000,생산팀(특장),QC,2026-03-26 00:00:00,2026-03-30 00:00:00,SA00,A04,AW81400C,ZZZZZ,2.00,B,0,1348149488,A760000,1,,,,Y,SH11231200,N,0.00,0.00,0.00,0.00,,아웃트리거 INNER BOX 삽입 불가,반출하여 수정 투입 완료,,,N,,,Y,2026-04-18 11:03:13.510000,,,N,,422001,2026-03-30 16:34:49.840000,499162,2026-04-18 11:03:13.510000,2026-03-31 09:52:25.933000,,
QA2603237,P20,SH22101000,생산팀(특장),QC,2026-03-26 00:00:00,2026-03-30 00:00:00,SA00,A01,S5T3-2809000-03,SI401,11.00,Q,0,1248131958,A760000,1~11,,개발장비건,,Y,SH24104000,N,0.00,0.00,0.00,0.00,,"WINCH 피니언기어 CONNECTOR 조립불가-GEAR 틈새 9mm 0~+0.5, CONNETOR 9T 도장시 조립불가임",기어와 커넥터 도면상 공차가 없음으로 현장 수정조치함. 설계팀 공차여유 검토후 설변요청함,,,N,,,Y,2026-04-18 11:02:10.253000,,,N,,422001,2026-03-30 16:35:49.920000,499162,2026-04-18 11:02:10.253000,2026-03-31 09:52:25.933000,,
QA2603238,P20,SH22101000,생산팀(특장),QC,2026-03-27 00:00:00,2026-03-30 00:00:00,SA00,A02,D329190,DC103,1.00,D,60,6158528073,D040000,209,,클레임-재도장비용,,Y,SH11610100,N,0.00,0.00,0.00,0.00,,가이드클램프 실린더 용접부 누유,재고분 크램프 실린더 재도장후 교체작업완료.교체공수 및 재도장비용 패널티처리예정 탈거분 업체화물발송 수정입고완료,,,N,,,Y,2026-04-18 11:02:49.863000,,,N,,422001,2026-03-30 16:37:53.107000,499162,2026-04-18 11:02:49.863000,2026-03-31 09:52:25.933000,,
QA2603239,P20,SH22101000,생산팀(특장),QC,2026-03-27 00:00:00,2026-03-30 00:00:00,SA00,A01,3802005-0017701,AT501,1.00,O,0,1370603257,Z5P1-MPHV000-00,861,,,,Y,SH11610100,N,0.00,0.00,0.00,0.00,,습식크리너 필터 내 O-RING 없음 ,재고분 선조치완료.업체(대성정밀) 오링 입고완료 ,,,N,,,Y,2026-04-18 11:03:22.797000,,,N,,422001,2026-03-30 16:39:00.313000,499162,2026-04-18 11:03:22.797000,2026-04-01 16:16:52.773000,,
QA2603240,P20,SH22101000,생산팀(특장),QC,2026-03-27 00:00:00,2026-03-30 00:00:00,SA00,A01,500000V-160E110,ZZZZZ,4.00,N,0,6098124002,A760000,1~2,,,,Y,SH11610100,N,0.00,0.00,0.00,0.00,,버켓공구라인 피팅 리스트와 다르게 입고됨.ADAPTER 3/8*3/8인데 1/4*3/8으로 입고됨,재고분 선조치완료.업체 내용전달후 입고요청함,,,N,,,Y,2026-04-18 11:03:37.920000,,,N,,422001,2026-03-30 16:40:30.280000,499162,2026-04-18 11:03:37.920000,2026-03-31 09:52:25.933000,,
QA2603241,P20,SH22101000,생산팀(특장),QC,2026-03-27 00:00:00,2026-03-30 00:00:00,SA00,A07,6400035-0001000,DC106,1.00,E,0,1378167127,E1D1-0000000-00,340,,,,Y,SH11231200,N,0.00,0.00,0.00,0.00,,집진기펄스 제어기 순차적으로 점등되야되는데 일정시간후 램프전부다 점등됨  ,투입품으로 교체후 정상작동함.업체 신품입고완료.고품 업체발송함,,,N,,,Y,2026-04-18 11:04:05.227000,,,N,,422001,2026-03-30 16:55:12.087000,499162,2026-04-18 11:04:05.227000,2026-03-31 09:52:25.933000,,
QA2603242,P20,SH22101000,생산팀(특장),QC,2026-03-27 00:00:00,2026-03-30 00:00:00,SA00,A01,A561301E,SI205,11.00,B,0,4918102052,A760000,1~11,,개발장비건,,Y,SH11231200,N,0.00,0.00,0.00,0.00,,프레임 프론트 하단면 단속용접 누락됨-확인결과 프레임 9번 상판 업체에서 설계팀과 협의없이 홀가공후 용접작업함,설계팀 용접작업상태 사용유무 합의함. SI-160AE-VE #1~11구매팀 담당자 특채처리예정 설계팀 추후 설계 개선검토 요청-(상판 T수 얇아 단속용접시 변형감),,,N,,,Y,2026-04-18 11:05:37.140000,,,N,,422001,2026-03-30 17:08:01.570000,499162,2026-04-18 11:05:37.140000,2026-03-31 09:52:25.933000,,
QA2603243,P20,SH22101000,생산팀(특장),QC,2026-03-27 00:00:00,2026-03-31 00:00:00,SA00,A02,D133700B,ZZZZZ,4.00,Q,0,1248131958,J8B1-0000000-00,399~402,,,,Y,SH24101000,N,0.00,0.00,0.00,0.00,,집진기 커버 간섭 수정누락.,이전호기 작업의뢰서 배포 (AIR TANK COVER 품번 D133704-수정)사내수정완료.이후 정식도면 배포안됨. 천공기개발팀 업체(대신기업) 구두협의진행 확인함. 입고분 사내수정 조치완료 출도도면 배포완료-첨부파일참조,,,N,,,Y,2026-04-18 11:05:52.063000,,,N,,422001,2026-03-31 08:21:16.100000,499162,2026-04-18 11:05:52.063000,2026-04-01 16:16:52.773000,,
QA2603245,P20,SH22101000,생산팀(특장),QC,2026-03-28 00:00:00,2026-03-31 00:00:00,SA00,A04,AW81400C,ZZZZZ,2.00,Z,0,1348149488,A760000,1~2,,개발장비건,,Y,SH11231200,N,0.00,0.00,0.00,0.00,,아웃트리거 INNER BOX가 짝이맞지않게 입고되어 한대분에맞춰 조립 불가,업체측 확인하여 12시까지 입고예정 투입 완료 ,,,N,,,Y,2026-04-18 14:08:35.127000,,,N,,422001,2026-03-31 08:25:21.250000,499162,2026-04-18 14:08:35.127000,2026-03-31 14:39:21.793000,,
QA2603246,P20,SH22101000,생산팀(특장),QC,2026-03-30 00:00:00,2026-03-31 00:00:00,SA00,A07,WR27000,OE201,1.00,E,0,4018122865,WC10000000,80,,,,Y,SH11610100,N,0.00,0.00,0.00,0.00,,후방운전석측 방향지시등 미점등,대우측에 해당 황색램프 교체조치완료,,,N,,,Y,2026-04-18 11:06:08.920000,,,N,,422001,2026-03-31 08:26:19.330000,499162,2026-04-18 11:06:08.920000,2026-03-31 14:39:03.580000,,
QA2603247,P20,SH22101000,생산팀(특장),QC,2026-03-30 00:00:00,2026-03-31 00:00:00,SA00,A01,AW81400C,ZZZZZ,1.00,B,0,1348149488,A760000,1,,,,Y,SH11231200,N,0.00,0.00,0.00,0.00,,"아웃트리거 EXT' HOSE ROLLER 회전불가.-아웃트리거 내폭치수불량(S:122mm,A:120mm) ROLLER 120mm로 조립시 회전안됨",입고분 #1 현장수정조치함.업체 10대분에 대해 ROLLER 수정입고요청.  설계팀 제관공차 감안  ROLLER길이개선 조치요청함,,,N,,,Y,2026-04-18 11:06:48.263000,,,N,,422001,2026-03-31 08:42:45.490000,499162,2026-04-18 11:06:48.263000,2026-04-02 09:23:07.253000,,
QA2603248,P20,SH22101000,생산팀(특장),QC,2026-03-30 00:00:00,2026-03-31 00:00:00,SA00,A04,S5T2-7601000-08,SI101,11.00,Q,0,1248131958,A760000,1~11,,개발장비건,,Y,SH24104000,N,0.00,0.00,0.00,0.00,,캡프로텍터 캐빈 끝단등과 간섭으로 조립 안됨,연구확인결과 설변하였으나 도면배포 누락한것으로 작업의뢰서 배포 수정조치완료,,,N,,,Y,2026-04-18 14:09:12.133000,,,N,,422001,2026-03-31 08:45:04,499162,2026-04-18 14:09:12.133000,2026-04-02 14:37:15.567000,,
QA2603249,P20,SH22101000,생산팀(특장),QC,2026-03-30 00:00:00,2026-03-31 00:00:00,SA00,A01,,,2.00,H,0,,A760000,1~2,,사내도장불량,,Y,SH22101000,N,0.00,0.00,0.00,0.00,,붐내부 쇼트볼 에어로 제거안됨.  ,현장수정 조치완료.생산팀 업체(동양쇼트) 내용 전달하여 주의요청 및 투입 전 붐 재확인 조치진행,,,N,,,Y,2026-04-18 11:07:01.740000,,,N,,422001,2026-03-31 08:47:35.573000,499162,2026-04-18 11:07:01.740000,2026-03-31 14:39:33.637000,,
QA2603250,P20,SH22101000,생산팀(특장),QC,2026-03-30 00:00:00,2026-03-31 00:00:00,SA00,A02,DR17900A,,1.00,D,0,1238147990,D040000,209,,,,Y,SH11610100,N,0.00,0.00,0.00,0.00,,리시버탱크 레벨게이지 용접부 누유. 재발생건으로 시동걸고 작동시 다른부위에서 누유됨  ,업체방문 용접수정후 누유테스트 이상무 터치업작업 조치완료. 업체 재발방지 대책서 첨부함  ,,,N,,,Y,2026-04-18 11:07:27.750000,,,N,,422001,2026-03-31 09:05:05.677000,499162,2026-04-18 11:07:27.750000,2026-03-31 14:39:44.147000,,
QA2603251,P15,SH11210000,BR생산팀,QC,2026-03-16 00:00:00,2026-04-01 00:00:00,SH00,H04,B0007122,SQ105,19.00,A,0,와이케이툴스코리아,B0007122,,,"ERP기준 공수x소재비용 합산 단가 248,615원",N,Y,SH11210000,Y,4723685.00,0.00,4723685.00,0.00,,현상 : v/v부 홈 깊이 치수 불량 (도면:89mm /실측 90mm 이상)  원인 : T-커터 공구 생크 외경 공차 미달로 인한 공구 이탈 발생  ※유첨 참고,공구 업체 와이케이툴스 코리아 (박인규 대표 010-8812-7574) 클레임 진행 예정,,,N,,,N,,,,N,,224013,2026-04-01 10:38:10.763000,224013,2026-04-02 10:08:01.973000,,,0
QA2603252,P15,SH23101000,고객지원팀(특장),AS,2026-03-23 00:00:00,2026-03-31 00:00:00,SA00,,DR67400B,ZZZZZ,1.00,,1,4238700602,D490000,,2026-03-19 00:00:00,,N,N,,N,3700000.00,295000.00,3995000.00,0.00,,1.사용환경 및 작업내용 - 아파트 터파기 공사  2.접수 및 클레임 내용 - 에어앤드 누유 ( 블럭 조립부.사진첨부),1.점검내용  - 에어앤드 누유부 육안식별  2.문제점  -에어앤드 하단부 프레임 조립부 누유 (별도 사진 첨부)  3.조치내용  - 공장내 에서 에어앤드 ass'y 및 관련부품 조립후 현장 교체,,,N,,,N,,,,N,,222008,2026-04-01 13:30:44.470000,222008,2026-04-01 13:30:44.470000,,,1
QA2603253,P20,SH22101000,생산팀(특장),QC,2026-03-31 00:00:00,2026-04-01 00:00:00,SA00,A07,J8B1-3202000-09,ZZZZZ,1.00,B,0,1248131958,E1D1-0000000-00,340,,,,Y,SH22101000,N,0.00,0.00,0.00,0.00,,밧데리 고정브라켓 간섭으로 고정불가.-50번 단품 밧데리 차단키 BKT 용접변형으로 한쪽으로 쏠림으로 간섭됨. ,사내 업체(태정) 현장수정 조치완료,,,N,,,Y,2026-04-18 11:07:39.990000,,,N,,422001,2026-04-01 16:21:08.540000,499162,2026-04-18 11:07:39.990000,2026-04-02 09:23:07.253000,,
QA2603254,P20,SH22101000,생산팀(특장),QC,2026-03-31 00:00:00,2026-04-01 00:00:00,SA00,A01,A522601L,ZZZZZ,1.00,P,0,1248131958,A760000,2,,개발장비건,,Y,SH24104000,N,0.00,0.00,0.00,0.00,,TURN TABLE M/T  볼트 P/W 용접비드 간섭-도면확인결과 32번 단품 PLATE 용접각장 표기누락됨 S/W TYPE에서 P/W TYPE 변경후 간헐적 P/W 양쪽 간섭됨 ,현장 P/W 간섭부 절단후 조치함. 특장개발팀 TURN TABLE M/T 볼트 조립부 용접각장표기  개선요청함,,,N,,,Y,2026-04-18 11:08:38.473000,,,N,,422001,2026-04-01 16:22:20.467000,499162,2026-04-18 11:08:38.473000,2026-04-02 09:23:07.253000,,
QA2603257,P20,SH22101000,생산팀(특장),QC,2026-03-31 00:00:00,2026-04-01 00:00:00,SA00,A02,500000V-JD15070,ZZZZZ,2.00,N,0,6098124002,D490000,87~88,,,,Y,SH11610100,N,0.00,0.00,0.00,0.00,,"FITTING 입고불량. S:RED ADAPTER G-PF 1""×PF1/2, A:G 1/2X1/2로 입고됨",재고분 투입완료.업체 주의 내용전달함,,,N,,,Y,2026-04-18 11:08:46.863000,,,N,,422001,2026-04-01 16:34:11.107000,499162,2026-04-18 11:08:46.863000,2026-04-02 09:23:07.253000,,
QA2603258,P20,SH22101000,생산팀(특장),QC,2026-03-31 00:00:00,2026-04-01 00:00:00,SA00,A02,D2B1-2002000-08,DC103,1.00,P,0,1248131958,E1D1-0000000-00,337,,,,Y,SH24101000,N,0.00,0.00,0.00,0.00,,"틸팅실린더 작동시 2단붐 보강 PLATE 측면 간섭됨. 틸팅실린더 작동시 2단붐과 제관공차,조립공차로 간헐적 발생함.",현장 보강PLATE 간섭부 C처리 수정조치완료. 천공기 개발팀 검토후 보강 PLATE 개선요청함 2단 BOOM 입고분 작업의뢰서 배포후 도장전 간섭부 C-처리 수정요청함 ,,,N,,,Y,2026-04-18 11:09:07.443000,,,N,,422001,2026-04-01 16:35:57.573000,499162,2026-04-18 11:09:07.443000,2026-04-02 09:23:07.253000,,
QA2603259,P20,SH11610100,품질관리팀,QC,2026-03-24 00:00:00,2026-04-02 00:00:00,SH00,H03,F45112,CX302,1.00,Q,0,3148134198,F45112,,,,N,Y,SH11420000,N,0.00,860.00,0.00,0.00,,"현상 : PIPE(F45112) 조립시 길이가 짧게 설계되어 조립 어려움 / SPEC:135, ACT:135 원인 : 연구소 설계 부적합",조치 : 연구소 설계변경 요청,,,N,,,Y,2026-04-27 11:46:06.900000,,,N,,222009,2026-04-02 14:00:16.833000,222009,2026-04-27 11:46:06.900000,,,0
QA2603260,P20,SH11610100,품질관리팀,QC,2026-03-31 00:00:00,2026-04-02 00:00:00,SH00,H03,2555026,OE701,1.00,Q,0,1248170586,2555026,,,,N,Y,SH11420000,N,0.00,860.00,0.00,0.00,,SCS1215VN 윈치 감속기 공정 문제 확인 현상 : 윈치 감속기 모터 고압호스 꺾여서 조립됨 원인 : 연구소 설계 부적합. 고압 호스 길이 길음 CX33300026 하위 25번 2555026 호스 ,조치 : 연구소 HOSE (255214) L280 → L210 수급하여 조립완료. 설변예정,,,N,,,Y,2026-04-27 11:45:55.463000,,,N,,222009,2026-04-02 14:33:21.437000,222009,2026-04-27 11:45:55.463000,,,0
QA2603261,P15,SH23101000,고객지원팀(특장),AS,2026-03-12 00:00:00,2026-03-12 00:00:00,SA00,,ES07700,,1.00,,1,7712201447,A530000,65,2025-01-09 00:00:00,,N,N,,N,320000.00,170000.00,490000.00,0.00,,1.사용환경 및 작업내용 - 금산군 활선작업  2.접수 및 클레임 내용 - 간헐적 암붐 회전 불능(에러 37번 19회 누적),1.점검내용 - 암붐/버켓 조이스틱 점검 - 헤드붐 내측 용접 상태 점검  2.문제점 - 암붐/ 버켓 조이스틱 불량  3.조치내용 - 암붐/ 버켓 조이스틱 교환 세팅,,,N,,,N,,,,N,,222008,2026-04-09 14:37:52.573000,222008,2026-04-09 14:37:52.573000,,,1
QA2603262,P15,SH23101000,고객지원팀(특장),AS,2026-03-17 00:00:00,2026-03-17 00:00:00,SA00,,AW81100,DH303,4.00,,1,1732102276,A670000,33,2026-01-26 00:00:00,,Y,Y,SH11610100,Y,164000.00,135000.00,299000.00,0.00,,1.사용환경 및 작업내용 파이롯 체크밸브 교체작업 함 2.접수 및 클레임 내용 아우트리커 잭 실린더 4ea 떨어짐 이상으로 a/s 접수,"1.점검내용 주행시 아우트리커 잭실린 더떨어짐 발생, 2.문제점 위 상황이 4EA 동일현상 보임. 3.조치내용 파이롯체크 밸브 교체하고 실험",,,N,,,N,,,,N,,222008,2026-04-09 14:42:50.257000,222008,2026-04-09 14:42:50.257000,,,2
QA2604001,P15,SH11210000,BR생산팀,QC,2026-03-16 00:00:00,2026-04-01 00:00:00,SH00,H04,DF02800LL,DF202,1.00,A,0,와이케이툴스코리아,DF02800LL,,,"ERP기준 공수x소재비용 합산 단가 1,149,181원",N,Y,SH11210000,Y,1149181.00,0.00,1149181.00,0.00,,현상 : 가공 중 공구 파손으로 인한 제품 불량 원인 : T-커터 공구 생크 외경 공차 미달로 인한 공구 이탈 발생 ※유첨 참고,공구 업체 와이케이툴스 코리아 (박인규 대표 010-8812-7574) 클레임 진행 예정,,,N,,,N,,,,N,,224013,2026-04-01 10:48:28.700000,224013,2026-04-02 10:07:41.570000,,,0
QA2604002,P15,SH23101000,고객지원팀(특장),AS,2026-04-01 00:00:00,2026-04-01 00:00:00,SA00,,AW85700,ZZZZZ,1.00,,1,4981000389,A700000,,2026-03-06 00:00:00,,N,Y,SH11610100,N,90000.00,105000.00,195000.00,0.00,,1.사용환경 및 작업내용 - 안성시 수목전지 작업 2.접수 및 클레임 내용 - 유온 저온 시 암붐 우회전 불능 - 차고지에 격납 12시간정도 경과 후 잭 4개 전체 30~40mm정도 자연 하강 및 작업중 전방 운전석쪽 잭 자연 인입으로 전복 위험 불만 접수,"1.점검내용 - 암붐 우회전 테스트 - 잭 체크밸브 점검 2.문제점 - 암붐 모터 회전 불량 의심 - 잭 체크밸브 4개 불량, 전방 운전석쪽 잭 체크밸브 고정 볼트 길이가 길어서 조립 불량 3.조치내용 - 암붐 회전 모터 교환(기존 AW39800 모터에서 AW85700 모터로 교환) - 잭 더블 파일롯 체크 밸브 4개 교환 ",,,N,,,N,,,,N,,222008,2026-04-01 13:35:35.567000,222008,2026-04-01 13:35:35.567000,,,1
QA2604003,P15,SH23101000,고객지원팀(특장),AS,2026-04-01 00:00:00,2026-04-01 00:00:00,SA00,,AW81100,DH303,4.00,,1,4981000389,A700000,,2026-03-06 00:00:00,,N,Y,SH11610100,Y,164000.00,85000.00,249000.00,0.00,,1.사용환경 및 작업내용 - 안성시 수목전지 작업 2.접수 및 클레임 내용 - 유온 저온 시 암붐 우회전 불능 - 차고지에 격납 12시간정도 경과 후 잭 4개 전체 30~40mm정도 자연 하강 및 작업중 전방 운전석쪽 잭 자연 인입으로 전복 위험 불만 접수,"1.점검내용 - 암붐 우회전 테스트 - 잭 체크밸브 점검 2.문제점 - 암붐 모터 회전 불량 의심 - 잭 체크밸브 4개 불량, 전방 운전석쪽 잭 체크밸브 고정 볼트 길이가 길어서 조립 불량 3.조치내용 - 암붐 회전 모터 교환(기존 AW39800 모터에서 AW85700 모터로 교환) - 잭 더블 파일롯 체크 밸브 4개 교환 ",,,N,,,N,,,,N,,222008,2026-04-01 13:43:26.240000,222008,2026-04-09 14:32:16.393000,,,1
QA2604004,P40,SH22101000,생산팀(특장),QC,2026-04-01 00:00:00,2026-04-02 00:00:00,SA00,A01,S5T2-2301000-12,SI401,11.00,B,0,3018133096,A760000,1~11,,개발장비건,,Y,SH11231200,N,0.00,0.00,0.00,0.00,,버켓 공구라인 BKT 11대분 단품7번 취부불량 및 용접변형감. BKT 높이 S:66mm인데 50~60mm 각각다름 ,사내업체(설우기계) FRP 조립시 현장방문 입고분 전량 확인후 수정조치함,,개발장비에 XXX XXX XXX XXX XXX,N,,,Y,2026-05-07 15:31:44.610000,N,2026-05-08 15:22:23.547000,Y,2026-05-08 15:52:44.650000,422001,2026-04-02 11:41:48.187000,499162,2026-05-08 15:52:44.650000,2026-04-18 13:42:13.567000,,
QA2604005,P40,SH22101000,생산팀(특장),QC,2026-04-01 00:00:00,2026-04-02 00:00:00,SA00,A01,,,2.00,H,0,,A760000,1~2,,사내도장불량,,Y,SH22101000,N,0.00,0.00,0.00,0.00,,활선차 데릭실린더 도장상태불량-도장후 바레트 적재시 긁힘방지안됨,도장작업후 주의요청. 사내신광도장 수정진행,,,N,,,Y,2026-04-16 07:58:51.557000,N,2026-04-16 09:20:36.913000,Y,2026-04-28 09:08:42.350000,422001,2026-04-02 11:43:59.130000,405015,2026-04-28 09:08:42.350000,2026-04-02 14:37:35.893000,,
QA2604007,P30,SH22101000,생산팀(특장),QC,2026-04-01 00:00:00,2026-04-02 00:00:00,SA00,A01,S5T2-2301000-12,SI401,11.00,P,0,1248131958,A760000,1~11,,,,Y,SH24104000,N,0.00,0.00,0.00,0.00,,버켓 엘레베이터 실린더 수직 안나옴-입고시 PIN 조립부 태그용접후 입고되어 사내업체(JJ테크) 현장맞춤 용접함. ,장비작동시 엘레베이터 측면 PAD SHIM 삽입작업예정이며 특장개발팀 엘레베이터 실린더 조립부 제관단품 취부용접 도면화 요청함,,,N,,,Y,2026-04-18 11:09:25.230000,N,2026-05-08 15:22:23.547000,N,,422001,2026-04-02 11:46:47.043000,405015,2026-05-08 15:22:23.547000,2026-04-02 15:55:51.767000,,
QA2604008,P30,SH22101000,생산팀(특장),QC,2026-04-01 00:00:00,2026-04-02 00:00:00,SA00,A01,I2T3-2206000-02,ZZZZZ,1.00,A,0,1348149488,A760000,11,,클레임- 재도장비용,,Y,SH11231200,N,0.00,0.00,0.00,0.00,,WORM SHAFT COVER 1EA 가공불량. PCD105인데 PCD100 으로 가공됨,업체(JM)금일납품시 입고완료. 재도장비용 패널티처리함,,개발장비에 XXX XXX XXX XXX XXX ( COO 지시사항으로 XXX XXX 개발장비에 XXX XXX XXX),N,,,Y,2026-05-07 15:31:50.157000,N,2026-05-08 15:22:23.547000,N,,422001,2026-04-02 11:48:25.867000,405015,2026-05-08 15:22:23.547000,2026-04-02 14:37:15.567000,,
QA2604009,P30,SH22101000,생산팀(특장),QC,2026-04-01 00:00:00,2026-04-02 00:00:00,SA00,A04,A711703B,ZZZZZ,5.00,B,0,1348149488,A760000,3~4,,개발장비건,,Y,SH11231200,N,0.00,0.00,0.00,0.00,,잭 발판 삽입이 안됨발판에서 주물로 평면지각도가 유지가안되어 하부쪽에 도면S:107mm A:108mm로 불량.,업체반출 수정입고완료,,"개발장비에 XXX XXX XXX XXX XXX ( COO 지시사항으로 XXX XXX 개발장비에 XXX XXX XXX)
XXX XXX XXX 107mm에 XXX XXX XXX XXX 108mm XXX XXX XXX XXX XXX",N,,,Y,2026-05-07 15:31:55.133000,N,2026-05-08 15:22:23.547000,N,,422001,2026-04-02 11:49:35.917000,405015,2026-05-08 15:22:23.547000,2026-04-06 10:14:27.320000,,
QA2604010,P30,SH22101000,생산팀(특장),QC,2026-04-02 00:00:00,2026-04-06 00:00:00,SA00,A02,D423372E,DC302,1.00,P,0,1248131958,D040000,207,,,,Y,SH24101000,N,0.00,0.00,0.00,0.00,,연료탱크와 COVER 보강 플레이트 간섭발생 되어 10MM 튀어나옴 -도면상 보강대 용접없음.이전 설계팀과 업체(대신기업) 구두 커버내측 보강대 취부용접됨. ,천공기개발팀 조립성 개선으로 도면 수정 진행예정. -현장 연료탱크 M/T 재조립조치함,,,N,,,Y,2026-04-18 11:19:28.450000,N,2026-05-08 15:22:23.547000,N,,422001,2026-04-06 09:58:27.840000,405015,2026-05-08 15:22:23.547000,2026-04-06 15:13:09.437000,,
QA2604011,P30,SH22101000,생산팀(특장),QC,2026-04-02 00:00:00,2026-04-06 00:00:00,SA00,A07,AW66500,ZZZZZ,1.00,E,60,4520402978,Z5P1-MPPV000-00,859,,클레임,,Y,SH11610100,N,0.00,0.00,0.00,0.00,,충전불량 wod라인 2v-5v 출력 벌룬라인 테스트해도 변화없음,알터네이터 재고분 배선 재작업 및 교체작업후 확인 정상작동함. 고품 업체 신품 교체요청함.4/7일 -점검 및 교체공수 패널티처리예정,,,N,,,Y,2026-04-18 11:19:52.607000,N,2026-05-08 15:22:23.547000,N,,422001,2026-04-06 10:00:26.427000,405015,2026-05-08 15:22:23.547000,2026-04-07 09:05:20.120000,,
QA2604012,P30,SH22101000,생산팀(특장),QC,2026-04-02 00:00:00,2026-04-06 00:00:00,SA00,A04,A761301A,ZZZZZ,4.00,A,0,1408131509,A760000,3~7,,개발장비건,,Y,SH11231200,N,0.00,0.00,0.00,0.00,,펌프와 펌프브라켓 조립안됨-펌프브라켓 도면에 가공공차인데  레이져절단해서 투입됨,입고된 4개는 현장수정조치완료. 미입고분 업체 가공수정 입고완료.,,개발장비에 XXX XXX XXX XXX XXX ( COO 지시사항으로 XXX XXX 개발장비에 XXX XXX XXX),N,,,Y,2026-05-07 15:31:58.447000,N,2026-05-08 15:22:23.547000,N,,422001,2026-04-06 10:01:32.900000,405015,2026-05-08 15:22:23.547000,2026-04-06 10:14:27.320000,,
QA2604013,P30,SH22101000,생산팀(특장),QC,2026-04-02 00:00:00,2026-04-06 00:00:00,SA00,A02,500000V-JD15070,ZZZZZ,2.00,N,0,6098124002,D490000,87~88,,,,Y,SH11610100,N,0.00,0.00,0.00,0.00,,"Tee 입고불량. 1/2로 들어옴. S:PT1""*PT1""*PT1/2",재고분 선투입완료. 업체 TEE 입고요청함.,,,N,,,Y,2026-04-18 11:20:03.053000,N,2026-05-08 15:22:23.547000,N,,422001,2026-04-06 10:02:41.360000,405015,2026-05-08 15:22:23.547000,2026-04-06 15:13:09.437000,,
QA2604017,P30,SH22101000,생산팀(특장),QC,2026-04-02 00:00:00,2026-04-06 00:00:00,SA00,A04,S5T2-7601000-08,SI101,3.00,H,0,1248131958,A760000,1~3,,사내도장불량,,Y,SH22101000,N,0.00,0.00,0.00,0.00,,캡프로텍터 페인트가 볼트 조임시 도장깨짐발생,완성도장시 수정조치함,,,N,,,Y,2026-04-20 13:35:20.383000,N,2026-05-08 15:22:23.547000,N,,422001,2026-04-06 16:41:53.757000,405015,2026-05-08 15:22:23.547000,2026-04-07 13:42:47.507000,,
QA2604019,P30,SH22101000,생산팀(특장),QC,2026-04-02 00:00:00,2026-04-06 00:00:00,SA00,A07,T1TE-9000014-00,AT501,1.00,E,0,1308687694,T1I1-MPPV000-00,598,,,,Y,SH11231200,N,0.00,0.00,0.00,0.00,,잭리미트 nc접점 미동작됨,재고없음으로 업체(한경전자)잭 리미트S/W 입고후 교체완료,,,N,,,Y,2026-05-07 15:32:02.207000,N,2026-05-08 15:22:23.547000,N,,422001,2026-04-06 16:43:46.197000,405015,2026-05-08 15:22:23.547000,2026-04-07 08:53:02.153000,,
QA2604020,P30,SH22101000,생산팀(특장),QC,2026-04-03 00:00:00,2026-04-06 00:00:00,SA00,A07,A768400A,SI202,3.00,E,0,1308687694,A760000,1~3,,개발장비건,,Y,SH24105000,N,0.00,0.00,0.00,0.00,,O/T박스 도어 고정부 내부속판 간섭으로 끝까지 안돌아감.힘을 너무받아서 박스키 사용중 키가부러짐 ,#1~3 입고분 O/T 박스 내부 속판 간섭부 현장수정조치완료. 미입고분 업체내용전달후 수정입고요청함 전기박스 내부 개선후 잠금장치 간섭부 작업시방서 필요,,개발장비에 XXX XXX XXX XXX XXX ( COO 지시사항으로 XXX XXX 개발장비에 XXX XXX XXX),N,,,Y,2026-04-18 11:28:33.460000,N,2026-05-08 15:22:23.547000,N,,422001,2026-04-06 16:45:27.097000,405015,2026-05-08 15:22:23.547000,2026-04-07 08:53:02.153000,,
QA2604021,P30,SH22101000,생산팀(특장),QC,2026-04-03 00:00:00,2026-04-06 00:00:00,SA00,A07,A765701,ZZZZZ,11.00,Q,0,1248131958,A760000,1~11,,개발장비건,,Y,SH24104000,N,0.00,0.00,0.00,0.00,,버켓보정 스티커 버켓레벨링 on off로 나옴.,스티커 문구 오표기로 설계팀 수정하여 재발주 요청.,,,N,,,Y,2026-04-20 13:35:54.883000,N,2026-05-08 15:22:23.547000,N,,422001,2026-04-06 16:46:22.490000,405015,2026-05-08 15:22:23.547000,2026-04-07 09:07:48.033000,,
QA2604022,P30,SH22101000,생산팀(특장),QC,2026-04-03 00:00:00,2026-04-06 00:00:00,SA00,A01,A522601L,ZZZZZ,11.00,A,0,4918102052,A760000,1~11,,개발장비건,,Y,SH11231200,N,0.00,0.00,0.00,0.00,,"BOOM PIN 조립불가. TURN TABLE S:60 0~+0.03, A:59.95~59.97, PIN STOPPER 용접변형 PIN 삽입안됨.MASTER CYL"" PIN 조립부 안쪽 용접불량"," BOOM M/T PIN 홀,STOPPER 내폭치수,용접불량 업체방문 수정조치완료",,개발장비에 XXX XXX XXX XXX XXX ( COO 지시사항으로 XXX XXX 개발장비에 XXX XXX XXX),N,,,Y,2026-05-07 15:32:05.773000,N,2026-05-08 15:22:23.547000,N,,422001,2026-04-06 16:47:33.427000,405015,2026-05-08 15:22:23.547000,2026-04-07 08:53:02.153000,,
QA2604023,P30,SH22101000,생산팀(특장),QC,2026-04-03 00:00:00,2026-04-06 00:00:00,SA00,A01,A761101,ZZZZZ,1.00,A,0,4918102052,A760000,3,,개발장비건,,Y,SH11231200,N,0.00,0.00,0.00,0.00,,프레임 스윙베어링 M/T M18 TAP 1EA 가공누락,업체방문 TAP 가공수정조치 완료,,개발장비에 XXX XXX XXX XXX XXX ( COO 지시사항으로 XXX XXX 개발장비에 XXX XXX XXX),N,,,Y,2026-05-07 15:32:10.770000,N,2026-05-08 15:22:23.547000,N,,422001,2026-04-06 16:48:26.750000,405015,2026-05-08 15:22:23.547000,2026-04-07 08:53:02.153000,,
QA2604024,P30,SH22101000,생산팀(특장),QC,2026-04-03 00:00:00,2026-04-06 00:00:00,SA00,A04,T4S220000-02-V,AT202,8.00,I,0,1408131509,T4N1-HJ00000-00,582~589,,,,Y,SH24103000,N,0.00,0.00,0.00,0.00,,T340N #582~589 작동유탱크 플랜지부 파이프 이물질 제거가 안되어 들어옴 지난번부터 요청했는데 시정 안되고 있음,업체전달 차후부터 필히 이물질제거조치요구,,"XXX XXX/XXX XXX (XXX)
XXX XXX XXX 용접성에는 XXX XXX XXX XXX XXX
XXX XXX XXX XXX XXX XXX XXX XXX XXX",N,,,Y,2026-05-07 15:32:13.393000,N,2026-05-08 15:22:23.547000,N,,422001,2026-04-06 16:49:53.907000,405015,2026-05-08 15:22:23.547000,2026-04-07 13:19:05.367000,,
QA2604025,P30,SH22101000,생산팀(특장),QC,2026-04-04 00:00:00,2026-04-06 00:00:00,SA00,A04,T4S220000-02-V,AT202,8.00,H,0,1248131958,T4N1-HJ00000-00,582~589,,사내도장불량,,Y,SH22101000,N,0.00,0.00,0.00,0.00,,고소작업대 작동유탱크 하부 도장이 잘안되어있음.,사내 수정 완료,,,N,,,Y,2026-04-18 14:05:18.603000,N,2026-05-08 15:22:23.547000,N,,422001,2026-04-06 16:51:15.923000,405015,2026-05-08 15:22:23.547000,2026-04-07 11:50:00.773000,,
QA2604027,P30,SH22101000,생산팀(특장),QC,2026-04-04 00:00:00,2026-04-07 00:00:00,SA00,A01,S5T3-2804000-02,SI401,1.00,B,0,1348149488,A760000,11,,클레임-재도장비용,,Y,SH11231200,N,0.00,0.00,0.00,0.00,,오토윈치 LOCK 장치 CAP M/T부 용접 수평 불량,업체 신품 교체입고요청함. 재도장비용 패널티처리함,,개발장비에 XXX XXX XXX XXX XXX ( COO 지시사항으로 XXX XXX 개발장비에 XXX XXX XXX),N,,,Y,2026-05-07 15:32:18.617000,N,2026-05-08 15:22:23.547000,N,,422001,2026-04-07 08:11:50.323000,405015,2026-05-08 15:22:23.547000,2026-04-07 09:07:48.033000,,
QA2604028,P20,SH11220000,CR생산팀,QC,2026-04-03 00:00:00,2026-04-07 00:00:00,SH00,H03,C0024649-X10,CX103,1.00,B,60,1131296178,C0028892,,,,,Y,SH11231200,N,0.00,0.00,0.00,0.00,,오퍼레이션 절곡 불량 ,"04/06 동광 내방후, 수정 완료",,XXX XXX 후 XXX XXX 및 XXX XXX,N,,,Y,2026-05-11 19:50:48.567000,,,N,,213087,2026-04-07 09:28:36.613000,222009,2026-05-11 19:50:48.567000,2026-04-07 11:19:54.180000,,
QA2604030,P30,SH11220000,CR생산팀,QC,2026-04-07 00:00:00,2026-04-07 00:00:00,SH00,H03,A07110,CX103,1.00,D,90,6158528073,C0028892,,,,,Y,SH11610100,N,0.00,0.00,0.00,0.00,,-. 데릭실린더 튜브 표면 불량,4/07 사내 외주 도장업체(금강테크)에서 1대분 퍼티 도장 진행예정,,,N,,XXX XXX XXX,Y,2026-04-27 11:45:36,N,2026-05-08 15:22:23.547000,N,,213087,2026-04-07 09:38:05.250000,405015,2026-05-08 15:22:23.547000,2026-04-07 11:19:54.180000,,
QA2604031,P15,SH23101000,고객지원팀(특장),AS,2026-04-06 00:00:00,2026-04-07 00:00:00,SA00,,3310045-D040043,ZZZZZ,1.00,,1,4981000389,A700000,68,2026-03-06 00:00:00,,Y,Y,SH11610100,Y,108700.00,245000.00,353700.00,0.00,,1.사용환경 및 작업내용 - 안성시 활선작업 2.접수 및 클레임 내용 - 간헐적 암붐 우회전 불능 - 턴테이블 상단 유압호스 구조물과 쓸림 천커버로 마감 처리 요청 - 버켓에 붐 제어용 E&T사 조이스틱 헤드부 미끄러워 조작 어려움,1.점검내용 - 암붐 우회전 반복적 테스트 - 턴테이블 상단 유압호스 쓸림 건 점검 - 버켓에 붐 제어용 조이스틱 헤드부 미끄러움 테스트 2.문제점 - 암붐 우회전 불능 건 테스트 결과 더블 카운터 밸런스 밸브 불량 확인 - 턴테이블 상단 유압호스 구조물과 간섭 쓸림 - 버켓에 붐 제어용 조이스틱 헤드부 미끄러움 3.조치내용 - 암붐 더블 카운터 밸런스 밸브 교환 - 유압호스 쓸림 건 차후 방문 시 천커버 씌우기로 함 - 버켓에 붐 제어용 조이스틱 헤드부 미끄러움 건 연구소에서 고무 커버 제작 의뢰중이며 입고 되는데로 지급 하기로 함(고객분 우선 식탁 의자 다리 커버 씌워서 사용),,,N,,,N,,,,N,,222008,2026-04-07 11:13:48.897000,222008,2026-04-09 14:32:25.577000,,,1
QA2604032,P15,SH23101000,고객지원팀(특장),AS,2026-04-07 00:00:00,2026-04-07 00:00:00,SA00,,DR17901,,1.00,,1,1268660717,D250000,11,2019-01-18 00:00:00,SVC2603133 유상 교체건,Y,Y,SH11610100,N,130000.00,145000.00,275000.00,0.00,," 1.사용환경 및 작업내용  - 경기도 부천시 원미구 춘의동 76-6  2.접수 및 클레임 내용  - 세퍼레이터 파손  - 2026년 3월 16일 (SVC2603133) 세퍼레이터 파손, 신품으로 교환 하였으나 재파손",1.점검내용  - AIR에 오일 섞여 나옴  2.문제점  - 콤프 세퍼레이터 파손으로 AIR에 오일 섞여 나옴  - 세퍼레이터 신품으로 교환 하였으나 부품 불량으로 인한 재파손   3.조치내용  - 세퍼레이터 신품으로 재교환 후 시운전 ,,,N,,,N,,,,N,,222008,2026-04-07 11:34:26.097000,222008,2026-04-07 11:34:26.097000,,,1
QA2604033,P30,SH22101000,생산팀(특장),QC,2026-04-04 00:00:00,2026-04-07 00:00:00,SA00,A01,I2T3-2206000-02,ZZZZZ,11.00,M,0,1248131958,A760000,6~11,,,,Y,SH24104000,N,0.00,0.00,0.00,0.00,,암붐 웜기어 커버 부족-대당 2EA인데 1EA로 입고됨 ,추가 긴급발주진행후 입고완료.-대당수량 BOM 수정필요,,,N,,,Y,2026-04-18 11:33:12.103000,N,2026-05-08 15:22:23.547000,N,,422001,2026-04-07 14:08:08.080000,405015,2026-05-08 15:22:23.547000,2026-04-07 14:22:12.593000,,
QA2604034,P30,SH22101000,생산팀(특장),QC,2026-04-06 00:00:00,2026-04-07 00:00:00,SA00,A01,AW86600,ZZZZZ,11.00,P,0,1248131958,A760000,1~11,,개발장비건,,Y,SH24104000,N,0.00,0.00,0.00,0.00,,TOOL BOX 운전석쪽 홀 누락. 전방 아웃트리거 핀 지나가는 홀없음 확인 -아웃트리거 A/S시 분해조립용임 -레이져 단품 별도도면은 있음. 업체발주 측면단품도면에 홀없음,베트남 활선차 미적용함. 특장개발팀과 협의완료.  -일반 내수 적용건은 홀68파이로 가공만 되어있음. 이물질 유입 막음처리 커버 추가개선필요,,,N,,,Y,2026-04-18 11:33:53.060000,N,2026-05-08 15:22:23.547000,N,,422001,2026-04-07 14:55:49.283000,405015,2026-05-08 15:22:23.547000,2026-04-07 16:11:14.277000,,
QA2604038,P30,SH22101000,생산팀(특장),QC,2026-04-06 00:00:00,2026-04-07 00:00:00,SA00,A01,,,11.00,H,0,,A760000,1~11,,사내도장불량,,Y,SH22101000,N,0.00,0.00,0.00,0.00,,프레임 실리콘 작업불량,프레임 전체적 확인후 수정예정,,,N,,,Y,2026-04-18 11:34:01.577000,N,2026-05-08 15:22:23.547000,N,,422001,2026-04-07 15:20:03.337000,405015,2026-05-08 15:22:23.547000,2026-04-07 16:11:14.277000,,
QA2604039,P30,SH22101000,생산팀(특장),QC,2026-04-06 00:00:00,2026-04-07 00:00:00,SA00,A02,D263307D,DC108,4.00,B,0,3128180264,D111000,90~91,,클레임-재도장비용,,Y,SH11231200,N,0.00,0.00,0.00,0.00,,본넷 리어 커버 1번 PLATE 절곡 누락,업체방문반출 수정입고완료. -재도장비용 패널티처리예정 -JD-1050 #87~88 입고분도 불량-반출수정 입고완료,,,N,,,Y,2026-05-07 15:32:21.750000,N,2026-05-08 15:22:23.547000,N,,422001,2026-04-07 15:24:13.760000,405015,2026-05-08 15:22:23.547000,2026-04-07 16:11:14.277000,,
QA2604040,P30,SH22101000,생산팀(특장),QC,2026-04-06 00:00:00,2026-04-07 00:00:00,SA00,A02,D493300M,ZZZZZ,1.00,B,0,3128180264,D111000,90,,,,Y,SH11231200,N,0.00,0.00,0.00,0.00,,본넷 툴박스내부 홀위치불량 및 4번 단품 PLATE 반대로 용접됨.,업체 방문 수정조치완료,,,N,,,Y,2026-05-07 15:32:24.610000,N,2026-05-08 15:22:23.547000,N,,422001,2026-04-07 15:25:23.940000,405015,2026-05-08 15:22:23.547000,2026-04-07 16:11:14.277000,,
QA2604041,P30,SH22101000,생산팀(특장),QC,2026-04-06 00:00:00,2026-04-07 00:00:00,SA00,A02,D103311,DC103,1.00,B,0,3320703029,D111000,90,,,,Y,SH11231200,N,0.00,0.00,0.00,0.00,,본셋 네스트 브라켓 파이프 홀 불위치함-3번 PLATE 용접불량,본넷레스트 PLATE 용접시 TAP과 홀위치불량으로 수정조치완료 업체 내용전달 및 취부시 주의요청,,,N,,,Y,2026-05-07 15:32:27.440000,N,2026-05-08 15:22:23.547000,N,,422001,2026-04-07 15:26:22.840000,405015,2026-05-08 15:22:23.547000,2026-04-07 16:11:14.277000,,
QA2604042,P30,SH22101000,생산팀(특장),QC,2026-04-06 00:00:00,2026-04-07 00:00:00,SA00,A07,EX44300,SI401,11.00,Q,0,1248131958,A760000,1~11,,개발장비건,,Y,SH24106000,N,0.00,0.00,0.00,0.00,,베트남향 후방카메라 모니터 후방카메라 케이블과 호환안됨. 젠더사용하거나 케이블 변경필요.,베트남향 후방카메라 모니터 연결잭 업체(뉴이스트원테크) 확인후 구매요청진행,,,N,,,Y,2026-04-20 13:36:19.323000,N,2026-05-08 15:22:23.547000,N,,422001,2026-04-07 15:28:06.250000,405015,2026-05-08 15:22:23.547000,2026-04-07 16:11:14.277000,,
QA2604043,P30,SH22101000,생산팀(특장),QC,2026-04-07 00:00:00,2026-04-08 00:00:00,SA00,A02,DC57400001,DC103,1.00,B,30,3128180264,D111000,91,,클레임,,Y,SH11231200,N,0.00,0.00,0.00,0.00,,후처리 베이스 브라켓 너트 용접 및 3번 단품 환봉 떨어짐-용접불량,"업체(대신기업) 내용전달했으며 업체 작업자 제관품 용접상태에 대해 교육 및 주의요청,입고전 확인요청함.공정지연으로 인해 현장수정조치완료.수정공수 패널티처리예정",,,N,,,Y,2026-05-07 15:32:30.953000,N,2026-05-08 15:22:23.547000,N,,422001,2026-04-08 08:57:05.183000,405015,2026-05-08 15:22:23.547000,2026-04-08 09:49:50.887000,,
QA2604044,P30,SH22101000,생산팀(특장),QC,2026-04-07 00:00:00,2026-04-08 00:00:00,SA00,A02,D107210B,ZZZZZ,2.00,E,0,1378167127,D111000,90~91,,,,Y,SH11610100,N,0.00,0.00,0.00,0.00,,전기박스 내부 지급품 판넬키 누락, 업체 KEY 요청후 입고완료,,,N,,,Y,2026-04-18 11:36:00.800000,N,2026-05-08 15:22:23.547000,N,,422001,2026-04-08 08:58:49.300000,405015,2026-05-08 15:22:23.547000,2026-04-08 09:49:50.887000,,
QA2604045,P30,SH22101000,생산팀(특장),QC,2026-04-07 00:00:00,2026-04-08 00:00:00,SA00,A01,A521147A,ZZZZZ,1.00,Z,0,1348149488,A760000,11,,개발장비건,,Y,SH11231200,N,0.00,0.00,0.00,0.00,,"로터리 조인트 LINK (A,B) SET 수량 맞지않음-LINK(A) 1EA 부족",업체 LINK 입고완료,,개발장비에 XXX XXX XXX XXX XXX ( COO 지시사항으로 XXX XXX 개발장비에 XXX XXX XXX),N,,,Y,2026-05-07 15:32:33.747000,N,2026-05-08 15:22:23.547000,N,,422001,2026-04-08 09:01:33.043000,405015,2026-05-08 15:22:23.547000,2026-04-08 16:04:54.443000,,
QA2604047,P30,SH22101000,생산팀(특장),QC,2026-04-07 00:00:00,2026-04-08 00:00:00,SA00,A05,SI210AESBS-2,SI205,2.00,B,0,1408131509,A670000,34~35,,클래임,,Y,SH11610100,N,0.00,0.00,0.00,0.00,,2단붐 단품 외주 절곡 불량,업체 절곡불량으로 공정작업지연 이유로 자작제작사용(클래임처리),,,N,,,Y,2026-04-30 08:19:16.743000,N,2026-05-08 15:22:23.547000,N,,422001,2026-04-08 15:34:01.473000,405015,2026-05-08 15:22:23.547000,2026-04-10 08:34:48.623000,,
QA2604048,P30,SH22101000,생산팀(특장),QC,2026-04-07 00:00:00,2026-04-08 00:00:00,SA00,A02,D493300M,ZZZZZ,1.00,B,0,3128180264,D490000,87,,,,Y,SH11231200,N,0.00,0.00,0.00,0.00,,본넷 프레임 커버 조립부 PLATE 용접반대로됨,업체방문 수정조치완료,,,N,,,Y,2026-05-07 15:32:37.153000,N,2026-05-08 15:22:23.547000,N,,422001,2026-04-08 15:37:29.887000,405015,2026-05-08 15:22:23.547000,2026-04-08 16:04:54.443000,,
QA2604051,P30,SH22101000,생산팀(특장),QC,2026-04-08 00:00:00,2026-04-08 00:00:00,SA00,A01,A695301B,ZZZZZ,11.00,Q,0,1248131958,A760000,1~11,,,,Y,SH24104000,N,0.00,0.00,0.00,0.00,,아우트리거 전기박스 고정부 M6 TAP 가공누락- REV 설변시 단품도면 TAP 가공표기 삭제됨 -캐드파일에는 가공표기있음.,현장 수정조치 요청.-특장개발팀 도면 가공 문구표기 요청함,,,N,,,Y,2026-04-18 11:37:19.483000,N,2026-05-08 15:22:23.547000,N,,422001,2026-04-08 15:47:48.853000,405015,2026-05-08 15:22:23.547000,2026-04-08 16:04:54.443000,,
QA2604052,P30,SH22101000,생산팀(특장),QC,2026-04-08 00:00:00,2026-04-08 00:00:00,SA00,A07,T1N220MPH-02-V,AT105,1.00,P,0,1248131958,T1I1-MPPV000-00,598,,,,Y,SH24103000,N,0.00,0.00,0.00,0.00,,연료 충분하나 연료부족으로 시동꺼짐 지속적발생.센더봉 M/T 볼트 한쪽 과토크 조임시 탱크측판 간섭됨 -설계상 탱크 측판과 센더봉 여유없음,센더봉 M/T 볼트 재조임후 생산팀 램프점등 확인예정-특장개발팀 센더봉 단품7번 TAP PLATE 위치 변경요청함,,,N,,,Y,2026-04-18 11:37:50.990000,N,2026-05-08 15:22:23.547000,N,,422001,2026-04-08 15:48:49.563000,405015,2026-05-08 15:22:23.547000,2026-04-15 10:02:56.640000,,
QA2604053,P30,SH22101000,생산팀(특장),QC,2026-04-08 00:00:00,2026-04-08 00:00:00,SA00,A01,,,11.00,H,0,,A760000,1~11,,사내도장불량,,Y,SH22101000,N,0.00,0.00,0.00,0.00,,도장품들 흘러내림및 끝단부 맺힘등 대부분이 상태가 좋지않음,도장반 수정작업 진행,,,N,,,Y,2026-04-18 11:37:28.237000,N,2026-05-08 15:22:23.547000,N,,422001,2026-04-08 15:49:48.210000,405015,2026-05-08 15:22:23.547000,2026-04-13 15:58:19.277000,,
QA2604056,P15,SH23101000,고객지원팀(특장),AS,2026-04-09 00:00:00,2026-04-09 00:00:00,SA00,,AW67500,ZZZZZ,1.00,,1,6128500343,Z5P1-SS00000-00,824,2024-11-05 00:00:00,,N,Y,SH11610100,N,1128000.00,145000.00,1273000.00,0.00,,1.사용환경 및 작업내용 메인펌프 누유 2.접수 및 클레임 내용 메인펌프 축 리테이너부 누유,1.점검내용 리테이너부 누유 2.문제점  3.조치내용 신품 펌프로 교환,,,N,,,N,,,,N,,222008,2026-04-09 15:00:22.020000,222008,2026-04-09 15:00:22.020000,,,1
QA2604057,P30,SH22101000,생산팀(특장),QC,2026-04-09 00:00:00,2026-04-09 00:00:00,SA00,A01,3400040-2000150,ZZZZZ,2.00,H,0,1248131958,A760000,5~6,,사내도장불량,,Y,SH22101000,N,0.00,0.00,0.00,0.00,,데릭실린더 핀홀이 움직여야하는대 도장이 안까지 들어가서 제역할을 못함,현장수정 조치함-사내도장 작업자 교육필요,,,N,,,Y,2026-04-18 11:38:11.787000,N,2026-05-08 15:22:23.547000,N,,422001,2026-04-09 15:48:54.413000,405015,2026-05-08 15:22:23.547000,2026-04-13 15:58:19.277000,,
QA2604058,P30,SH22101000,생산팀(특장),QC,2026-04-08 00:00:00,2026-04-09 00:00:00,SA00,A02,D2B1-2002000-08,DC103,1.00,P,0,1248131958,D111000,90,,,,Y,SH24101000,N,0.00,0.00,0.00,0.00,,"틸팅 실린더 찍힘(간섭)-틸팅실린더 작동시 2단붐과 제관공차,조립공차로 간헐적 발생함. 이전 BOOM 보강대 설계개선건 개선조치안됨.",현장 간섭부 C-처리 수정조치왐료.-천공기 개발팀 검토후 보강 PLATE 개선요청함,,,N,,,Y,2026-04-18 11:38:31.820000,N,2026-05-08 15:22:23.547000,N,,422001,2026-04-09 15:51:19.623000,405015,2026-05-08 15:22:23.547000,2026-04-13 15:57:53.270000,,
QA2604059,P30,SH22101000,생산팀(특장),QC,2026-04-08 00:00:00,2026-04-09 00:00:00,SA00,A02,D023206,ZZZZZ,2.00,B,0,1248131958,E1D1-0000000-00,341~342,,,,Y,SH22101000,N,0.00,0.00,0.00,0.00,,"연료탱크 드럼 볼밸브 센터불량. -18번 단품 BKT 취부불량(제관라인) TAP PLATE와 볼밸브 CENTER까지 S:67mm, A:100mm",생산팀 내용전달후 제관라인 TAP PLATE 추가용접 수정조치완료,,,N,,,Y,2026-04-18 11:39:12.447000,N,2026-05-08 15:22:23.547000,N,,422001,2026-04-09 15:52:28.973000,405015,2026-05-08 15:22:23.547000,2026-04-13 15:57:53.270000,,
QA2604060,P30,SH22101000,생산팀(특장),QC,2026-04-09 00:00:00,2026-04-09 00:00:00,SA00,A05,D701601B-02,SD301,4.00,B,0,1408131509,D700000,30~31,,클래임,,Y,SH11610100,N,0.00,0.00,0.00,0.00,,SD-530E 2단마스트 단품인데 도면 노트란에 적힌데로 진행안되고 한방향으로 절곡되어서 입고,공정지연으로 사내자작 수정하여 사용함-수정공수 패널티처리예정,,제관반으로　XXX　레이져품은　２６년　１월　１９일　XXX　협의내용에　XXX　품질관리팀에서　검사하기로　XXX　,N,,설계개선건으로 XXX XXX XXX,Y,2026-04-29 11:37:51.857000,N,2026-05-08 15:22:23.547000,N,,422001,2026-04-09 15:53:27.460000,405015,2026-05-08 15:22:23.547000,2026-04-10 08:34:48.623000,,
QA2604061,P20,SH11610100,품질관리팀,QO,2026-04-09 00:00:00,2026-04-09 00:00:00,SH00,H03,,CX205,0.00,Y,0,,C0002727,50,2026-04-09 00:00:00,,N,N,,N,0.00,0.00,0.00,0.00,,,,,,N,,,Y,2026-04-27 11:45:26.200000,N,,N,,213068,2026-04-09 16:39:14.750000,222009,2026-04-27 11:45:26.200000,,,
QA2604063,P30,SH22101000,생산팀(특장),QC,2026-04-09 00:00:00,2026-04-10 00:00:00,SA00,A02,6200055-0013270,DC103,1.00,O,0,1228613148,D111000,91,,,,Y,SH11610100,N,0.00,0.00,0.00,0.00,,가이드 와이어장치 STOP SOL' 체결부 스냅링 체결불량으로 스냅링 튕겨나가 분실됨,재고분 선조치완료. 고품업체반출하여 교체품 입고완료,,,N,,,Y,2026-04-27 11:21:52.833000,N,2026-05-08 15:22:23.547000,N,,422001,2026-04-10 16:10:38.083000,405015,2026-05-08 15:22:23.547000,2026-04-17 08:35:23.843000,,
QA2604064,P30,SH22101000,생산팀(특장),QC,2026-04-09 00:00:00,2026-04-10 00:00:00,SA00,A02,D2B1-2001000-00,ZZZZZ,1.00,A,0,1248131958,D111000,91,,,,Y,SH22101000,N,0.00,0.00,0.00,0.00,,핀 조립부 면 가공불량,자작 불량 건으로 현장수정조치완료,,,N,,,Y,2026-04-18 11:39:45.450000,N,2026-05-08 15:22:23.547000,N,,422001,2026-04-10 16:32:11.723000,405015,2026-05-08 15:22:23.547000,2026-04-15 09:54:46.230000,,
QA2604065,P20,SH11610100,품질관리팀,QO,2026-04-10 00:00:00,2026-04-10 00:00:00,SH00,H01,,CX205,0.00,Y,0,,J11000,4671,2026-04-10 00:00:00,,N,N,,N,0.00,0.00,0.00,0.00,,특이사항 없음,,,,N,,,Y,2026-04-27 11:45:21.303000,N,,N,,213068,2026-04-10 16:35:41.990000,222009,2026-04-27 11:45:21.303000,,,
QA2604066,P20,SH11610100,품질관리팀,QO,2026-04-10 00:00:00,2026-04-10 00:00:00,SH00,H03,,CX319,0.00,Y,0,,C0073415,10,2026-04-10 00:00:00,,N,N,,N,0.00,0.00,0.00,0.00,,특이사항 없음,,,,N,,,Y,2026-04-27 11:45:14.100000,N,,N,,213068,2026-04-10 16:35:42.003000,222009,2026-04-27 11:45:14.100000,,,
QA2604067,P30,SH22101000,생산팀(특장),QC,2026-04-09 00:00:00,2026-04-10 00:00:00,SA00,A02,D483315,DC108,2.00,B,30,3320703029,D490000,87~88,,클레임-공수 및 재도장비용,,Y,SH11231200,N,0.00,0.00,0.00,0.00,,후처리 전선가이드 불량 .1400eII용으로 입고됨,공정작업지연으로 1EA는 자작수정 사용하고 한개는 업체신제작 입고완료. 수정공수 및 재도장비용 패널티처리예정,,,N,,,Y,2026-05-07 15:32:44.467000,N,2026-05-08 15:22:23.547000,N,,422001,2026-04-10 16:36:00.800000,405015,2026-05-08 15:22:23.547000,2026-04-15 09:37:12.207000,,
QA2604068,P30,SH22101000,생산팀(특장),QC,2026-04-09 00:00:00,2026-04-10 00:00:00,SA00,A02,D103205,DC103,1.00,B,0,1408131509,E1D1-0000000-00,342,,클레임-재도장비용,,Y,SH11231200,N,0.00,0.00,0.00,0.00,,탱크커버 리턴필터 조립부 탭위치 불량,신규제작하여 입고완료후 도장투입함.재도장비용 패널티처리완료,,,N,,,Y,2026-05-07 15:32:53.713000,N,2026-05-08 15:22:23.547000,N,,422001,2026-04-10 16:38:06.930000,405015,2026-05-08 15:22:23.547000,2026-04-15 09:38:50.557000,,
QA2604069,P30,SH22101000,생산팀(특장),QC,2026-04-09 00:00:00,2026-04-10 00:00:00,SA00,A07,S5T3-2511000-00,SI401,11.00,B,0,1408188166,A760000,1~11,,클레임-재도장비용,,Y,SH11231200,N,0.00,0.00,0.00,0.00,,하부 툴박스내부 설치용 배터리고정BKT 불량  총11대분 적용불가/제작불량,반품하여 수정입고완료.재도장비용 패널티처리예정,,개발장비에 XXX XXX XXX XXX XXX ( COO 지시사항으로 XXX XXX 개발장비에 XXX XXX XXX),N,,,Y,2026-05-07 15:33:00.863000,N,2026-05-08 15:22:23.547000,N,,422001,2026-04-10 16:40:24.707000,405015,2026-05-08 15:22:23.547000,2026-04-15 10:02:36.990000,,
QA2604072,P30,SH22101000,생산팀(특장),QC,2026-04-10 00:00:00,2026-04-10 00:00:00,SA00,A01,AW83300,ZZZZZ,11.00,Q,0,1248131958,A760000,1~11,,개발장비건,,Y,SH24104000,N,0.00,0.00,0.00,0.00,,하부 렉스로스 O/T MAIN V/V 에서 소음심함,특장개발팀 검토후O/T V/V에 CHECK V/V 추가작업 시방회로도 배포 및 발주 진행예정,,,N,,,Y,2026-04-20 13:37:04.630000,N,2026-05-08 15:22:23.547000,N,,422001,2026-04-10 16:47:01.527000,405015,2026-05-08 15:22:23.547000,2026-04-18 08:38:01.910000,,
QA2604073,P30,SH22101000,생산팀(특장),QC,2026-04-10 00:00:00,2026-04-10 00:00:00,SA00,A01,S5T2-2202000-08,SI101,1.00,A,0,1348149488,A760000,11,,개발장비건,,Y,SH11231200,N,0.00,0.00,0.00,0.00,,"BOOM CONNECTOR 상단 스톱핀 조립불가, 가공불량",업체반출하여 수정입고후 재차불량으로 반출 수정 완료,,,N,,,Y,2026-05-07 15:32:58.100000,N,2026-05-08 15:22:23.547000,N,,422001,2026-04-10 16:47:43.240000,405015,2026-05-08 15:22:23.547000,2026-04-17 08:35:23.843000,,
QA2604074,P30,SH22101000,생산팀(특장),QC,2026-04-10 00:00:00,2026-04-10 00:00:00,SA00,A01,A691101C,ZZZZZ,11.00,Q,0,1248131958,A760000,1~11,,개발장비건,,Y,SH24104000,N,0.00,0.00,0.00,0.00,,조수석 상단 틀박스 M8탭 확인요함 (설계불량),단품도면에서 홀삭제했어야했는데 홀삭제 누락됨. 빗물막음 처리해서 볼트체결하기로 결정함,,,N,,,Y,2026-04-18 11:42:38.097000,N,2026-05-08 15:22:23.547000,N,,422001,2026-04-10 16:49:32.463000,405015,2026-05-08 15:22:23.547000,2026-04-15 10:02:15.373000,,
QA2604075,P30,SH22101000,생산팀(특장),QC,2026-04-10 00:00:00,2026-04-10 00:00:00,SA00,A02,T1D3-3401500-00,DC101,4.00,B,0,1348149488,E1D1-0000000-00,341~344,,클레임-재도장비용,,Y,SH11231200,N,0.00,0.00,0.00,0.00,,펌프 플라이휠 입고불량- JD-1050용으로 입고됨,신규제작하여 입고완료-재도장비용 패널티처리예정,,,N,,,Y,2026-05-07 15:33:04.617000,N,2026-05-08 15:22:23.547000,N,,422001,2026-04-10 16:50:31.050000,405015,2026-05-08 15:22:23.547000,2026-04-15 09:47:15.810000,,
QA2604076,P30,SH22101000,생산팀(특장),QC,2026-04-10 00:00:00,2026-04-13 00:00:00,SA00,A07,S5T3-2511000-00,SI401,11.00,B,0,1408188166,A760000,1~11,,클레임-재도장비용,,Y,SH11231200,N,0.00,0.00,0.00,0.00,,버켓부 배터리고정 BKT 불량 .11대중 2대는 배터리고정 불가.전체적 배터리 조립시 눌림,상부 배터리 브라켓 SI-160AE #69~70호기 발주분 2EA 선 사용으로 업체 협의 완료 전량 업체반출후 수정입고요청. 재도장비용 패널티처리예정,,,N,,,Y,2026-05-07 15:33:07.930000,N,2026-05-08 15:22:23.547000,N,,422001,2026-04-13 15:12:54.553000,405015,2026-05-08 15:22:23.547000,2026-04-15 10:00:44.510000,,
QA2604078,P30,SH22101000,생산팀(특장),QC,2026-04-10 00:00:00,2026-04-13 00:00:00,SA00,A07,AW81400C,ZZZZZ,22.00,Q,0,1248131958,A760000,1~11,,개발장비건,,Y,SH24104000,N,0.00,0.00,0.00,0.00,,O/T JACK LIMIT S/W 조립불가-호스커버 M/T 16번 TAP PLATE 간섭으로 조립불가 ,현장 호스커버 M/T TAP PLATE 한쪽 절단수정 조치완료. 특장개발팀 설변요청,,,N,,,Y,2026-04-18 11:45:19.077000,N,2026-05-08 15:22:23.547000,N,,422001,2026-04-13 15:20:06.927000,405015,2026-05-08 15:22:23.547000,2026-04-15 09:41:57.847000,,
QA2604080,P30,SH22101000,생산팀(특장),QC,2026-04-11 00:00:00,2026-04-13 00:00:00,SA00,A07,EX44300,SI401,11.00,E,0,2158714688,A760000,1~11,,개발장비건,,Y,SH11610100,N,0.00,0.00,0.00,0.00,,"활선차 베트남향 네비용 후방카메라 케이블 사용시 7인치 모니터 호환불가 -> 젠더 구매후 부착 하였으나 2ch, 4ch  모니터 둘다 오동작 발생",업체 신규제작 케이블 입고완료,,,N,,,Y,2026-04-18 11:46:28.207000,N,2026-05-08 15:22:23.547000,N,,422001,2026-04-13 15:30:06.757000,405015,2026-05-08 15:22:23.547000,2026-04-16 14:23:35.260000,,
QA2604081,P30,SH22101000,생산팀(특장),QC,2026-04-11 00:00:00,2026-04-13 00:00:00,SA00,A02,D8J3-3213000-00,ZZZZZ,1.00,B,0,1348149488,E1D1-0000000-00,341,,,,Y,SH11231200,N,0.00,0.00,0.00,0.00,,석션플렌지 파이프 각도 틀어짐.3번 ROUND BAR 취부용접시 좌측으로 쏠림,업체 SUCYION PIPE 신품 입고완료,,,N,,"취부용접시 JIG XXX
SUCTION PIPE 누유테스트시 도금처리전 XXX(누유발생시 용접수정후 페인트락카 XXX)",Y,2026-05-07 15:33:10.987000,N,2026-05-08 15:22:23.547000,N,,422001,2026-04-13 15:30:50.130000,405015,2026-05-08 15:22:23.547000,2026-04-15 13:39:31.883000,,
QA2604083,P30,SH22101000,생산팀(특장),QC,2026-04-11 00:00:00,2026-04-13 00:00:00,SA00,A04,A521707,ZZZZZ,1.00,A,0,1348149488,A760000,7,,개발장비건,,Y,SH11231200,N,0.00,0.00,0.00,0.00,,아웃트리거 외폭이 넓어 롤러핀의 스냅링 체결이 안됨,롤러핀 폭S136mm→ A138mm 신제작하여 금일 납품완료,,개발장비에 XXX XXX XXX XXX XXX ( COO 지시사항으로 XXX XXX 개발장비에 XXX XXX XXX),N,,,Y,2026-05-07 15:33:16.810000,N,2026-05-08 15:22:23.547000,N,,422001,2026-04-13 16:40:52.317000,405015,2026-05-08 15:22:23.547000,2026-04-15 10:00:20.917000,,
QA2604084,P30,SH22101000,생산팀(특장),QC,2026-04-13 00:00:00,2026-04-13 00:00:00,SA00,A01,,,1.00,H,0,,A760000,11,,사내도장불량,,Y,SH22101000,N,0.00,0.00,0.00,0.00,, 버켓 엘리베이터 실린더 로드부 마스킹 작업누락 도장됨.,사내도장 수정진행,,,N,,,Y,2026-04-18 11:46:40.010000,N,2026-05-08 15:22:23.547000,N,,422001,2026-04-13 16:43:40.380000,405015,2026-05-08 15:22:23.547000,2026-04-14 08:37:02.840000,,
QA2604085,P30,SH22101000,생산팀(특장),QC,2026-04-13 00:00:00,2026-04-13 00:00:00,SA00,A07,AW86500,ZZZZZ,11.00,Q,0,1248131958,A760000,1~11,,개발장비건,,Y,SH24106000,N,0.00,0.00,0.00,0.00,,차량 중립라인 부져동작 관련 릴레이 제거시 13v 정상 출력됨.릴레이 사용시 0.6v 드랍됨. 배선이나 릴레이 자체 테스트시 이상없음. 수출용 샤시 바뀜으로 저희쪽 배선이나 부품과 차량 특성이 맞지 않는것으로 보임. ,"현대측에 확인검토후 전달요청-제어팀 확인결과 업체 수정불가로 현장 하네스 PTO 배선, 릴레이 수정조치완료",,,N,,,Y,2026-04-23 14:19:39.753000,N,2026-05-08 15:22:23.547000,N,,422001,2026-04-13 16:45:28.957000,405015,2026-05-08 15:22:23.547000,2026-04-18 08:38:01.910000,,
QA2604086,P30,SH22101000,생산팀(특장),QC,2026-04-13 00:00:00,2026-04-13 00:00:00,SA00,A07,D497630B,ZZZZZ,1.00,E,0,1378167127,D490000,88,,,,Y,SH11610100,N,0.00,0.00,0.00,0.00,,본넷 하네스 SUB-3 SOL' 커넥터 배선번호 스티커부착 누락,업체방문 배선 통신체크후 커넥터 배선넘버 스티커부착 조치완료,,,N,,,Y,2026-04-16 09:19:38.093000,N,2026-04-16 09:20:36.913000,N,,422001,2026-04-13 16:46:41.497000,405015,2026-04-16 09:20:36.913000,2026-04-14 08:37:02.840000,,
QA2604089,P30,SH22101000,생산팀(특장),QC,2026-04-13 00:00:00,2026-04-15 00:00:00,SA00,A04,A771200,ZZZZZ,1.00,Q,0,1248131958,A770000,1,,개발장비건,,Y,SH24104000,N,0.00,0.00,0.00,0.00,,"SI185 샤시 폭은 862mm 인데, FRAME ASS'Y도면은854mm로 되어 있습니다","샤시폭 문제원인은 설계치수불량(품번25,26 두께불량 부품도t6 단품도t9로 부품도 치수불량)",,,N,,,Y,2026-04-30 08:20:01.560000,N,2026-05-08 15:22:23.547000,N,,422001,2026-04-15 14:59:10.307000,405015,2026-05-08 15:22:23.547000,2026-04-21 13:32:25.510000,,
QA2604091,P30,SH22101000,생산팀(특장),QC,2026-04-13 00:00:00,2026-04-15 00:00:00,SA00,A01,A531401A,SI202,11.00,Q,0,1248131958,A760000,1-~11,,,,Y,SH24104000,N,0.00,0.00,0.00,0.00,,프레임 용접비드와 탱크 간섭으로 조립불가-작동유탱크 하단 프레임 보강대 고무판 삽입후 단차로 인해 홀 맞지않음 및 용접비드 간섭됨,작동유탱크 M/T 홀 현장수정 조치완료-특장개발팀 프레임 작동유탱크 상단 M/T  BKT 높이변경  및 홀 장공처리 연장검토후 수정요청,,,N,,,Y,2026-04-18 11:47:52.920000,N,2026-05-08 15:22:23.547000,N,,422001,2026-04-15 15:01:48.073000,405015,2026-05-08 15:22:23.547000,2026-04-16 14:23:35.260000,,
QA2604092,P30,SH22101000,생산팀(특장),QC,2026-04-14 00:00:00,2026-04-15 00:00:00,SA00,A01,A761202,ZZZZZ,11.00,Q,0,1248131958,A760000,1~11,,개발장비건,,Y,SH24104000,N,0.00,0.00,0.00,0.00,,스피어 타이어 핸들 삽입 안됨. M/T BKT 홀작음.도면상 30파이며 샤시 홀40파이임,M/T BKT 홀가공40파이로 설계팀 작업의뢰서 배포후 가공수정조치함,,,N,,,Y,2026-04-20 13:37:50.650000,N,2026-05-08 15:22:23.547000,N,,422001,2026-04-15 15:02:41.587000,405015,2026-05-08 15:22:23.547000,2026-04-18 08:38:01.910000,,
QA2604093,P30,SH22101000,생산팀(특장),QC,2026-04-14 00:00:00,2026-04-15 00:00:00,SA00,A01,,,1.00,H,0,,A760000,1,,사내도장불량,,Y,SH22101000,N,0.00,0.00,0.00,0.00,,상부 S/W POST COVER 도장불량-퍼팅작업후 샌딩작업 미흡,도장 불량으로 수정작업 진행,,,N,,,Y,2026-04-18 11:48:29.973000,N,2026-05-08 15:22:23.547000,N,,422001,2026-04-15 15:03:39.190000,405015,2026-05-08 15:22:23.547000,2026-04-18 08:38:01.910000,,
QA2604094,P30,SH22101000,생산팀(특장),QC,2026-04-14 00:00:00,2026-04-15 00:00:00,SA00,A01,S5T3-2511000-00,SI401,11.00,Q,0,1248131958,A760000,1~11,,개발장비건,,Y,SH24104000,N,0.00,0.00,0.00,0.00,,배터리 점검창 확보하기위해 스페이서로 버켓배터리 위치를 이동했는데 버켓 실린더와 배터리 간섭되어 배터리 파손,배터리 브라켓 신규로 위치설변후 긴급발주진행함. 파손분 버켓 배터리 추가구매요청,,,N,,,Y,2026-04-20 13:38:55.090000,N,2026-05-08 15:22:23.547000,N,,422001,2026-04-15 15:04:48.987000,405015,2026-05-08 15:22:23.547000,2026-04-17 08:35:23.843000,,
QA2604095,P30,SH22101000,생산팀(특장),QC,2026-04-14 00:00:00,2026-04-15 00:00:00,SA00,A07,D077620,ZZZZZ,1.00,M,0,1248131958,T1D1-0000000-00,393~394,,,,Y,SH22101000,N,0.00,0.00,0.00,0.00,,"서브하네스2,에어컨연장 하네스 커넥터 처리안돼옴.-확인결과 REV 이전코드로 발주진행됨.제어팀 도면업로드 완료했으나 생산팀에 설계변경통보서 전달안됨.",이전 REV 품번 삭제 후 신규품번으로 발주요청후 업체(한경전자) 제작분 수정후 입고완료. 고품 업체발송 수정후 추후분 납품처리함.생산팀 BOM 수정함,,,N,,,Y,2026-04-18 11:49:23.900000,N,2026-05-08 15:22:23.547000,N,,422001,2026-04-15 15:06:39.040000,405015,2026-05-08 15:22:23.547000,2026-04-16 14:23:35.260000,,
QA2604096,P30,SH22101000,생산팀(특장),QC,2026-04-14 00:00:00,2026-04-15 00:00:00,SA00,A01,A531401A,SI202,11.00,Q,0,1248131958,A760000,1~11,,,,Y,SH24104000,N,0.00,0.00,0.00,0.00,,후방 조작 서스판넬 조립불가-프레임 바닥 부착된 수평계BKT 간섭으로 조립불가됨,특장개발팀 작업의뢰서 배포후 프레임 수평계 BKT 절단후 홀가공수정처리함.프레임 도면설변예정 ,,,N,,,Y,2026-04-17 13:31:21.640000,N,2026-05-08 15:22:23.547000,N,,422001,2026-04-15 15:07:31.573000,405015,2026-05-08 15:22:23.547000,2026-04-16 14:23:35.260000,,
QA2604097,P30,SH22101000,생산팀(특장),QC,2026-04-14 00:00:00,2026-04-15 00:00:00,SA00,A02,DR39800,DC401,1.00,P,0,1248131958,D490000,84,,,,Y,SH24101000,N,0.00,0.00,0.00,0.00,,완성장비 장기보관시 연료레벨게이지 투명관 변색됨-교체품 투입요청,레벨게이지 신품 교체후 출고함.천공기개발팀 연료레벨게이지 소재 사양변경 검토진행예정,,,N,,,Y,2026-04-30 08:33:45.017000,N,2026-05-08 15:22:23.547000,N,,422001,2026-04-15 15:09:11.333000,405015,2026-05-08 15:22:23.547000,2026-04-23 08:41:17.420000,,
QA2604098,P30,SH22101000,생산팀(특장),QC,2026-04-15 00:00:00,2026-04-15 00:00:00,SA00,A04,A771200,ZZZZZ,1.00,Q,0,1248131958,A770000,1,,개발장비건-소수국책,,Y,SH24104000,N,0.00,0.00,0.00,0.00,,프레임 M/T BKT 용접불량건  확인요청-도면상 단속용접 표기됨,작업의뢰서 오전에 접수받아서 사내제관 용접수정작업 진행함 (04/16)-도면 용접기호 설변예정,,,N,,,Y,2026-04-23 11:10:06.890000,N,2026-05-08 15:22:23.547000,N,,422001,2026-04-15 15:10:00.253000,405015,2026-05-08 15:22:23.547000,2026-04-17 08:35:23.843000,,
QA2604099,P30,SH22101000,생산팀(특장),QC,2026-04-15 00:00:00,2026-04-15 00:00:00,SA00,A03,D705109,ZZZZZ,2.00,A,0,1058125362,D700000,30,,,,Y,SH11610100,N,0.00,0.00,0.00,0.00,,파일럿블럭 M/T 홀  반대로가공 불량,업체발송후 수정입고완료 ,,,N,,XXX XXX XXX XXX,Y,2026-04-23 08:59:31.380000,N,2026-05-08 15:22:23.547000,N,,422001,2026-04-15 15:11:59.003000,405015,2026-05-08 15:22:23.547000,2026-04-17 08:35:23.843000,,
QA2604100,P20,SH11610100,품질관리팀,QO,2026-04-17 00:00:00,2026-04-17 00:00:00,SH00,H01,,CX319,0.00,Y,0,,CX50100001,10,2026-04-13 00:00:00,,N,N,,N,0.00,0.00,0.00,0.00,,3개월 이상 재검,,,,N,,,Y,2026-04-27 11:45:07.823000,N,,N,,222009,2026-04-17 09:25:06.463000,222009,2026-04-27 11:45:07.823000,,,
QA2604101,P20,SH11610100,품질관리팀,QO,2026-04-17 00:00:00,2026-04-17 00:00:00,SH00,H01,,CX319,0.00,Y,0,,CX50100001,11,2026-04-13 00:00:00,,N,N,,N,0.00,0.00,0.00,0.00,,3개월 이상 재검,,,,N,,,Y,2026-04-27 11:44:57.933000,N,,N,,222009,2026-04-17 09:25:06.480000,222009,2026-04-27 11:44:57.933000,,,
QA2604102,P20,SH11610100,품질관리팀,QO,2026-04-17 00:00:00,2026-04-17 00:00:00,SH00,H01,,CX319,0.00,Y,0,,CX50100001,12,2026-04-13 00:00:00,,N,N,,N,0.00,0.00,0.00,0.00,,,,,,N,,,Y,2026-04-27 11:44:47.050000,N,,N,,222009,2026-04-17 09:25:06.497000,222009,2026-04-27 11:44:47.050000,,,
QA2604103,P30,SH22101000,생산팀(특장),QC,2026-04-15 00:00:00,2026-04-21 00:00:00,SA00,A01,A535108,ZZZZZ,1.00,O,0,1248131958,A760000,1,,개발장비건,,Y,SH22101000,N,0.00,0.00,0.00,0.00,,버켓 FRP 커버간섭 조립불가,버켓 SIDE COVER 상하 조립후 엘레베이터 작동시 간섭이상없음.,,,N,,,Y,2026-04-21 17:49:00.060000,N,2026-05-08 15:22:23.547000,N,,422001,2026-04-21 11:47:04.780000,405015,2026-05-08 15:22:23.547000,2026-04-21 16:55:36.100000,,
QA2604104,P30,SH22101000,생산팀(특장),QC,2026-04-15 00:00:00,2026-04-21 00:00:00,SA00,A01,AW86500,ZZZZZ,11.00,P,0,1248131958,A760000,1~11,,개발장비건,,Y,SH24104000,N,0.00,0.00,0.00,0.00,,프레임 발판 구조물과 간섭되서 스패어 타이어 탈거 어려움.스패어타이어 핸들 연장공구 필요 ,스패어 타이어 장착에 필요한 연장공구 일반구매품 없음으로 추가건 설계팀 신규도면 배포후 발주진행함,,,N,,,Y,2026-04-30 08:27:08.497000,N,2026-05-08 15:22:23.547000,N,,422001,2026-04-21 11:48:42.717000,405015,2026-05-08 15:22:23.547000,2026-04-23 08:41:17.420000,,
QA2604105,P30,SH22101000,생산팀(특장),QC,2026-04-15 00:00:00,2026-04-21 00:00:00,SA00,A03,D705302E,ZZZZZ,1.00,Q,0,1248131958,D700000,30,,,,Y,SH24102000,N,0.00,0.00,0.00,0.00,,모노레버(조이스틱) CONTROL PANEL 내측 PLATE 간섭 발생-이전 설계개선 요청건 ,현대 샤시 변경 시점에 맞춰 설변예정.#34호기부터 적용,,,N,,,Y,2026-04-30 08:24:41.723000,N,2026-05-08 15:22:23.547000,N,,422001,2026-04-21 11:56:14.870000,405015,2026-05-08 15:22:23.547000,2026-04-21 13:32:25.510000,,
QA2604106,P30,SH22101000,생산팀(특장),QC,2026-04-16 00:00:00,2026-04-21 00:00:00,SA00,A01,A522102D,SI202,1.00,A,0,1248131958,A760000,1,,개발장비건,,Y,SH22101000,N,0.00,0.00,0.00,0.00,,수소차 국책 2단붐 EXT SHEAVE PIN 홀 확인결과 가공라인 가공불량으로 단차발생함,설계팀과 협의후 사용유무 확인완료.사용하기함,,,N,,,Y,2026-04-21 18:40:48.917000,N,2026-05-08 15:22:23.547000,N,,422001,2026-04-21 11:57:09.303000,405015,2026-05-08 15:22:23.547000,2026-04-21 16:55:36.100000,,
QA2604107,P30,SH22101000,생산팀(특장),QC,2026-04-16 00:00:00,2026-04-21 00:00:00,SA00,A01,A531413A,ZZZZZ,11.00,B,0,3320703029,A760000,1~11,,개발장비건,,Y,SH11231200,N,0.00,0.00,0.00,0.00,,하부 컨트롤 판넬 끝단부 날카로운 부위가 제거되지 않고 입고됨,업체방문 판넬 끝단부 날카로움 제거작업 조치완료.,,,N,,,Y,2026-05-07 15:33:23.660000,N,2026-05-08 15:22:23.547000,N,,422001,2026-04-21 11:58:34.350000,405015,2026-05-08 15:22:23.547000,2026-04-21 16:55:36.100000,,
QA2604108,P30,SH22101000,생산팀(특장),QC,2026-04-16 00:00:00,2026-04-21 00:00:00,SA00,A01,AW81400C,ZZZZZ,11.00,B,0,1348149488,A760000,1~11,,개발장비건,,Y,SH11231200,N,0.00,0.00,0.00,0.00,,O/T 최대인입시 끼임발생- O/T 측면 용접부 용접비그 돌출로 인해 프레임 O/T BOX에 끼임,업체내방 용접비드 사상 수정조치완료,,,N,,,Y,2026-05-07 15:33:28.850000,N,2026-05-08 15:22:23.547000,N,,422001,2026-04-21 11:59:27.997000,405015,2026-05-08 15:22:23.547000,2026-04-23 08:39:25.887000,,
QA2604109,P30,SH22101000,생산팀(특장),QC,2026-04-16 00:00:00,2026-04-21 00:00:00,SA00,A01,A531401A,SI202,11.00,P,0,1248131958,A760000,1~11,,개발장비건,,Y,SH24104000,N,0.00,0.00,0.00,0.00,,하부밸브박스 도어 후방카메라 간섭,설계팀 검토후 신규 커버제작 발주진행함,,,N,,,Y,2026-04-30 08:26:03.810000,N,2026-05-08 15:22:23.547000,N,,422001,2026-04-21 12:00:34.087000,405015,2026-05-08 15:22:23.547000,2026-04-23 08:41:17.420000,,
QA2604110,P30,SH22101000,생산팀(특장),QC,2026-04-16 00:00:00,2026-04-21 00:00:00,SA00,A01,A531401A,SI202,11.00,P,0,1248131958,A760000,1~11,,개발장비건,,Y,SH24104000,N,0.00,0.00,0.00,0.00,,코드릴 접지부 보호커버 필요,설계팀 검토후 접지부 더블너트 체결후 보호캡 조립예정,,,N,,,Y,2026-04-27 15:51:32.283000,N,2026-05-08 15:22:23.547000,N,,422001,2026-04-21 14:29:06.317000,405015,2026-05-08 15:22:23.547000,2026-04-23 08:41:17.420000,,
QA2604112,P30,SH22101000,생산팀(특장),QC,2026-04-16 00:00:00,2026-04-21 00:00:00,SA00,A01,M101312F,OE201,11.00,A,0,3320703029,A760000,1~11,,개발장비건,,Y,SH11231200,N,0.00,0.00,0.00,0.00,,TOOL BOX 좌우 전방 문짝 배수홀 작업 누락됨 ,업체방문 배수홀 가공 수정조치완료 ,,,N,,,Y,2026-05-07 15:33:31.767000,N,2026-05-08 15:22:23.547000,N,,422001,2026-04-21 14:30:51.093000,405015,2026-05-08 15:22:23.547000,2026-04-21 16:55:36.100000,,
QA2604113,P30,SH22101000,생산팀(특장),QC,2026-04-16 00:00:00,2026-04-21 00:00:00,SA00,A02,D090000,DF202,2.00,D,0,1248131958,J8B1-0000000-00,401~402,,,,Y,SH11610100,N,0.00,0.00,0.00,0.00,,드리프터 내부 누유 발생,입고분 현장교체완료. 화성공장 품질담당자 내용전달하였으며 드리프터 테스트 방식 개선요청 및 재발방지대책 요청. 탈거분 화성공장 발송완료 수정후 입고요청함,,,N,,,Y,2026-05-07 15:33:34.903000,N,2026-05-08 15:22:23.547000,N,,422001,2026-04-21 14:33:34.703000,405015,2026-05-08 15:22:23.547000,2026-04-21 16:56:12.950000,,
QA2604114,P30,SH22101000,생산팀(특장),QC,2026-04-16 00:00:00,2026-04-21 00:00:00,SA00,A02,DR77400,DH303,1.00,K,0,3121376363,D111000,90,,,,Y,SH11610100,N,0.00,0.00,0.00,0.00,,에어컨 콤푸레셔 누기 발생,투입분 교체 선조치완료. 업체 탈거분 반출 교체품 입고완료,,,N,,,Y,2026-04-24 11:36:26.520000,N,2026-05-08 15:22:23.547000,N,,422001,2026-04-21 14:34:32.093000,405015,2026-05-08 15:22:23.547000,2026-04-21 16:56:12.950000,,
QA2604115,P30,SH22101000,생산팀(특장),QC,2026-04-16 00:00:00,2026-04-21 00:00:00,SA00,A03,D702109,ZZZZZ,1.00,P,0,1248131958,D700000,30,,,,Y,SH24102000,N,0.00,0.00,0.00,0.00,, PIN 도장 여부 확인필요,연구소 : 도면상 도장 표기 되어있음.PIN 조립시 도장 까질 문제 발생으로 도금 수정요청 진행  -#34~도면설변 완료,,,N,,,Y,2026-04-23 11:02:11.250000,N,2026-05-08 15:22:23.547000,N,,422001,2026-04-21 14:35:20.710000,405015,2026-05-08 15:22:23.547000,2026-04-21 18:28:42.800000,,
QA2604116,P30,SH22101000,생산팀(특장),QC,2026-04-16 00:00:00,2026-04-21 00:00:00,SA00,A02,DR54950A,DC401,1.00,Z,0,1248131958,D111000,91,,,,Y,SH22101000,N,0.00,0.00,0.00,0.00,,상부 와셔액 분사노즐 막힘,"와셔액 투명호스 공기차서 잠깐 안되는 것으로 확인, 조치완료",,,N,,,Y,2026-04-21 18:41:44.417000,N,2026-05-08 15:22:23.547000,N,,422001,2026-04-21 14:36:31.173000,405015,2026-05-08 15:22:23.547000,2026-04-21 16:56:12.950000,,
QA2604117,P30,SH22101000,생산팀(특장),QC,2026-04-17 00:00:00,2026-04-21 00:00:00,SA00,A02,DR63600,ZZZZZ,1.00,K,0,1248147182,D490000,87,,,,Y,SH11610100,N,0.00,0.00,0.00,0.00,,요소수탱크 하단 드레인포트 피팅 조립부 누수로 커민스엔진 긴급A/S 요청 진행,커민스 서비스방문 요소수탱크 교체조치 완료,,,N,,,Y,2026-04-21 18:41:56.757000,N,2026-05-08 15:22:23.547000,N,,422001,2026-04-21 14:37:30.880000,405015,2026-05-08 15:22:23.547000,2026-04-21 16:58:50.663000,,
QA2604118,P30,SH22101000,생산팀(특장),QC,2026-04-17 00:00:00,2026-04-21 00:00:00,SA00,A02,D028130,ZZZZZ,1.00,D,60,7778601840,D490000,88,,클레임,,Y,SH11610100,N,0.00,0.00,0.00,0.00,,S/W CYL' 튜브쪽 BUSH부 변형 조립불가,"투입분 교체 조치 완료,탈거분 업체방문 반출수정입고완료(4/23일).현장 확인 및 교체공수 패널티처리함",,,N,,,Y,2026-04-30 08:25:27.997000,N,2026-05-08 15:22:23.547000,N,,422001,2026-04-21 14:38:55.530000,405015,2026-05-08 15:22:23.547000,2026-04-21 16:58:12.350000,,
QA2604119,P30,SH22101000,생산팀(특장),QC,2026-04-17 00:00:00,2026-04-21 00:00:00,SA00,A03,JE07100,ZZZZZ,2.00,P,0,1248131958,D700000,30~31,,,,Y,SH24106000,N,0.00,0.00,0.00,0.00,,캐빈 내부 변경으로 전기작업 안됨. 전기작업이 마무리 되어야 조립 가능 확인요청,배선 연결 관련 현대건설측에 확인요청. 추후분 업체와 작업사양협의후 조치후 입고요청필요 현장 수정조치완료,,,N,,,Y,2026-04-23 10:45:25.747000,N,2026-05-08 15:22:23.547000,N,,422001,2026-04-21 14:43:35.903000,405015,2026-05-08 15:22:23.547000,2026-04-23 08:40:19.500000,,
QA2604120,P30,SH22101000,생산팀(특장),QC,2026-04-17 00:00:00,2026-04-21 00:00:00,SA00,A02,DC01400001,DC302,1.00,P,0,3128180264,D040000,200,,,,Y,SH24101000,N,0.00,0.00,0.00,0.00,,본넷 후방도어 변형 내측 보강대 배수홀 가공누락.도면확인결과 막음처리 없음. 업체(대신기업) 본넷 후방도어 내측 보강대하단 막음처리 도면상 없어야하는데 업체에서 이전에 구두협의로 막음처리후 배수홀작업해달라고 함,업체방문  탈거후 반출수정후 입고 재도장후 조립조치함. 추후분부터 도면대로 제작요청함. 막음처리가 필요한지 설계팀에 검토후 개선조치바람,,,N,,,Y,2026-04-23 08:58:44.410000,N,2026-05-08 15:22:23.547000,N,,422001,2026-04-21 14:45:33.600000,405015,2026-05-08 15:22:23.547000,2026-04-21 16:58:12.350000,,
QA2604121,P30,SH22101000,생산팀(특장),QC,2026-04-17 00:00:00,2026-04-21 00:00:00,SA00,A02,,,1.00,H,0,,D490000,87,,사내도장불량,,Y,SH22101000,N,0.00,0.00,0.00,0.00,,캐빈 발판 도장 불량,추후 완성도장시 수정진행예정,,,N,,,Y,2026-04-21 18:42:11.413000,N,2026-05-08 15:22:23.547000,N,,422001,2026-04-21 14:47:01.390000,405015,2026-05-08 15:22:23.547000,2026-04-21 16:58:12.350000,,
QA2604122,P30,SH22101000,생산팀(특장),QC,2026-04-17 00:00:00,2026-04-21 00:00:00,SA00,A01,S5T3-2721000-02,SI401,5.00,A,0,1243020333,A760000,1~5,,개발장비건,,Y,SH11610100,N,0.00,0.00,0.00,0.00,,"윈치 커버 아래 홀 확인 필요.홀간거리 확인결과 S:175mm, A:178~180mm",업체(신화산업) FRP COVER(LH) 홀간거리 제각각 조금씩 맞지 않음.현장 수정조치완료 추후분 홀가공시 지그 제작요청,,,N,,,Y,2026-04-21 18:42:33.167000,N,2026-05-08 15:22:23.547000,N,,422001,2026-04-21 14:47:47.140000,405015,2026-05-08 15:22:23.547000,2026-04-21 16:59:01.267000,,
QA2604123,P30,SH22101000,생산팀(특장),QC,2026-04-17 00:00:00,2026-04-21 00:00:00,SA00,A07,JE07100,ZZZZZ,2.00,E,0,1248131958,D700000,30~31,,,,Y,SH24106000,N,0.00,0.00,0.00,0.00,,기존과 다르게 굴삭기 조작모니터 위에 어라운드뷰 모니터가 추가로 부착되어서 입고됨 모니터 추가 부착된 자리는 전기쪽 모니터가 부착되던 자리로 해당 모니터 위치 이동 불가  현대측 확인 필요 ,"부착하는 모니터 크기랑 무게를 봤을때 다른 곳으로 이동 불가, 샤시 입고시 고지되지 않은 부분으로 현대건설에서 수정해야함. 해당 작업은 현장수정조치완료. 추후분 입고전 업체와 사양협의후 조치필요 ",,,N,,,Y,2026-04-23 10:42:47.213000,N,2026-05-08 15:22:23.547000,N,,422001,2026-04-21 14:48:41.047000,405015,2026-05-08 15:22:23.547000,2026-04-23 08:40:19.500000,,
QA2604124,P30,SH22101000,생산팀(특장),QC,2026-04-18 00:00:00,2026-04-22 00:00:00,SA00,A03,D705127,ZZZZZ,1.00,B,0,1408188166,D700000,31,,,,Y,SH11231200,N,0.00,0.00,0.00,0.00,,웨이트 브라켓 불량,S 124 mm A126mm로 삼성레이져  절곡불량입니다   업체오후  사내방문하여 반출 신제작 납품 완료,,,N,,,Y,2026-05-07 15:33:39.183000,N,2026-05-08 15:22:23.547000,N,,422001,2026-04-22 09:52:37.963000,405015,2026-05-08 15:22:23.547000,2026-04-23 13:53:58.477000,,
QA2604125,P30,SH22101000,생산팀(특장),QC,2026-04-20 00:00:00,2026-04-22 00:00:00,SA00,A03,M101313G,OE201,2.00,B,0,3320703029,A760000,"2,4",,개발장비건-클레임(재도장비용),,Y,SH11231200,N,0.00,0.00,0.00,0.00,,보조석 TOOL BOX 높이불량으로 턴테이블 S/W시 간섭됨.,업체 내방하여 반출완료. 수정불가로 긴급 신규제작 입고완료-재도장비용 패널티처리예정 -턴테이블과 TOOL BOX 유격(4mm) 없음으로 개선필요,,XXX,N,,,Y,2026-05-07 15:36:55.650000,N,2026-05-08 15:22:23.547000,N,,422001,2026-04-22 09:55:32.493000,405015,2026-05-08 15:22:23.547000,2026-04-23 13:53:58.477000,,
QA2604126,P30,SH22101000,생산팀(특장),QC,2026-04-20 00:00:00,2026-04-22 00:00:00,SA00,A03,D705105A,ZZZZZ,2.00,P,0,1248131958,D700000,30~31,,,,Y,SH24102000,N,0.00,0.00,0.00,0.00,,MAST REST 형상 불량,#31~ 설계변경 완료,,,N,,,Y,2026-04-30 08:26:46.340000,N,2026-05-08 15:22:23.547000,N,,422001,2026-04-22 09:57:37.220000,405015,2026-05-08 15:22:23.547000,2026-04-23 13:53:58.477000,,
QA2604127,P30,SH22101000,생산팀(특장),QC,2026-04-20 00:00:00,2026-04-22 00:00:00,SA00,A01,Z2P3-2701000-05,AT402,1.00,N,0,1348149488,Z5P1-HJ00000-00,862,,,,Y,SH11231200,N,0.00,0.00,0.00,0.00,,엔진 마운팅 브라켓 사이즈 하나가 잘못들어옴.-380용으로 입고됨,업체 M/T BKT 1EA  화물발송 입고완료,,,N,,,Y,2026-05-07 15:36:45.713000,N,2026-05-08 15:22:23.547000,N,,422001,2026-04-22 10:03:12.383000,405015,2026-05-08 15:22:23.547000,2026-04-23 08:41:17.420000,,
QA2604128,P30,SH22101000,생산팀(특장),QC,2026-04-21 00:00:00,2026-04-22 00:00:00,SA00,A01,6120035-0012240,ZZZZZ,2.00,Q,0,1248131958,A760000,1~2,,개발장비건,,Y,SH24104000,N,0.00,0.00,0.00,0.00,,버켓 배터리 1라인 작업 중 파손발생-배터리 BKT 위치 설계불량으로 인해 작동중 파손됨,특장개발팀 손망실 보고서 작성하여 배포. 재고분 사용함,,,N,,,Y,2026-04-23 14:13:56.003000,N,2026-05-08 15:22:23.547000,N,,422001,2026-04-22 10:04:36.147000,405015,2026-05-08 15:22:23.547000,2026-04-23 08:39:25.887000,,
QA2604129,P30,SH22101000,생산팀(특장),QC,2026-04-21 00:00:00,2026-04-22 00:00:00,SA00,A01,S5T3-2144000-04,SI401,1.00,A,0,1348149488,A770000,1,,개발장비건-소수국책,,Y,SH11231200,N,0.00,0.00,0.00,0.00,,"2단BOOM 상단HOSE SHEAVE PIN 조립불가.-PIN 가공불량임.측정결과S:35mm-0.025~0.045,A:35mm 0~0.01확인됨",현장수정 조치완료.업체 내용전달 추후분 확인요청,,,N,,,Y,2026-05-07 15:36:52.250000,N,2026-05-08 15:22:23.547000,N,,422001,2026-04-22 11:52:52.753000,405015,2026-05-08 15:22:23.547000,2026-04-23 08:39:25.887000,,
QA2604130,P30,SH22101000,생산팀(특장),QC,2026-04-21 00:00:00,2026-04-22 00:00:00,SA00,A01,A572353A,ZZZZZ,5.00,Z,0,3128103326,A760000,5~9,,개발장비건,,Y,SH11610100,N,0.00,0.00,0.00,0.00,,"FRP 버켓에 내피 조립 불가 내피외폭치수불량임. S:854mm 0~+8, A:850mm. 좌우 한쪽 R값불량",대치품으로 교체완료. 입고분 전량 확인완료. 총14EA중 5EA 조립불가 업체 4/27일 방문 재조립 확인완료. 외부보관후 정상조립됨.외부 기온에 따라 내피 수축된것으로 판단됨. ,,,N,,,Y,2026-04-27 11:19:12.123000,N,2026-05-08 15:22:23.547000,N,,422001,2026-04-22 11:55:52.917000,405015,2026-05-08 15:22:23.547000,2026-04-23 14:26:16.773000,,
QA2604131,P30,SH22101000,생산팀(특장),QC,2026-04-21 00:00:00,2026-04-22 00:00:00,SA00,A03,D701101H,ZZZZZ,1.00,H,0,1248131958,D700000,30,,,,Y,SH22101000,N,0.00,0.00,0.00,0.00,,마스트 사다리 안쪽부 도장 안됨,수정도장 진행예정,,,N,,,Y,2026-05-06 14:07:44.733000,N,2026-05-08 15:22:23.547000,N,,422001,2026-04-22 11:57:48.730000,405015,2026-05-08 15:22:23.547000,2026-04-23 13:53:58.477000,,
QA2604132,P30,SH22101000,생산팀(특장),QC,2026-04-21 00:00:00,2026-04-22 00:00:00,SA00,A01,A531401A,SI202,1.00,B,0,4918102052,A760000,7,,,,Y,SH24104000,N,0.00,0.00,0.00,0.00,,하부 아우트리거 전기박스 용접비드 간섭,현장에서 용접비드 사상 수정 완료,,"개발장비에 XXX XXX XXX XXX XXX

(XXX 8XXX XXX XXX XXX XXX - XXX XXX)
",N,,,Y,2026-05-07 15:36:37.203000,N,2026-05-08 15:22:23.547000,N,,422001,2026-04-22 12:00:04.210000,405015,2026-05-08 15:22:23.547000,2026-04-23 08:39:25.887000,,
QA2604133,P30,SH22101000,생산팀(특장),QC,2026-04-21 00:00:00,2026-04-22 00:00:00,SA00,A03,D702112,ZZZZZ,1.00,A,0,1248131958,D700000,30,,,,Y,SH22101000,N,0.00,0.00,0.00,0.00,,링크 동부시 검사요청,"삼정마이크로 검사결과 90,0 10mm 이상없음  -작업자 동부시박음 작업시 망치충격에 의한 변형   기소냉각 작업방법으로 작업 개선 필요",,,N,,,Y,2026-04-30 08:28:49.120000,N,2026-05-08 15:22:23.547000,N,,422001,2026-04-22 13:58:19.673000,405015,2026-05-08 15:22:23.547000,2026-04-23 13:53:58.477000,,
QA2604134,P15,SH11610100,품질관리팀,QO,2026-04-22 00:00:00,2026-04-22 00:00:00,SA00,A01,,AT402,1.00,H,0,,Z5P1-MPHV000-00,856,2026-04-27 00:00:00,,N,N,,N,0.00,0.00,0.00,0.00,,전방 프레임 상단 표시부 터치업,,,,N,,,N,,N,,N,,421088,2026-04-22 16:37:45.843000,421088,2026-04-22 16:43:44.143000,,,
QA2604135,P15,SH11610100,품질관리팀,QO,2026-04-22 00:00:00,2026-04-22 00:00:00,SA00,A01,,AT402,1.00,O,0,,Z5P1-MPHV000-00,856,2026-04-27 00:00:00,,N,N,,N,0.00,0.00,0.00,0.00,,엔진 슬라이딩 고정 핀 볼트 체결 필요,,,,N,,,N,,N,,N,,421088,2026-04-22 16:37:45.857000,421088,2026-04-22 16:37:45.857000,,,
QA2604136,P15,SH11610100,품질관리팀,QO,2026-04-22 00:00:00,2026-04-22 00:00:00,SA00,A01,,AT402,1.00,H,0,,Z5P1-MPHV000-00,856,2026-04-27 00:00:00,,N,N,,N,0.00,0.00,0.00,0.00,,비상 모터 표시부 도장 세척,,,,N,,,N,,N,,N,,421088,2026-04-22 16:37:45.873000,421088,2026-04-22 16:37:45.873000,,,
QA2604137,P15,SH11610100,품질관리팀,QO,2026-04-22 00:00:00,2026-04-22 00:00:00,SA00,A01,,AT402,1.00,H,0,,Z5P1-MPHV000-00,856,2026-04-27 00:00:00,,N,N,,N,0.00,0.00,0.00,0.00,,후방 범퍼 표시부 터치업,,,,N,,,N,,N,,N,,421088,2026-04-22 16:37:45.890000,421088,2026-04-22 16:37:45.890000,,,
QA2604138,P15,SH11610100,품질관리팀,QO,2026-04-22 00:00:00,2026-04-22 00:00:00,SA00,A01,,AT402,1.00,H,0,,Z5P1-MPHV000-00,856,2026-04-27 00:00:00,,N,N,,N,0.00,0.00,0.00,0.00,,후방 범퍼 볼트 교체 필요,,,,N,,,N,,N,,N,,421088,2026-04-22 16:37:45.903000,421088,2026-04-22 16:37:45.903000,,,
QA2604139,P15,SH11610100,품질관리팀,QO,2026-04-22 00:00:00,2026-04-22 00:00:00,SA00,A01,,AT402,1.00,H,0,,Z5P1-MPHV000-00,856,2026-04-27 00:00:00,,N,N,,N,0.00,0.00,0.00,0.00,,바스켓 리미트 측 표시부 터치업,,,,N,,,N,,N,,N,,421088,2026-04-22 16:37:45.920000,421088,2026-04-22 16:37:45.920000,,,
QA2604140,P15,SH11610100,품질관리팀,QO,2026-04-22 00:00:00,2026-04-22 00:00:00,SA00,A01,,AT402,1.00,H,0,,Z5P1-MPHV000-00,856,2026-04-27 00:00:00,,N,N,,N,0.00,0.00,0.00,0.00,,바스켓 리미트 스위치 녹 제거 필요,,,,N,,,N,,N,,N,,421088,2026-04-22 16:37:45.937000,421088,2026-04-22 16:37:45.937000,,,
QA2604141,P15,SH11610100,품질관리팀,QO,2026-04-22 00:00:00,2026-04-22 00:00:00,SA00,A01,,AT402,1.00,H,0,,Z5P1-MPHV000-00,856,2026-04-27 00:00:00,,N,N,,N,0.00,0.00,0.00,0.00,,"4단붐, 커넥터 연결 핀 측 TAP 표시부 터치업",,,,N,,,N,,N,,N,,421088,2026-04-22 16:37:45.950000,421088,2026-04-22 16:37:45.950000,,,
QA2604142,P15,SH11610100,품질관리팀,QO,2026-04-22 00:00:00,2026-04-22 00:00:00,SA00,A01,,AT402,1.00,H,0,,Z5P1-MPHV000-00,856,2026-04-27 00:00:00,,N,N,,N,0.00,0.00,0.00,0.00,,바스켓 하부 표시부 터치업,,,,N,,,N,,N,,N,,421088,2026-04-22 16:37:45.967000,421088,2026-04-22 16:37:45.967000,,,
QA2604143,P15,SH11610100,품질관리팀,QO,2026-04-22 00:00:00,2026-04-22 00:00:00,SA00,A01,,AT402,1.00,I,0,,Z5P1-MPHV000-00,856,2026-04-27 00:00:00,,N,N,,N,0.00,0.00,0.00,0.00,,메인 밸브 측 턴테이블 하단 커버 오일 세척 필요,,,,N,,,N,,N,,N,,421088,2026-04-22 16:37:45.983000,421088,2026-04-22 16:37:45.983000,,,
QA2604144,P15,SH11610100,품질관리팀,QO,2026-04-22 00:00:00,2026-04-22 00:00:00,SA00,A01,,AT402,1.00,H,0,,Z5P1-MPHV000-00,856,2026-04-27 00:00:00,,N,N,,N,0.00,0.00,0.00,0.00,,메인 밸브 측 턴테이블 하단 커버 EX망 측 터치업,,,,N,,,N,,N,,N,,421088,2026-04-22 16:37:46,421088,2026-04-22 16:37:46,,,
QA2604145,P15,SH11610100,품질관리팀,QO,2026-04-22 00:00:00,2026-04-22 00:00:00,SA00,A01,,AT402,1.00,E,0,,Z5P1-MPHV000-00,856,2026-04-27 00:00:00,,N,N,,N,0.00,0.00,0.00,0.00,,시저스 상승 시 저속 주행으로 전환됨,,,,N,,,N,,N,,N,,421088,2026-04-22 16:37:46.013000,421088,2026-04-22 16:37:46.013000,,,
QA2604146,P15,SH11610100,품질관리팀,QO,2026-04-22 00:00:00,2026-04-22 00:00:00,SA00,A01,,AT402,1.00,H,0,,Z5P1-MPHV000-00,857,2026-04-27 00:00:00,,N,N,,N,0.00,0.00,0.00,0.00,,1단붐 상단 표시부 터치업,,,,N,,,N,,N,,N,,421088,2026-04-22 16:43:44.163000,421088,2026-04-22 16:43:44.163000,,,
QA2604147,P15,SH11610100,품질관리팀,QO,2026-04-22 00:00:00,2026-04-22 00:00:00,SA00,A01,,AT402,1.00,H,0,,Z5P1-MPHV000-00,857,2026-04-27 00:00:00,,N,N,,N,0.00,0.00,0.00,0.00,,메인밸브 측 도어 내부 작동유 탱크 측 프레임 측면 표시부 터치업,,,,N,,,N,,N,,N,,421088,2026-04-22 16:43:44.180000,421088,2026-04-22 16:43:44.180000,,,
QA2604148,P15,SH11610100,품질관리팀,QO,2026-04-22 00:00:00,2026-04-22 00:00:00,SA00,A01,,AT402,1.00,H,0,,Z5P1-MPHV000-00,857,2026-04-27 00:00:00,,N,N,,N,0.00,0.00,0.00,0.00,,프레임 전방 표시부 터치업,,,,N,,,N,,N,,N,,421088,2026-04-22 16:43:44.193000,421088,2026-04-22 16:43:44.193000,,,
QA2604149,P15,SH11610100,품질관리팀,QO,2026-04-22 00:00:00,2026-04-22 00:00:00,SA00,A01,,AT402,1.00,H,0,,Z5P1-MPHV000-00,857,2026-04-27 00:00:00,,N,N,,N,0.00,0.00,0.00,0.00,,엔진 방향 전방 프레임 측면 터치업,,,,N,,,N,,N,,N,,421088,2026-04-22 16:43:44.210000,421088,2026-04-22 16:43:44.210000,,,
QA2604150,P15,SH11610100,품질관리팀,QO,2026-04-22 00:00:00,2026-04-22 00:00:00,SA00,A01,,AT402,1.00,H,0,,Z5P1-MPHV000-00,857,2026-04-27 00:00:00,,N,N,,N,0.00,0.00,0.00,0.00,,냉각수 보조탱크 측 하단 프레임 표시부 터치업,,,,N,,,N,,N,,N,,421088,2026-04-22 16:43:44.227000,421088,2026-04-22 16:43:44.227000,,,
QA2604151,P15,SH11610100,품질관리팀,QO,2026-04-22 00:00:00,2026-04-22 00:00:00,SA00,A01,,AT402,1.00,H,0,,Z5P1-MPHV000-00,857,2026-04-27 00:00:00,,N,N,,N,0.00,0.00,0.00,0.00,,엔진 슬라이딩 고정 볼트 측 표시부 터치업,,,,N,,,N,,N,,N,,421088,2026-04-22 16:43:44.240000,421088,2026-04-22 16:43:44.240000,,,
QA2604152,P15,SH11610100,품질관리팀,QO,2026-04-22 00:00:00,2026-04-22 00:00:00,SA00,A01,,AT402,1.00,H,0,,Z5P1-MPHV000-00,857,2026-04-27 00:00:00,,N,N,,N,0.00,0.00,0.00,0.00,,바스켓 리미트 브라켓 표시부 터치업,,,,N,,,N,,N,,N,,421088,2026-04-22 16:43:44.257000,421088,2026-04-22 16:43:44.257000,,,
QA2604153,P15,SH11610100,품질관리팀,QO,2026-04-22 00:00:00,2026-04-22 00:00:00,SA00,A01,,AT402,1.00,H,0,,Z5P1-MPHV000-00,857,2026-04-27 00:00:00,,N,N,,N,0.00,0.00,0.00,0.00,,상부박스 표시부 터치업,,,,N,,,N,,N,,N,,421088,2026-04-22 16:43:44.267000,421088,2026-04-22 16:43:44.267000,,,
QA2604154,P15,SH11610100,품질관리팀,QO,2026-04-22 00:00:00,2026-04-22 00:00:00,SA00,A01,,AT402,1.00,H,0,,Z5P1-MPHV000-00,857,2026-04-27 00:00:00,,N,N,,N,0.00,0.00,0.00,0.00,,바스켓 탑승 안전바 표시부 터치업,,,,N,,,N,,N,,N,,421088,2026-04-22 16:43:44.273000,421088,2026-04-22 16:43:44.273000,,,
QA2604155,P15,SH11610100,품질관리팀,QO,2026-04-22 00:00:00,2026-04-22 00:00:00,SA00,A01,,AT402,1.00,H,0,,Z5P1-MPHV000-00,857,2026-04-27 00:00:00,,N,N,,N,0.00,0.00,0.00,0.00,,후방 메인밸브 방향 액슬 러그 표시부 터치업,,,,N,,,N,,N,,N,,421088,2026-04-22 16:43:44.283000,421088,2026-04-22 16:43:44.283000,,,
QA2604156,P15,SH11610100,품질관리팀,QO,2026-04-22 00:00:00,2026-04-22 00:00:00,SA00,A01,,AT402,1.00,E,0,,Z5P1-MPHV000-00,857,2026-04-27 00:00:00,,N,N,,N,0.00,0.00,0.00,0.00,,시저스 상승 시 저속 주행으로 전환됨,,,,N,,,N,,N,,N,,421088,2026-04-22 16:43:44.290000,421088,2026-04-22 16:43:44.290000,,,
QA2604157,P15,SH11610100,품질관리팀,QO,2026-04-22 00:00:00,2026-04-22 00:00:00,SA00,A01,,AT402,1.00,I,0,,Z5P1-MPHV000-00,858,2026-04-27 00:00:00,,N,N,,N,0.00,0.00,0.00,0.00,,후방 프레임 상단 오일 세척 필요,,,,N,,,N,,N,,N,,421088,2026-04-22 16:45:18.717000,421088,2026-04-22 16:45:18.717000,,,
QA2604158,P15,SH11610100,품질관리팀,QO,2026-04-22 00:00:00,2026-04-22 00:00:00,SA00,A01,,AT402,1.00,H,0,,Z5P1-MPHV000-00,858,2026-04-27 00:00:00,,N,N,,N,0.00,0.00,0.00,0.00,,후방 프레임 상단 표시부 터치업,,,,N,,,N,,N,,N,,421088,2026-04-22 16:45:18.733000,421088,2026-04-22 16:45:18.733000,,,
QA2604159,P15,SH11610100,품질관리팀,QO,2026-04-22 00:00:00,2026-04-22 00:00:00,SA00,A01,,AT402,1.00,H,0,,Z5P1-MPHV000-00,858,2026-04-27 00:00:00,,N,N,,N,0.00,0.00,0.00,0.00,,엔진 측 사이드 가드 터치업,,,,N,,,N,,N,,N,,421088,2026-04-22 16:45:18.750000,421088,2026-04-22 16:45:18.750000,,,
QA2604160,P15,SH11610100,품질관리팀,QO,2026-04-22 00:00:00,2026-04-22 00:00:00,SA00,A01,,AT402,1.00,H,0,,Z5P1-MPHV000-00,858,2026-04-27 00:00:00,,N,N,,N,0.00,0.00,0.00,0.00,,바스켓 리미트 스위치 부 터치업,,,,N,,,N,,N,,N,,421088,2026-04-22 16:45:18.763000,421088,2026-04-22 16:45:18.763000,,,
QA2604161,P15,SH11610100,품질관리팀,QO,2026-04-22 00:00:00,2026-04-22 00:00:00,SA00,A01,,AT402,1.00,H,0,,Z5P1-MPHV000-00,858,2026-04-27 00:00:00,,N,N,,N,0.00,0.00,0.00,0.00,,바스켓 리미트 파이프 표시부 도장 흐름(재도장),,,,N,,,N,,N,,N,,421088,2026-04-22 16:45:18.780000,421088,2026-04-22 16:45:18.780000,,,
QA2604162,P15,SH11610100,품질관리팀,QO,2026-04-22 00:00:00,2026-04-22 00:00:00,SA00,A01,,AT402,1.00,H,0,,Z5P1-MPHV000-00,858,2026-04-27 00:00:00,,N,N,,N,0.00,0.00,0.00,0.00,,"4단붐, 바스켓 커넥터 연결 핀 측 TAP 표시부 터치업",,,,N,,,N,,N,,N,,421088,2026-04-22 16:45:18.797000,421088,2026-04-22 16:45:18.797000,,,
QA2604163,P15,SH11610100,품질관리팀,QO,2026-04-22 00:00:00,2026-04-22 00:00:00,SA00,A01,,AT402,1.00,E,0,,Z5P1-MPHV000-00,858,2026-04-27 00:00:00,,N,N,,N,0.00,0.00,0.00,0.00,,시저스 상승 시 저속 주행으로 전환됨,,,,N,,,N,,N,,N,,421088,2026-04-22 16:45:18.810000,421088,2026-04-22 16:45:18.810000,,,
QA2604164,P15,SH11610100,품질관리팀,QO,2026-04-22 00:00:00,2026-04-22 00:00:00,SA00,A01,,AT402,1.00,H,0,,Z5P1-MPPV000-00,859,2026-04-27 00:00:00,,N,N,,N,0.00,0.00,0.00,0.00,,후방 프레임 상단 커버 표시부 터치업,,,,N,,,N,,N,,N,,421088,2026-04-22 16:49:16.920000,421088,2026-04-22 16:49:16.920000,,,
QA2604165,P15,SH11610100,품질관리팀,QO,2026-04-22 00:00:00,2026-04-22 00:00:00,SA00,A01,,AT402,1.00,H,0,,Z5P1-MPPV000-00,859,2026-04-27 00:00:00,,N,N,,N,0.00,0.00,0.00,0.00,,후방 범퍼 표시부 터치업,,,,N,,,N,,N,,N,,421088,2026-04-22 16:49:16.937000,421088,2026-04-22 16:49:16.937000,,,
QA2604166,P15,SH11610100,품질관리팀,QO,2026-04-22 00:00:00,2026-04-22 00:00:00,SA00,A01,,AT402,1.00,H,0,,Z5P1-MPPV000-00,859,2026-04-27 00:00:00,,N,N,,N,0.00,0.00,0.00,0.00,,3단붐 측면 코크 처리부 터치업,,,,N,,,N,,N,,N,,421088,2026-04-22 16:49:16.950000,421088,2026-04-22 16:49:16.950000,,,
QA2604167,P15,SH11610100,품질관리팀,QO,2026-04-22 00:00:00,2026-04-22 00:00:00,SA00,A01,,AT402,1.00,H,0,,Z5P1-MPPV000-00,859,2026-04-27 00:00:00,,N,N,,N,0.00,0.00,0.00,0.00,,바스켓 탑승구 측 표시부 터치업,,,,N,,,N,,N,,N,,421088,2026-04-22 16:49:16.967000,421088,2026-04-22 16:49:16.967000,,,
QA2604168,P15,SH11610100,품질관리팀,QO,2026-04-22 00:00:00,2026-04-22 00:00:00,SA00,A01,,AT402,1.00,H,0,,Z5P1-MPPV000-00,859,2026-04-27 00:00:00,,N,N,,N,0.00,0.00,0.00,0.00,,바스켓 하단부 코크 터치업,,,,N,,,N,,N,,N,,421088,2026-04-22 16:49:16.983000,421088,2026-04-22 16:49:16.983000,,,
QA2604169,P15,SH11610100,품질관리팀,QO,2026-04-22 00:00:00,2026-04-22 00:00:00,SA00,A01,,AT402,1.00,I,0,,Z5P1-MPPV000-00,859,2026-04-27 00:00:00,,N,N,,N,0.00,0.00,0.00,0.00,,바스켓 액추에이터 표시부 기름 제거,,,,N,,,N,,N,,N,,421088,2026-04-22 16:49:17,421088,2026-04-22 16:49:17,,,
QA2604170,P15,SH11610100,품질관리팀,QO,2026-04-22 00:00:00,2026-04-22 00:00:00,SA00,A01,,AT402,1.00,E,0,,Z5P1-MPPV000-00,859,2026-04-27 00:00:00,,N,N,,N,0.00,0.00,0.00,0.00,,시저스 상승 시 저속 주행으로 전환됨,,,,N,,,N,,N,,N,,421088,2026-04-22 16:49:17.013000,421088,2026-04-22 16:49:17.013000,,,
QA2604171,P15,SH11610100,품질관리팀,QO,2026-04-22 00:00:00,2026-04-22 00:00:00,SA00,A01,,AT402,1.00,H,0,,Z5P1-MPPV000-00,860,2026-04-27 00:00:00,,N,N,,N,0.00,0.00,0.00,0.00,,1단 링크 표시부 터치업,,,,N,,,N,,N,,N,,421088,2026-04-22 16:53:17.690000,421088,2026-04-22 16:53:17.690000,,,
QA2604172,P15,SH11610100,품질관리팀,QO,2026-04-22 00:00:00,2026-04-22 00:00:00,SA00,A01,,AT402,1.00,H,0,,Z5P1-MPPV000-00,860,2026-04-27 00:00:00,,N,N,,N,0.00,0.00,0.00,0.00,,후방 프레임 상단 표시부 터치업,,,,N,,,N,,N,,N,,421088,2026-04-22 16:53:17.707000,421088,2026-04-22 16:53:17.707000,,,
QA2604173,P15,SH11610100,품질관리팀,QO,2026-04-22 00:00:00,2026-04-22 00:00:00,SA00,A01,,AT402,1.00,H,0,,Z5P1-MPPV000-00,860,2026-04-27 00:00:00,,N,N,,N,0.00,0.00,0.00,0.00,,전방 주행등 표시부 터치업,,,,N,,,N,,N,,N,,421088,2026-04-22 16:53:17.720000,421088,2026-04-22 16:53:17.720000,,,
QA2604174,P15,SH11610100,품질관리팀,QO,2026-04-22 00:00:00,2026-04-22 00:00:00,SA00,A01,,AT402,1.00,H,0,,Z5P1-MPPV000-00,860,2026-04-27 00:00:00,,N,N,,N,0.00,0.00,0.00,0.00,,전방 엔진방향 액슬 용접부 코크 터치업,,,,N,,,N,,N,,N,,421088,2026-04-22 16:53:17.737000,421088,2026-04-22 16:53:17.737000,,,
QA2604175,P15,SH11610100,품질관리팀,QO,2026-04-22 00:00:00,2026-04-22 00:00:00,SA00,A01,,AT402,1.00,H,0,,Z5P1-MPPV000-00,860,2026-04-27 00:00:00,,N,N,,N,0.00,0.00,0.00,0.00,,5도 경사센서 측 표시부 터치업,,,,N,,,N,,N,,N,,421088,2026-04-22 16:53:17.753000,421088,2026-04-22 16:53:17.753000,,,
QA2604176,P15,SH11610100,품질관리팀,QO,2026-04-22 00:00:00,2026-04-22 00:00:00,SA00,A01,,AT402,1.00,H,0,,Z5P1-MPPV000-00,860,2026-04-27 00:00:00,,N,N,,N,0.00,0.00,0.00,0.00,,후방 주행등 표시부 도장 제거,,,,N,,,N,,N,,N,,421088,2026-04-22 16:53:17.770000,421088,2026-04-22 16:53:17.770000,,,
QA2604177,P15,SH11610100,품질관리팀,QO,2026-04-22 00:00:00,2026-04-22 00:00:00,SA00,A01,,AT402,1.00,H,0,,Z5P1-MPPV000-00,860,2026-04-27 00:00:00,,N,N,,N,0.00,0.00,0.00,0.00,,바스켓 하단 코크 처리부 표시부 터치업,,,,N,,,N,,N,,N,,421088,2026-04-22 16:53:17.783000,421088,2026-04-22 16:53:17.783000,,,
QA2604178,P15,SH11610100,품질관리팀,QO,2026-04-22 00:00:00,2026-04-22 00:00:00,SA00,A01,,AT402,1.00,E,0,,Z5P1-MPPV000-00,860,2026-04-27 00:00:00,,N,N,,N,0.00,0.00,0.00,0.00,,시저스 상승 시 저속 주행으로 전환됨,,,,N,,,N,,N,,N,,421088,2026-04-22 16:53:17.800000,421088,2026-04-22 16:53:17.800000,,,
QA2604179,P15,SH11610100,품질관리팀,QO,2026-04-22 00:00:00,2026-04-22 00:00:00,SA00,A01,,AT402,1.00,E,0,,Z5P1-MPPV000-00,860,2026-04-27 00:00:00,,N,N,,N,0.00,0.00,0.00,0.00,,"붐 좌회전 빠름(S' : 100초, A' : 80초)",,,,N,,,N,,N,,N,,421088,2026-04-22 16:53:17.813000,421088,2026-04-22 16:53:17.813000,,,
QA2604180,P15,SH11610100,품질관리팀,QO,2026-04-23 00:00:00,2026-04-23 00:00:00,SA00,A01,,AT105,1.00,H,0,,T1I1-MPPV000-00,596,2026-04-27 00:00:00,,N,N,,N,0.00,0.00,0.00,0.00,,전방 양측 액슬 코크 터치업,,,,N,,,N,,N,,N,,421088,2026-04-23 08:50:53.507000,421088,2026-04-23 08:50:53.507000,,,
QA2604181,P15,SH11610100,품질관리팀,QO,2026-04-23 00:00:00,2026-04-23 00:00:00,SA00,A01,,AT105,1.00,H,0,,T1I1-MPPV000-00,596,2026-04-27 00:00:00,,N,N,,N,0.00,0.00,0.00,0.00,,후방 배터리 방향 액슬 코크 터치업,,,,N,,,N,,N,,N,,421088,2026-04-23 08:50:53.520000,421088,2026-04-23 08:50:53.520000,,,
QA2604182,P15,SH11610100,품질관리팀,QO,2026-04-23 00:00:00,2026-04-23 00:00:00,SA00,A01,,AT105,1.00,H,0,,T1I1-MPPV000-00,596,2026-04-27 00:00:00,,N,N,,N,0.00,0.00,0.00,0.00,,바스켓 2중 안전레일 코크 처리부 터치업,,,,N,,,N,,N,,N,,421088,2026-04-23 08:50:53.537000,421088,2026-04-23 08:50:53.537000,,,
QA2604183,P15,SH11610100,품질관리팀,QO,2026-04-23 00:00:00,2026-04-23 00:00:00,SA00,A01,,AT105,1.00,H,0,,T1I1-MPPV000-00,596,2026-04-27 00:00:00,,N,N,,N,0.00,0.00,0.00,0.00,,바스켓 하단 코크 처리부 터치업,,,,N,,,N,,N,,N,,421088,2026-04-23 08:50:53.553000,421088,2026-04-23 08:50:53.553000,,,
QA2604184,P15,SH11610100,품질관리팀,QO,2026-04-23 00:00:00,2026-04-23 00:00:00,SA00,A01,,AT105,1.00,O,0,,T1I1-MPPV000-00,596,2026-04-27 00:00:00,,N,N,,N,0.00,0.00,0.00,0.00,,전방 액슬 더스트 키퍼 액슬 인입 시 말려들어감,,,,N,,,N,,N,,N,,421088,2026-04-23 08:50:53.567000,421088,2026-04-23 08:50:53.567000,,,
QA2604185,P15,SH11610100,품질관리팀,QO,2026-04-23 00:00:00,2026-04-23 00:00:00,SA00,A01,,AT105,1.00,E,0,,T1I1-MPPV000-00,596,2026-04-27 00:00:00,,N,N,,N,0.00,0.00,0.00,0.00,,전방 액슬 인입 시 작업 반경 변경 안됨 → 액슬 리미트 확인 요청,,,,N,,,N,,N,,N,,421088,2026-04-23 08:50:53.583000,421088,2026-04-23 08:50:53.583000,,,
QA2604186,P15,SH11610100,품질관리팀,QO,2026-04-23 00:00:00,2026-04-23 00:00:00,SA00,A01,,AT105,1.00,E,0,,T1I1-MPPV000-00,596,2026-04-27 00:00:00,,N,N,,N,0.00,0.00,0.00,0.00,,(후방 액슬 만 인입 시에는 작업 반경 변경됨 확인),,,,N,,,N,,N,,N,,421088,2026-04-23 08:50:53.600000,421088,2026-04-23 08:50:53.600000,,,
QA2604187,P15,SH11610100,품질관리팀,QO,2026-04-23 00:00:00,2026-04-23 00:00:00,SA00,A01,,AT105,1.00,H,0,,T1I1-MPPV000-00,597,2026-04-27 00:00:00,,N,N,,N,0.00,0.00,0.00,0.00,,스윙 감속기 측 프레임 측면 표시부 터치업,,,,N,,,N,,N,,N,,421088,2026-04-23 08:50:53.610000,421088,2026-04-23 08:50:53.610000,,,
QA2604188,P15,SH11610100,품질관리팀,QO,2026-04-23 00:00:00,2026-04-23 00:00:00,SA00,A01,,AT105,1.00,H,0,,T1I1-MPPV000-00,597,2026-04-27 00:00:00,,N,N,,N,0.00,0.00,0.00,0.00,,스윙 감속기 측 사이드 가드 표시부 터치업,,,,N,,,N,,N,,N,,421088,2026-04-23 08:50:53.620000,421088,2026-04-23 08:50:53.620000,,,
QA2604189,P15,SH11610100,품질관리팀,QO,2026-04-23 00:00:00,2026-04-23 00:00:00,SA00,A01,,AT105,1.00,O,0,,T1I1-MPPV000-00,597,2026-04-27 00:00:00,,N,N,,N,0.00,0.00,0.00,0.00,,라디에이터 하단 표시부 TAP 막음처리 필요,,,,N,,,N,,N,,N,,421088,2026-04-23 08:50:53.627000,421088,2026-04-23 08:50:53.627000,,,
QA2604190,P15,SH11610100,품질관리팀,QO,2026-04-23 00:00:00,2026-04-23 00:00:00,SA00,A01,,AT105,1.00,H,0,,T1I1-MPPV000-00,597,2026-04-27 00:00:00,,N,N,,N,0.00,0.00,0.00,0.00,,1단붐 상단 코크 처리부 터치업 (다수),,,,N,,,N,,N,,N,,421088,2026-04-23 08:50:53.647000,421088,2026-04-23 08:50:53.647000,,,
QA2604191,P15,SH11610100,품질관리팀,QO,2026-04-23 00:00:00,2026-04-23 00:00:00,SA00,A01,,AT105,1.00,H,0,,T1I1-MPPV000-00,597,2026-04-27 00:00:00,,N,N,,N,0.00,0.00,0.00,0.00,,바스켓 하단 코크 표시부 터치업,,,,N,,,N,,N,,N,,421088,2026-04-23 08:50:53.660000,421088,2026-04-23 08:50:53.660000,,,
QA2604192,P15,SH11610100,품질관리팀,QO,2026-04-23 00:00:00,2026-04-23 00:00:00,SA00,A01,,AT105,1.00,O,0,,T1I1-MPPV000-00,597,2026-04-27 00:00:00,,N,N,,N,0.00,0.00,0.00,0.00,,전방 액슬 더스트 키퍼 말려 들어감,,,,N,,,N,,N,,N,,421088,2026-04-23 08:50:53.677000,421088,2026-04-23 08:50:53.677000,,,
QA2604193,P15,SH11610100,품질관리팀,QO,2026-04-23 00:00:00,2026-04-23 00:00:00,SA00,A01,,AT105,1.00,E,0,,T1I1-MPPV000-00,597,2026-04-27 00:00:00,,N,N,,N,0.00,0.00,0.00,0.00,,액슬 인입 시 작업 반경 규제 안됨,,,,N,,,N,,N,,N,,421088,2026-04-23 08:50:53.693000,421088,2026-04-23 08:50:53.693000,,,
QA2604194,P15,SH11610100,품질관리팀,QO,2026-04-23 00:00:00,2026-04-23 00:00:00,SA00,A01,,AT105,1.00,H,0,,T1I1-MPPV000-00,598,2026-04-27 00:00:00,,N,N,,N,0.00,0.00,0.00,0.00,,후방 프레임 상단 표시부 터치업,,,,N,,,N,,N,,N,,421088,2026-04-23 08:50:53.710000,421088,2026-04-23 08:50:53.710000,,,
QA2604195,P15,SH11610100,품질관리팀,QO,2026-04-23 00:00:00,2026-04-23 00:00:00,SA00,A01,,AT105,1.00,H,0,,T1I1-MPPV000-00,598,2026-04-27 00:00:00,,N,N,,N,0.00,0.00,0.00,0.00,,스윙 고정핀 브라켓 표시부 터치업,,,,N,,,N,,N,,N,,421088,2026-04-23 08:50:53.723000,421088,2026-04-23 08:50:53.723000,,,
QA2604196,P15,SH11610100,품질관리팀,QO,2026-04-23 00:00:00,2026-04-23 00:00:00,SA00,A01,,AT105,1.00,H,0,,T1I1-MPPV000-00,598,2026-04-27 00:00:00,,N,N,,N,0.00,0.00,0.00,0.00,,하부컨트롤박스 표시부 도장 제거,,,,N,,,N,,N,,N,,421088,2026-04-23 08:50:53.740000,421088,2026-04-23 08:50:53.740000,,,
QA2604197,P15,SH11610100,품질관리팀,QO,2026-04-23 00:00:00,2026-04-23 00:00:00,SA00,A01,,AT105,1.00,H,0,,T1I1-MPPV000-00,598,2026-04-27 00:00:00,,N,N,,N,0.00,0.00,0.00,0.00,,엔진룸 내부 붐 펌프 하단 측 표시부 터치업,,,,N,,,N,,N,,N,,421088,2026-04-23 08:50:53.757000,421088,2026-04-23 08:50:53.757000,,,
QA2604198,P15,SH11610100,품질관리팀,QO,2026-04-23 00:00:00,2026-04-23 00:00:00,SA00,A01,,AT105,1.00,H,0,,T1I1-MPPV000-00,598,2026-04-27 00:00:00,,N,N,,N,0.00,0.00,0.00,0.00,,배터리 측 도어 내측 표시부 터치업,,,,N,,,N,,N,,N,,421088,2026-04-23 08:50:53.770000,unierp,2026-04-29 13:22:06.310000,,,
QA2604199,P15,SH11610100,품질관리팀,QO,2026-04-23 00:00:00,2026-04-23 00:00:00,SA00,A01,,AT105,1.00,H,0,,T1I1-MPPV000-00,598,2026-04-27 00:00:00,,N,N,,N,0.00,0.00,0.00,0.00,,하부 소화기함 표시부 터치업,,,,N,,,N,,N,,N,,421088,2026-04-23 08:50:53.787000,421088,2026-04-23 08:50:53.787000,,,
QA2604200,P15,SH11610100,품질관리팀,QO,2026-04-23 00:00:00,2026-04-23 00:00:00,SA00,A01,,AT105,1.00,H,0,,T1I1-MPPV000-00,598,2026-04-27 00:00:00,,N,N,,N,0.00,0.00,0.00,0.00,,상부 박스 표시부 터치업,,,,N,,,N,,N,,N,,421088,2026-04-23 08:50:53.803000,421088,2026-04-23 08:50:53.803000,,,
QA2604201,P15,SH11610100,품질관리팀,QO,2026-04-23 00:00:00,2026-04-23 00:00:00,SA00,A01,,AT105,1.00,H,0,,T1I1-MPPV000-00,598,2026-04-27 00:00:00,,N,N,,N,0.00,0.00,0.00,0.00,,바스켓 하단 표시부 터치업,,,,N,,,N,,N,,N,,421088,2026-04-23 08:50:53.817000,421088,2026-04-23 08:50:53.817000,,,
QA2604202,P15,SH11610100,품질관리팀,QO,2026-04-23 00:00:00,2026-04-23 00:00:00,SA00,A01,,AT105,1.00,E,0,,T1I1-MPPV000-00,598,2026-04-27 00:00:00,,N,N,,N,0.00,0.00,0.00,0.00,,하부박스 고속 RPM 스위치 미작동 시에도 고속 RPM 작동됨,,,,N,,,N,,N,,N,,421088,2026-04-23 08:50:53.833000,421088,2026-04-23 08:50:53.833000,,,
QA2604203,P15,SH11610100,품질관리팀,QO,2026-04-23 00:00:00,2026-04-23 00:00:00,SA00,A01,,AT105,1.00,E,0,,T1I1-MPPV000-00,598,2026-04-27 00:00:00,,N,N,,N,0.00,0.00,0.00,0.00,,전방 액슬 리미트 규제 작동 안됨,,,,N,,,N,,N,,N,,421088,2026-04-23 08:50:53.850000,421088,2026-04-23 08:50:53.850000,,,
QA2604204,P30,SH22101000,생산팀(특장),QC,2026-04-22 00:00:00,2026-04-23 00:00:00,SA00,A01,M101313G,OE201,1.00,O,0,3320703029,A760000,8,,,,Y,SH11231200,N,0.00,0.00,0.00,0.00,,보조석 TOOL BOX EHDJ 좌우 틈새 간격 불량-도어 렛치 조립시 간격조정 작업불량,업체 내용전달후 현장수정조치완료,,,N,,,Y,2026-05-07 15:36:33.510000,N,2026-05-08 15:22:23.547000,N,,422001,2026-04-23 08:58:55.320000,405015,2026-05-08 15:22:23.547000,2026-04-23 14:02:35.053000,,
QA2604205,P30,SH22101000,생산팀(특장),QC,2026-04-22 00:00:00,2026-04-23 00:00:00,SA00,A01,AW62000,ZZZZZ,3.00,I,0,7738702086,Z5P1-HJ00000-00,861~862,,,,Y,SH11230000,N,0.00,0.00,0.00,0.00,,"타이어 림 고정링 단차,녹발생 확인요청. 확인결과 입고분 8EA중 3EA 단차발생,완성장비중 확인결과 2EA 림 고정링 단차발생함. 고정링 R절곡시 조금씩다름으로 단차생김. 녹발생은 타이어 납품시 타이어 사이에 종이박스로 끼워 납품됨.  수분유입시 박스 찢어져 림 마찰로 림도장 벚겨짐 ",타이어 현상태로 사용가능하며 완성도장시 림도장진행함. 해외업체 납품시 포장관련 구매팀 담당자 개선요청함,,,N,,,Y,2026-04-23 14:13:37.267000,N,2026-05-08 15:22:23.547000,N,,422001,2026-04-23 09:00:53.217000,405015,2026-05-08 15:22:23.547000,2026-04-23 11:51:30.057000,,
QA2604206,P30,SH22101000,생산팀(특장),QC,2026-04-22 00:00:00,2026-04-23 00:00:00,SA00,A01,AW31400,ZZZZZ,1.00,Z,0,1248131958,A760000,5,,개발장비건,,Y,SH22101000,N,0.00,0.00,0.00,0.00,,WINCH V/V 마그네트 SOL' 1EA 작동불능. 확인결과 현장 작업자 작업중 SPOOL SOL' 공구사용시 작동시  눌림으로 SOL' 동재질 손상으로 끼임발생으로 확인됨. ,현장수정조치후 정상작동함,,,N,,,Y,2026-04-23 14:08:56.043000,N,2026-05-08 15:22:23.547000,N,,422001,2026-04-23 09:18:16,405015,2026-05-08 15:22:23.547000,2026-04-23 11:51:30.057000,,
QA2604210,P30,SH22101000,생산팀(특장),QC,2026-04-22 00:00:00,2026-04-23 00:00:00,SA00,A02,,,2.00,H,0,,J8B1-0000000-00,403~404,,사내도장불량,,Y,SH22101000,N,0.00,0.00,0.00,0.00,,프레임 뒤쪽 도장누락 녹발생,사내도장 수정진행,,,N,,,Y,2026-04-23 14:07:32.037000,N,2026-05-08 15:22:23.547000,N,,422001,2026-04-23 10:58:33.067000,405015,2026-05-08 15:22:23.547000,2026-04-23 11:51:30.057000,,
QA2604211,P30,SH22101000,생산팀(특장),QC,2026-04-22 00:00:00,2026-04-24 00:00:00,SA00,A02,,,1.00,H,0,,J8B1-0000000-00,399,,사내도장불량,,Y,SH22101000,N,0.00,0.00,0.00,0.00,,작동유탱크 도장 불량,수정도장 진행,,,N,,,Y,2026-04-27 15:50:27.803000,N,2026-05-08 15:22:23.547000,N,,422001,2026-04-24 15:04:10.120000,405015,2026-05-08 15:22:23.547000,2026-04-27 11:28:28.047000,,
QA2604212,P30,SH22101000,생산팀(특장),QC,2026-04-22 00:00:00,2026-04-24 00:00:00,SA00,A01,A671200,ZZZZZ,1.00,I,0,2681600437,A670000,34,,,,Y,SH11610100,,0.00,0.00,0.00,0.00,,"샤시 외부업체 개조작업후 캐빈내부불량 (얼룩, 스크래치 등 발생)",차주에 샤시 개조업체 내방예정 조치요청함,,,,,,Y,2026-05-07 15:36:26.460000,N,2026-05-08 15:22:23.547000,N,,422001,2026-04-24 15:06:11.120000,405015,2026-05-08 15:22:23.547000,2026-05-06 10:15:32.450000,,
QA2604213,P30,SH22101000,생산팀(특장),QC,2026-04-22 00:00:00,2026-04-24 00:00:00,SA00,A01,,,1.00,D,0,,A760000,7,,사내업체-JJ테크,,Y,SH22101000,N,0.00,0.00,0.00,0.00,,후방 아웃트리거 EXT' CYL' 호스누유,사내업체 내방 호스조임 및 세척작업 수정완료 ,,,N,,,Y,2026-04-27 11:11:26.457000,N,2026-05-08 15:22:23.547000,N,,422001,2026-04-24 15:07:10.407000,405015,2026-05-08 15:22:23.547000,2026-04-27 11:07:35.077000,,
QA2604214,P30,SH22101000,생산팀(특장),QC,2026-04-23 00:00:00,2026-04-24 00:00:00,SA00,A01,,,11.00,Q,0,,A760000,1~11,,개발장비건,,Y,SH24104000,,0.00,0.00,0.00,0.00,,"차량 사이드 가드 잘못 들어옴. 확인요청.-이전 마이티 사양의 수배가 어려워 파비스 사양으로 확인하여 구매 진행하였던건으로, 외관 치수위주로 확인하면서 타입에대한건으로 놓친거 같음","사이드가드 레일타입 사내재고분 사용협의함. (설계팀, 생산팀,구매팀)",,,,,,Y,2026-05-06 14:05:58.353000,N,2026-05-08 15:22:23.547000,N,,422001,2026-04-24 15:07:51.763000,405015,2026-05-08 15:22:23.547000,2026-05-06 10:15:32.450000,,
QA2604215,P30,SH22101000,생산팀(특장),QC,2026-04-23 00:00:00,2026-04-24 00:00:00,SA00,A01,A681106,ZZZZZ,11.00,Q,0,1248131958,A760000,1~11,,개발장비건,,Y,SH24104000,,0.00,0.00,0.00,0.00,,JACK 발판  조립해보니 공간이 너무 많이 생김.STEP M/T TOOL BOX 레이져단품도면에는 65.5mm TOOL BOX ASS'Y에는 45mm로 되어있음,특장개발팀 발판 홀수정 작업의뢰서 배포후 조치예정,,,,,,Y,2026-05-06 14:09:26.003000,N,2026-05-08 15:22:23.547000,N,,422001,2026-04-24 15:08:46.273000,405015,2026-05-08 15:22:23.547000,2026-05-06 10:15:32.450000,,
QA2604216,P30,SH22101000,생산팀(특장),QC,2026-04-23 00:00:00,2026-04-24 00:00:00,SA00,A07,A695301B,ZZZZZ,1.00,B,0,2088702433,A760000,10,,개발장비건,,Y,SH24104000,N,0.00,0.00,0.00,0.00,,BOOM POST 8번 단품 내측 아우트리거 전기박스 용접비드 간섭,현장수정 조치완료.,,"개발장비에 XXX XXX XXX XXX XXX

(XXX 8XXX XXX XXX XXX XXX - XXX)
",N,,,Y,2026-05-07 15:36:01.467000,N,2026-05-08 15:22:23.547000,N,,422001,2026-04-24 15:09:55.490000,405015,2026-05-08 15:22:23.547000,2026-04-27 11:06:50.887000,,
QA2604217,P30,SH22101000,생산팀(특장),QC,2026-04-23 00:00:00,2026-04-24 00:00:00,SA00,A07,A768730A,SI202,11.00,Q,0,1248131958,A760000,1~11,,개발장비건,,Y,SH24106000,N,0.00,0.00,0.00,0.00,,활선차 베트남 상부TR CO F 라인 24V 설계됨. 하부에서 컨버터 승압라인 연결되어야하나 12V라인으로 설계됨.,24V -> 12V 회로 수정 후 박스 내부 부품을 변경되지않음. 해당 부품 업체(한경전자)에 재고보유분 입고 완료.,,,N,,,Y,2026-04-27 15:50:16.477000,N,2026-05-08 15:22:23.547000,N,,422001,2026-04-24 15:11:40.127000,405015,2026-05-08 15:22:23.547000,2026-04-27 11:06:50.887000,,
QA2604218,P30,SH22101000,생산팀(특장),QC,2026-04-23 00:00:00,2026-04-24 00:00:00,SA00,A02,DC07400001,DC101,1.00,Z,0,3128180264,E1D1-0000000-00,342,,,,Y,SH11231200,N,0.00,0.00,0.00,0.00,,본넷 프런트커버 간섭 발생-본넷 프런트커버 이전 REV 재고분 입고됨. (제품 오입고),업체반출 수정후 입고완료.,,,N,,,Y,2026-05-07 15:35:51.653000,N,2026-05-08 15:22:23.547000,N,,422001,2026-04-24 15:12:56.810000,405015,2026-05-08 15:22:23.547000,2026-04-27 11:06:50.887000,,
QA2604219,P30,SH22101000,생산팀(특장),QC,2026-04-23 00:00:00,2026-04-24 00:00:00,SA00,A02,,,2.00,H,0,,J8B1-0000000-00,402~403,,사내도장불량,,Y,SH22101000,N,0.00,0.00,0.00,0.00,,REAR FRAME 도장불량 수정요청,도장 수정 작업진행,,,N,,,Y,2026-04-27 15:50:04.337000,N,2026-05-08 15:22:23.547000,N,,422001,2026-04-24 15:13:48.283000,405015,2026-05-08 15:22:23.547000,2026-04-27 15:34:43.700000,,
QA2604220,P30,SH22101000,생산팀(특장),QC,2026-04-24 00:00:00,2026-04-24 00:00:00,SA00,A02,D263229B,ZZZZZ,4.00,B,60,1408131509,D490000,85~88,,클레임,,Y,SH11231200,N,0.00,0.00,0.00,0.00,,캐빈 전방스탭 공구함 조립부 홀가공 및  M12 너트2EA 용접누락. ,공구함 STEP M/T 홀 현장수정 조치완료. 업체내용전달후 수정공수 패널티처리함,,,N,,,Y,2026-05-07 15:34:26.693000,N,2026-05-08 15:22:23.547000,N,,422001,2026-04-24 15:14:54.240000,405015,2026-05-08 15:22:23.547000,2026-04-27 11:06:50.887000,,
QA2604221,P30,SH22101000,생산팀(특장),QC,2026-04-24 00:00:00,2026-04-27 00:00:00,SA00,A02,D2B1-2001000-10,ZZZZZ,1.00,A,0,1248131958,E1D1-0000000-00,343,,,,Y,SH22101000,N,0.00,0.00,0.00,0.00,,1단 BOOM  S/W POST PIN 조립부 가공면 끝단부 가공누락-가공라인 ,상기건  면가공 누락이며  누락된 부분은  즉시 가공라인 수정작업 조치함,,,N,,,Y,2026-04-27 15:49:43.963000,N,2026-05-08 15:22:23.547000,N,,422001,2026-04-27 14:35:09.130000,405015,2026-05-08 15:22:23.547000,2026-04-27 15:34:10.943000,,
QA2604222,P30,SH22101000,생산팀(특장),QC,2026-04-24 00:00:00,2026-04-27 00:00:00,SA00,A02,D2B3-2005000-02,ZZZZZ,1.00,H,0,1248131958,E1D1-0000000-00,343,,,,Y,SH24101000,N,0.00,0.00,0.00,0.00,,"덤프클래비스에 링크 안들어감(틸팅실린더 간섭건) -덤프 클래비스,링크 가공공차 관리부분 상,하도 도장시 유격없음",도장면 그라인드 작업하여 현장 수정조치 완료 - 가공공차 여유필요 설계팀 검토필요,,,N,,,Y,2026-04-27 15:49:06.663000,N,2026-05-08 15:22:23.547000,N,,422001,2026-04-27 14:37:19.283000,405015,2026-05-08 15:22:23.547000,2026-04-27 15:34:10.943000,,
QA2604223,P30,SH22101000,생산팀(특장),QC,2026-04-24 00:00:00,2026-04-27 00:00:00,SA00,A02,DC07730008,DC101,4.00,Q,0,1248131958,E1D1-0000000-00,341~344,,,,Y,SH24106000,N,0.00,0.00,0.00,0.00,,에어컨 서브하네스  170번라인 MG커넥터와 S/W쪽 배선 연결안됨-설변도면 재배포시 배선한가닥 누락된 도면이 배포됨.,발주는 기존코드로 발주나간후 도면배포씨스템 으로 신규코드(DC07730009)로 진행된사항이며.제어팀과 라인장님과 협의 현상태에서 배선 현장추가작업 조치함,,,N,,,Y,2026-04-27 15:48:42.257000,N,2026-05-08 15:22:23.547000,N,,422001,2026-04-27 14:40:58.580000,405015,2026-05-08 15:22:23.547000,2026-04-27 15:34:10.943000,,
QA2604224,P30,SH22101000,생산팀(특장),QC,2026-04-24 00:00:00,2026-04-27 00:00:00,SA00,A07,A768500A,SI202,1.00,E,0,1308687694,A760000,2,,개발장비건,,Y,SH11231200,N,0.00,0.00,0.00,0.00,,O/T 전기박스 bc릴레이 b접점부 내부접점 화재 배선상 쇼트는없고 릴레이 불량이거나 부하로인한듯함,릴레이 현장 재고분 교체조치함-업체 내용전달완료,,,N,,,Y,2026-05-07 15:34:21.453000,N,2026-05-08 15:22:23.547000,N,,422001,2026-04-27 14:42:08.143000,405015,2026-05-08 15:22:23.547000,2026-04-27 15:34:10.943000,,
QA2604225,P30,SH22101000,생산팀(특장),QC,2026-04-24 00:00:00,2026-04-27 00:00:00,SA00,A04,,,1.00,H,0,,A760000,1,,개발장비건-사내도장불량,,Y,SH22101000,N,0.00,0.00,0.00,0.00,,1단붐 측면 실링작업 한쪽면 누락,추후 완성도장시 수정진행예정,,,N,,,Y,2026-04-27 15:48:17.377000,N,2026-05-08 15:22:23.547000,N,,422001,2026-04-27 15:07:09.260000,405015,2026-05-08 15:22:23.547000,2026-04-27 15:34:43.700000,,
QA2604226,P30,SH22101000,생산팀(특장),QC,2026-04-24 00:00:00,2026-04-27 00:00:00,SA00,A04,A552105B,ZZZZZ,1.00,O,0,1248131958,A670000,34,,,,Y,SH22101000,,0.00,0.00,0.00,0.00,,FRP END BOOM 조립 불가,HI160AE(223X253)에 SI210AE(S:226X256)로 바꿔 조립 설우기계 긴급 신제작 요청,,,,,,Y,2026-05-07 15:34:13.920000,N,2026-05-08 15:22:23.547000,N,,422001,2026-04-27 15:08:53.310000,405015,2026-05-08 15:22:23.547000,2026-05-06 10:15:32.450000,,
QA2604227,P30,SH22101000,생산팀(특장),QC,2026-04-24 00:00:00,2026-04-27 00:00:00,SA00,A04,A521312A,ZZZZZ,1.00,Q,0,,A770000,1,,개발장비 건,,Y,SH24104000,,0.00,0.00,0.00,0.00,,PUMP BKT 조립 불가,연구소와 협의한 사항으로 탱크 B/K + 샤시 FRAME HOLE 맞춤가공 진행해서 장착,,,,,,Y,2026-05-07 15:33:59.510000,N,2026-05-08 15:22:23.547000,N,,422001,2026-04-27 15:09:47.403000,405015,2026-05-08 15:22:23.547000,2026-05-06 10:15:32.450000,,
QA2604228,P30,SH22101000,생산팀(특장),QC,2026-04-24 00:00:00,2026-04-27 00:00:00,SA00,A07,,,2.00,Z,0,,D700000,30~31,,,,Y,SH24106000,,0.00,0.00,0.00,0.00,,"디스플레이 프로그램 입력화면 변경됨,  기존 접속주소 입력 후 연결은되나 펌웨어 입력시 폴트 생성. 호환성 에러 발생함", 제어팀 재고분 펌웨어 및 디스플레이 프로그램 셋팅완료후 사용함.,,,,,,Y,2026-05-06 14:28:33.360000,N,2026-05-08 15:22:23.547000,N,,422001,2026-04-27 15:10:42.730000,405015,2026-05-08 15:22:23.547000,2026-05-06 10:15:32.450000,,
QA2604230,P30,SH22101000,생산팀(특장),QC,2026-04-27 00:00:00,2026-04-27 00:00:00,SA00,A02,,,1.00,H,0,,D490000,87,,사내도장불량,,Y,SH22101000,N,0.00,0.00,0.00,0.00,,캐빈스탭 도장 불량,사내수정 도장요청함,,,N,,,Y,2026-04-27 16:48:26.587000,N,2026-05-08 15:22:23.547000,N,,422001,2026-04-27 16:08:40.173000,405015,2026-05-08 15:22:23.547000,2026-04-27 16:47:24.457000,,
QA2604231,P30,SH22101000,생산팀(특장),QC,2026-04-27 00:00:00,2026-04-27 00:00:00,SA00,A01,,,1.00,H,0,,A760000,5,,개발장비건-사내도장불량,,Y,SH22101000,N,0.00,0.00,0.00,0.00,,후방 SUS 판넬 체결 불가-판넬 M/T TAP PLATE 실리콘처리로 인해 간섭됨,실리콘처리 제거후 터치업조치완료,,,N,,,Y,2026-04-27 16:48:49.753000,N,2026-05-08 15:22:23.547000,N,,422001,2026-04-27 16:10:18.330000,405015,2026-05-08 15:22:23.547000,2026-04-27 16:47:24.457000,,
QA2604232,P30,SH22101000,생산팀(특장),QC,2026-04-27 00:00:00,2026-04-27 00:00:00,SA00,A07,D497410B,DC108,1.00,E,0,1378167127,D490000,88,,,,Y,SH11231200,N,0.00,0.00,0.00,0.00,,피드 작동안됨. 하네스-A N9라인 핀 압착불량,현장 수정조치완료.업체내용전달후 주의요청함,,,N,,,Y,2026-05-07 15:33:56.773000,N,2026-05-08 15:22:23.547000,N,,422001,2026-04-27 16:11:16.633000,405015,2026-05-08 15:22:23.547000,2026-04-27 16:47:24.457000,,
QA2604233,P20,SH11610100,품질관리팀,QO,2026-04-28 00:00:00,2026-04-28 00:00:00,SH00,H03,,CX205,0.00,Y,0,,C0002727,61,2026-04-27 00:00:00,,N,N,,N,0.00,0.00,0.00,0.00,,특이사항없음,,,,N,,,Y,2026-04-28 08:30:23.070000,N,,N,,213068,2026-04-28 08:28:04.880000,213068,2026-04-28 08:30:23.070000,,,
QA2604234,P20,SH11610100,품질관리팀,QO,2026-04-28 00:00:00,2026-04-28 00:00:00,SH00,H03,,CX205,0.00,Y,0,,J12026,59,2026-04-27 00:00:00,,N,N,,N,0.00,0.00,0.00,0.00,,특이사항없음,,,,N,,,Y,2026-04-28 08:30:31.820000,N,,N,,213068,2026-04-28 08:28:04.893000,213068,2026-04-28 08:30:31.820000,,,
QA2604235,P15,SH23101000,고객지원팀(특장),AS,2026-04-03 00:00:00,2026-04-25 00:00:00,SA00,,DC57350001-V,DC103,1.00,,1,4818102429,D490000,76,2025-06-16 00:00:00,,N,N,,N,1126000.00,270000.00,1396000.00,0.00,,1.사용환경 및 작업내용 수산csm청주서비스 공장 2.접수 및 클레임 내용 경유탱크 부식으로 교체건,1.점검내용 경유탱크 내부 부식으로 교체건 2.문제점 경유탱크 내부에 부식이되어 경유 드레인에서 녹물이 나옴 3.조치내용 경유탱크 본사 사급수령받아 교체진행함,,,N,,,N,,,,N,,222008,2026-04-28 11:44:33.747000,222008,2026-04-28 11:44:33.747000,,,1
QA2604236,P30,SH11610100,품질관리팀,QC,2026-04-23 00:00:00,2026-04-23 00:00:00,SH00,H02,C0033376,CX317,1.00,D,360,1408113501,C0075864,10,,교체작업 180분 * 작업자 2인 = 총 360분,N,Y,SH11610100,Y,0.00,860.00,309600.00,0.00,R05,- 현상: 장착검사 중 누유 확인 됨 - 원인: 블럭사이 누유 발생,- 조치: VALVE 교체 후 증상 완화,,,Y,,,Y,2026-04-28 18:46:10.227000,N,2026-05-08 15:22:23.547000,N,,222009,2026-04-28 18:43:12.440000,405015,2026-05-08 15:22:23.547000,,,0
QA2604237,P30,SH22101000,생산팀(특장),QC,2026-04-28 00:00:00,2026-04-29 00:00:00,SA00,A01,A531409C,ZZZZZ,11.00,P,0,1248131958,A760000,1~11,,개발장비건,,Y,SH24104000,,0.00,0.00,0.00,0.00,,"후방 좌측 O/T EXT' 최대인입시 프레임 REAR COVER 간섭됨. 설계도면상 JACK CYL' 오일호스COVER M/T 볼트 2mm 여유밖에없음.제관공차,조립공차로 인해 간섭됨.",REAR COVER 간섭부 설계팀 작업의뢰서 배포후 탈거 수정조치완료.,,,,,,Y,2026-05-06 14:11:29.140000,N,2026-05-08 15:22:23.547000,N,,422001,2026-04-29 11:21:17.437000,405015,2026-05-08 15:22:23.547000,2026-05-06 10:15:32.450000,,
QA2604238,P30,SH22101000,생산팀(특장),QC,2026-04-28 00:00:00,2026-04-29 00:00:00,SA00,A01,Z2P3-2103000-05,AT402,2.00,N,0,3320703029,Z5P1-HJ00000-00,861~862,,클레임,,Y,SH11231200,,0.00,0.00,0.00,0.00,,S/W BEARING  커버 불량확인-출고장비 P-150A #854~855 현대미포 비나신(선행도장부)에 장착출고됨. 커버 높이 125mm 장착되야되는데 높이 86mm로 조립되어 출고됨.  커버 입고불량으로 품번 Z2P3-2103000-05로 5대분 입고되어 도장후 현장투입됨.,"현재 보유중인 미포 도장부 사양(Z5P3-210100P)을 오랜지색으로 재 도장 후 발송하여 출고 된 장비에 재조립하고 탈거한 커버를 반송하여 재도장 해서 라인 투입예정. 업체 서비스 출장교체공수, 재도장비용 패널티처리 ",,XXX XXX,,,XXX XXX XXX,Y,2026-05-07 15:16:00.523000,N,2026-05-08 15:22:23.547000,N,,422001,2026-04-29 11:22:53.420000,405015,2026-05-08 15:22:23.547000,2026-05-06 10:15:32.450000,,
QA2604239,P30,SH22101000,생산팀(특장),QC,2026-04-28 00:00:00,2026-04-29 00:00:00,SA00,A01,A712101C,ZZZZZ,1.00,A,0,1248131958,A770000,1,,,,Y,SH22101000,,0.00,0.00,0.00,0.00,,1단붐 상단 실린더 탭 홀 양측 관통누락,자작 불량 건으로 수정작업 진행 완료,,,,,,Y,2026-05-07 15:33:52.293000,N,2026-05-08 15:22:23.547000,N,,422001,2026-04-29 11:24:22.190000,405015,2026-05-08 15:22:23.547000,2026-05-06 10:15:32.450000,,
QA2604240,P30,SH22101000,생산팀(특장),QC,2026-04-28 00:00:00,2026-04-29 00:00:00,SA00,A01,T4S3-3116000-01,AT501,1.00,A,0,3320703029,T4N1-HJ00000-00,589,,,,Y,SH11231200,,0.00,0.00,0.00,0.00,,액슬 측면패드 한쪽 C-처리 가공누락 ,업체(에스엠테크) 익일 반출수정 입고예정,,,,,,Y,2026-05-07 15:16:31.873000,N,2026-05-08 15:22:23.547000,N,,422001,2026-04-29 11:25:45.013000,405015,2026-05-08 15:22:23.547000,2026-05-06 10:15:32.450000,,
QA2604241,P30,SH22101000,생산팀(특장),QC,2026-04-28 00:00:00,2026-04-29 00:00:00,SA00,A02,DR66800A,DC401,1.00,D,0,2533400818,D490000,88,,,,Y,SH11610100,,0.00,0.00,0.00,0.00,,주행 2연 컨트롤 V/V좌측 불량-주행시 좌우측 트랙 속도다름.-우측트랙이 빨라 좌회전함,업체(플로우멕) 방문교체 요청했으며 신품교체후 업체반출 원인분석 조치진행예정,,,,,,Y,2026-05-07 15:33:48.637000,N,2026-05-08 15:22:23.547000,N,,422001,2026-04-29 11:26:54.850000,405015,2026-05-08 15:22:23.547000,2026-05-06 10:15:32.450000,,
QA2604242,P30,SH22101000,생산팀(특장),QC,2026-04-28 00:00:00,2026-04-29 00:00:00,SA00,A01,AW81100,DH303,1.00,D,0,1248131958,A760000,9,,개발장비건,,Y,SH22101000,,0.00,0.00,0.00,0.00,,운전석 전방잭 작동시 소음발생.-확인결과 O/T CHECK V/V 채터링현상으로 소음발생함,1라인 작업자 O/T JACK CYL'라인 피팅 오조립으로 확인. 수정후 소음문제 조치완료,,,,,,Y,2026-05-07 15:33:43.420000,N,2026-05-08 15:22:23.547000,N,,422001,2026-04-29 11:29:01.763000,405015,2026-05-08 15:22:23.547000,2026-05-06 10:15:32.450000,,
QA2604243,P30,SH22101000,생산팀(특장),QC,2026-04-28 00:00:00,2026-04-29 00:00:00,SA00,A03,D701602B,ZZZZZ,1.00,A,0,2088702433,D700000,30,,,,Y,SH11231200,,0.00,0.00,0.00,0.00,,GUIDE 탭 누락 발생,대원메탈 반출 수정 완료,,,,,,Y,2026-05-07 15:16:45.310000,N,2026-05-08 15:22:23.547000,N,,422001,2026-04-29 11:30:42.707000,405015,2026-05-08 15:22:23.547000,2026-05-06 10:15:32.450000,,
QA2604245,P20,SH11220000,CR생산팀,QC,2026-04-01 00:00:00,2026-04-29 00:00:00,SH00,H03,A82616,CX301,3.00,B,120,1391077524,C0025819,,,,,Y,SH11610100,,0.00,0.00,0.00,0.00,,"현상: 위치드럼 웨지 삽입 안됨 현상: 웨지소캣 입구 사이즈 SPEC:74.5, ACT:64","1. 웻지 삽입이 안되, 현장에 조립된 장비 3대 드럼 분해후, 업체로 발송 2. 4/08 업체 수정후 입고됨. 3. 재조립 진행 ",,,N,,"대영기계의 XXX XXX XXX XXX XXX, XXX XXX XXX XXX 진행되었습니다 .
XXX XXX XXX XXX XXX 타 협력업체를 XXX XXX XXX 요청드리며, XXX XXX XXX XXX 완료하였습니다.",Y,2026-05-11 13:28:37.027000,,,N,,213087,2026-04-29 15:06:47.213000,222009,2026-05-11 13:28:37.027000,2026-05-06 10:15:32.450000,,
QA2604246,P20,SH11220000,CR생산팀,QC,2026-04-20 00:00:00,2026-04-29 00:00:00,SH00,H03,C0025697,CX303,3.00,D,120,8018700331,C0025819,,,,,Y,SH11610100,,0.00,0.00,0.00,0.00,,"SCS1215VN MCV 밸브 누유 부적합 - 현상: 마이크로스위치 누유 발생 - 원인: 마이크로스위치 분해 결과, 오링 손상 확인됨.", - 조치: 업체 마이크로스위치 재고 1개 교환,,,N,,,Y,2026-05-11 11:28:39.223000,,,N,,213087,2026-04-29 15:10:10.677000,222009,2026-05-11 11:28:39.223000,2026-05-06 10:15:32.450000,,
QA2604247,P20,SH11220000,CR생산팀,QC,2026-04-20 00:00:00,2026-04-29 00:00:00,SH00,H03,C0025697,CX303,3.00,D,180,8018700331,C0025819,,,,,N,,,0.00,0.00,0.00,0.00,, SCS1215VN MCV 밸브 통전 부적합  - 현상: 과권 과하중 릴레이 전원출력 안됨,"업체 마이크로스위치 재고 1개 교환완료, 테스트 리포트 발행 요청",,,,,,Y,2026-05-11 19:28:09.620000,,,N,,213087,2026-04-29 15:12:00.160000,222009,2026-05-11 19:28:09.620000,2026-05-06 10:15:32.450000,,
QA2604248,P15,SH11220000,CR생산팀,QC,2026-04-29 00:00:00,2026-04-29 00:00:00,SH00,H03,J12100,CX205,2.00,B,120,1248671687,C0028714,,,,,Y,SH11231200,,0.00,0.00,0.00,0.00,,- 윈치가이드 롤러 간섭 발생,-. 현장에서 와이어가이드 홀 수정(확공) 작업 후 조립 진행,,번거로우시더라도 XXX XXX XXX XXX (XXX XXX 및 XXX),Y,,"XXX XXX XXX 와이어가이드 XXX XXX XXX XXX XXX 확인되었으며, XXX XXX XXX XXX XXX XXX XXX 판단됩니다.

XXX XXX 외주구매팀 XXX XXX XXX XXX XXX, XXX XXX XXX XXX XXX 부탁드립니다.

추가적으로 XXX XXX XXX XXX XXX 재발방지대책서 XXX XXX 부탁드립니다.",N,,,,N,,213087,2026-04-29 15:15:12.130000,406021,2026-05-11 22:40:50.297000,2026-05-06 10:15:32.450000,,
QA2604249,P15,SH11220000,CR생산팀,QC,2026-04-27 00:00:00,2026-04-29 00:00:00,SH00,H03,W20145,CX214,2.00,B,0,1358645952,C0024674,,,,,Y,SH11231200,,0.00,0.00,0.00,0.00,,- 887에이스 보조윈치 브라켓 용접 누락(불량) - 수량: 2개,- 타임산업 2대분 반출 후 용접 수정완료.,,"XXX XXX XXX XXX, XXX XXX XXX XXX XXX",N,,"XXX XXX XXX XXX XXX 홀 XXX XXX XXX XXX 판단됩니다.

XXX XXX XXX XXX XXX XXX XXX 시 XXX XXX XXX XXX 및 XXX XXX XXX 부탁드립니다.",N,,,,N,,213087,2026-04-29 15:17:29.093000,406021,2026-05-11 22:39:06.810000,2026-05-06 10:15:32.450000,,
QA2604251,P15,SH11610100,품질관리팀,QO,2026-04-29 00:00:00,2026-04-29 00:00:00,SA00,,,DC102,0.00,Y,0,,E1D1-0000000-ST,337,,,N,N,,N,0.00,0.00,0.00,0.00,,특이사항 없음,,,,,,,,,,,,,421030,2026-04-29 16:52:32.917000,421030,2026-04-29 16:52:32.917000,,,
QA2604252,P15,SH11610100,품질관리팀,QO,2026-04-29 00:00:00,2026-04-29 00:00:00,SA00,,,DC201,0.00,Y,0,,J8B1-0000000-ST,401,,,N,N,,N,0.00,0.00,0.00,0.00,,특이사항 없음,,,,,,,,,,,,,421030,2026-04-29 16:52:32.927000,421030,2026-04-29 16:52:32.927000,,,
QA2604253,P15,SH11610100,품질관리팀,QO,2026-04-30 00:00:00,2026-04-30 00:00:00,SA00,A01,,AT110,1.00,H,0,,A02MP00,19,2026-04-30 00:00:00,,N,N,,N,0.00,0.00,0.00,0.00,,4단붐 상단 표시부 터치업,,,,,,,,,,,,,421088,2026-04-30 08:52:11.770000,421088,2026-04-30 08:52:11.770000,,,
QA2604254,P15,SH11610100,품질관리팀,QO,2026-04-30 00:00:00,2026-04-30 00:00:00,SA00,A01,,AT110,1.00,H,0,,A02MP00,19,2026-04-30 00:00:00,,N,N,,N,0.00,0.00,0.00,0.00,,바스켓 상부 파이프 표시부 터치업,,,,,,,,,,,,,421088,2026-04-30 08:52:11.783000,421088,2026-04-30 08:52:11.783000,,,
QA2604255,P15,SH11610100,품질관리팀,QO,2026-04-30 00:00:00,2026-04-30 00:00:00,SA00,A01,,AT110,1.00,I,0,,A02MP00,19,2026-04-30 00:00:00,,N,N,,N,0.00,0.00,0.00,0.00,,엔진룸 내부 냉각수 세척 필요,,,,,,,,,,,,,421088,2026-04-30 08:52:11.800000,421088,2026-04-30 08:52:11.800000,,,
QA2604256,P15,SH11610100,품질관리팀,QO,2026-04-30 00:00:00,2026-04-30 00:00:00,SA00,A01,,AT110,1.00,I,0,,A02MP00,19,2026-04-30 00:00:00,,N,N,,N,0.00,0.00,0.00,0.00,,후방 측 턴테이블 안쪽 기름 세척 필요,,,,,,,,,,,,,421088,2026-04-30 08:52:11.817000,421088,2026-04-30 08:52:11.817000,,,
QA2604257,P15,SH11610100,품질관리팀,QO,2026-04-30 00:00:00,2026-04-30 00:00:00,SA00,A01,,AT110,1.00,I,0,,A02MP00,19,2026-04-30 00:00:00,,N,N,,N,0.00,0.00,0.00,0.00,,"메인밸브 측 표시부 피팅 측 미세누유 → 재 조임, 세척 요청",,,,,,,,,,,,,421088,2026-04-30 08:52:11.830000,421088,2026-04-30 08:52:11.830000,,,
QA2604258,P15,SH11610100,품질관리팀,QO,2026-04-30 00:00:00,2026-04-30 00:00:00,SA00,A01,,AT110,1.00,E,0,,A02MP00,19,2026-04-30 00:00:00,,N,N,,N,0.00,0.00,0.00,0.00,,비상 컨트롤러 주행 속도 감소 요청,,,,,,,,,,,,,421088,2026-04-30 08:52:11.847000,421088,2026-04-30 08:52:11.847000,,,
QA2604259,P15,SH23101000,고객지원팀(특장),AS,2026-04-09 00:00:00,2026-05-06 00:00:00,SA00,,3300035-3107012,ZZZZZ,1.00,D,740,1098145190,A06SH00,32,2026-03-27 00:00:00,"참고 처리부 SVC2604016,SVC2604019, SVC2604073",,N,,,0.00,0.00,0.00,0.00,,1.사용환경 및 작업내용 - 출고 점검  2.접수 및 클레임 내용 - 하베 컨트롤V/V 누유(하단에 누유물이 맺혀 있음.),1.점검내용 -MCV 누유 재점검 확인  2.문제점 - MCV(하베밸브) 각단에서 누유  3.조치내용 - MCV(하베밸브) ASS'Y 교체 ,,,,,,,,,,,,222008,2026-05-06 15:06:59.443000,406007,2026-05-06 15:25:12.887000,2026-05-06 15:25:12.887000,,
QA2604260,P10,SH22101000,생산팀(특장),QC,2026-04-28 00:00:00,2026-05-07 00:00:00,SA00,A01,,,1.00,,0,,A760000,9,,,,N,,,0.00,0.00,0.00,0.00,,운전석 전방잭 작동시 소음발생,,,,,,,,,,,,,422001,2026-05-07 10:00:51.033000,422001,2026-05-07 10:01:08.497000,,,
QA2604261,P10,SH22101000,생산팀(특장),QC,2026-04-28 00:00:00,2026-05-07 00:00:00,SA00,A03,,,1.00,,0,,D700000,31,,,,N,,,0.00,0.00,0.00,0.00,,피드감속기 에어브리터 피팅누락및 조립방향 틀림,,,,,,,,,,,,,422001,2026-05-07 10:01:59.303000,422001,2026-05-07 10:02:35.503000,,,
QA2605001,P20,SH11610100,품질관리팀,QO,2026-05-06 00:00:00,2026-05-06 00:00:00,SH00,H03,,CX202,0.00,Y,0,,C0002654,33,2026-05-06 00:00:00,,N,N,,N,0.00,0.00,0.00,0.00,,특이사항 없음,,,,,,,Y,2026-05-06 16:09:18.253000,,,,,213068,2026-05-06 16:07:46.843000,213068,2026-05-06 16:09:18.253000,,,
QA2605002,P20,SH11610100,품질관리팀,QO,2026-05-06 00:00:00,2026-05-06 00:00:00,SH00,H01,,CX202,0.00,Y,0,,C0027284,T0251,2026-05-06 00:00:00,,N,N,,N,0.00,0.00,0.00,0.00,,특이사항 없음,,,,,,,Y,2026-05-06 16:09:29.630000,,,,,213068,2026-05-06 16:07:46.850000,213068,2026-05-06 16:09:29.630000,,,
QA2605003,P20,SH11610100,품질관리팀,QO,2026-05-06 00:00:00,2026-05-06 00:00:00,SH00,H03,,CX205,0.00,Y,0,,C0002727,62,2026-05-06 00:00:00,,N,N,,N,0.00,0.00,0.00,0.00,,특이사항 없음,,,,,,,Y,2026-05-06 16:09:35.583000,,,,,213068,2026-05-06 16:07:46.863000,213068,2026-05-06 16:09:35.583000,,,
QA2605004,P20,SH11610100,품질관리팀,QO,2026-05-06 00:00:00,2026-05-06 00:00:00,SH00,H01,,CX205,0.00,Y,0,,J11000,4674,2026-05-06 00:00:00,,N,N,,N,0.00,0.00,0.00,0.00,,특이사항 없음,,,,,,,Y,2026-05-06 16:09:40.703000,,,,,213068,2026-05-06 16:07:46.880000,213068,2026-05-06 16:09:40.703000,,,
QA2605005,P10,SH22101000,생산팀(특장),QC,2026-05-06 00:00:00,2026-05-07 00:00:00,SA00,A01,AW86500,ZZZZZ,1.00,K,0,4028507604,A760000,9,,개발장비건,,N,,,0.00,0.00,0.00,0.00,,차량 라디에이터 확인바람 누유의심차량 라디에이터 확인바람 누유의심,현대서비스 내방점검후 최종 정비소 입고필요 확인함. 구매팀 일정확인후 정비소 탁송진행 수리예정,,,,,,,,,,,,422001,2026-05-07 10:02:59.397000,499162,2026-05-11 11:12:22.417000,,,
QA2605006,P10,SH22101000,생산팀(특장),QC,2026-05-06 00:00:00,2026-05-07 00:00:00,SA00,A04,,,1.00,,0,,,,,,,N,,,0.00,0.00,0.00,0.00,,잭 발판 조립 안됩니다,,,,,,,,,,,,,422001,2026-05-07 10:05:38.587000,422001,2026-05-07 10:05:48.190000,,,
QA2605007,P10,SH22101000,생산팀(특장),QC,2026-05-06 00:00:00,2026-05-07 00:00:00,SA00,A02,D652201,DC307,3.00,A,0,1348149488,D580000,102~104,,클레임,,N,,,0.00,0.00,0.00,0.00,,슬라이드베이스 PIN 교체품 PIN고정후 키플레이트 조립시 홀불일치함. 확인결과 M14 볼트와 키플레이트홈 방향 맞지않음. 센터기준 3mm 우측으로 쏠림 가공됨,업체 슬라이드베이스 PIN 가공불량으로 업체반출 수정입고예정-5/12일 현장투입분 PIN 정상품 확인 및 교체작업공수 패널티처리예정,,,,,,,,,,,,422001,2026-05-07 11:04:27.017000,499162,2026-05-11 14:06:34.200000,,,
QA2605008,P10,SH22101000,생산팀(특장),QC,2026-05-06 00:00:00,2026-05-07 00:00:00,SA00,A07,A760000,SI202,11.00,Q,0,1248131958,A760000,1~11,,개발장비건,,N,,,0.00,0.00,0.00,0.00,,"하강규제,TOOL BOX쪽 작업반경규제,3.4단 발판쪽 규제안됨,베트남향 데릭, 텔레  스펙 33.5 (+- 1.5   ) 상승 41, 인출46 나옴.","개발장비건 하부 수동조작시 반대작동 및 간접규제,붐길이,작업반경 프로그램 제어팀 검토후 수정조치함.",,,,,,,,,,,,422001,2026-05-07 11:06:59.717000,499162,2026-05-11 14:11:53.787000,,,
QA2605009,P10,SH22101000,생산팀(특장),QC,2026-05-06 00:00:00,2026-05-07 00:00:00,SA00,A07,D483315,DC108,1.00,N,0,3320703029,D490000,87,,클레임-재도장비용,,N,,,0.00,0.00,0.00,0.00,,4334에러코드발생.후처리 장치 배선용환봉에 백색호스 눌림.후처리 장치 상부커버 제거후 테스트 시작 에러코드 사라짐.하네스 BKT 높이다름.  JD-1400용으로 입고되어 장착됨.,업체 내방 하네스 BKT 신규입고 재도장요청 및 선투입분 교체완료.재도장비용 패널티처리예정,,,,,,,,,,,,422001,2026-05-07 11:09:50.250000,499162,2026-05-11 09:45:38.133000,,,
QA2605010,P10,SH22101000,생산팀(특장),QC,2026-05-06 00:00:00,2026-05-07 00:00:00,SA00,A02,DC02350001-V,ZZZZZ,1.00,B,0,2768600824,E1D1-0000000-00,341,,,,N,,,0.00,0.00,0.00,0.00,,경유탱크 하단부 누유 발생,업체(비케이모터스) 방문 누유확인후 정확한 누유위치 파악안됨으로  ASS'Y 교체작업 조치완료.  탈거분 반출 원인파악 및 수정 입고예정,,,,,,,,,,,,422001,2026-05-07 11:10:57.547000,499162,2026-05-11 10:40:41.997000,,,
QA2605011,P10,SH22101000,생산팀(특장),QC,2026-05-06 00:00:00,2026-05-07 00:00:00,SA00,A02,D9CV-5203000-00,DC106,4.00,N,0,1348149488,J8B1-0000000-00,407~410,,클레임-재도장비용,,N,,,0.00,0.00,0.00,0.00,,오토 구리스 파이프 길이불량. JD-1400E용으로 입고됨,업체내용전달후 오토 구리스 파이프 입고완료. 재도장비용 패널티처리함.,,,,,,,,,,,,422001,2026-05-07 11:13:29.587000,499162,2026-05-11 14:09:30.577000,,,
QA2605013,P10,SH22101000,생산팀(특장),QC,2026-05-07 00:00:00,2026-05-08 00:00:00,SA00,A02,,,1.00,H,0,,D490000,88,,사내도장불량,,N,,,0.00,0.00,0.00,0.00,,본넷 도장 불량,도장 수정작업 진행,,,,,,,,,,,,422001,2026-05-08 08:21:48.820000,499162,2026-05-11 10:47:20.997000,,,
QA2605014,P10,SH22101000,생산팀(특장),QC,2026-05-07 00:00:00,2026-05-08 00:00:00,SA00,A07,A760000,SI202,11.00,Q,0,1248131958,A760000,1~11,,개발장비건,,N,,,0.00,0.00,0.00,0.00,,활선차 아웃트리거 근접센서 설치 표준서대로 작업시 셋팅 불가능.근접센서 부착변경후 장비별 O/T 센서 재셋팅 여러번 변경함,개발장비건으로 제어팀 프로그램 검토후 변경 및 조치함.,,,,,,,,,,,,422001,2026-05-08 08:25:09.840000,499162,2026-05-11 14:12:31.437000,,,
QA2605015,P10,SH22101000,생산팀(특장),QC,2026-05-07 00:00:00,2026-05-08 00:00:00,SA00,A01,A531413A,ZZZZZ,11.00,B,0,3320703029,A760000,1~11,,개발장비건,,N,,,0.00,0.00,0.00,0.00,,하부 컨트롤 판넬 모따기 작업이 안됨.-판넬 레이져 절단후 모서리 날카로운 부문 제거누락 ,업체방문 수정조치완료,,,,,,,,,,,,422001,2026-05-08 08:26:18.340000,499162,2026-05-11 11:01:15.397000,,,
QA2605016,P10,SH22101000,생산팀(특장),QC,2026-05-07 00:00:00,2026-05-08 00:00:00,SA00,A02,J8B3-3213000-03,DC201,1.00,B,0,3128180264,J8B1-0000000-00,405,,,,N,,,0.00,0.00,0.00,0.00,,본넷 BKT M10 너트 1EA 용접 불량-취부시 너트 한쪽으로 쏠림,업체(대신기업) 익일 반출수정입고완료,,,,,,,,,,,,422001,2026-05-08 08:27:13.630000,499162,2026-05-11 11:06:00.043000,,,
QA2605017,P10,SH22101000,생산팀(특장),QC,2026-05-07 00:00:00,2026-05-08 00:00:00,SA00,A01,3400035-0000150,ZZZZZ,1.00,D,150,6158528073,A760000,1,,클레임,,N,,,0.00,0.00,0.00,0.00,,"전방 운전석측 아웃트리거 실린더 ""B""PORT 측면 TAP 부위에서 누유됨. ",현장 O/T 분해후 확인결과 EXT'CYL 측면 B포트 PT 1/4 플러그 미조임으로 풀려 누유됨. 현장 재조임후 O/T 조립후 누유확인 조치완료함. 업체 내용전달후 분해조립 및 O/T 세척작업공수 패널티처리예정,,,,,,,,,,,,422001,2026-05-08 08:30:21.877000,499162,2026-05-11 13:57:38.823000,,,
QA2605018,P20,SH11610100,품질관리팀,QO,2026-04-23 00:00:00,2026-05-08 00:00:00,SH00,H03,,CX205,0.00,Y,0,,C0002710,124,2026-04-23 00:00:00,,N,N,,N,0.00,0.00,0.00,0.00,,,,,,,,,Y,2026-05-08 15:44:27.557000,,,,,222009,2026-05-08 15:43:20.703000,222009,2026-05-08 15:44:27.557000,,,
QA2605019,P20,SH11610100,품질관리팀,QO,2026-04-23 00:00:00,2026-05-08 00:00:00,SH00,H03,,CX205,0.00,Y,0,,C0002710,125,2026-04-23 00:00:00,,N,N,,N,0.00,0.00,0.00,0.00,,,,,,,,,Y,2026-05-08 15:44:42.893000,,,,,222009,2026-05-08 15:43:20.720000,222009,2026-05-08 15:44:42.893000,,,
QA2605020,P20,SH11610100,품질관리팀,QO,2026-04-23 00:00:00,2026-05-08 00:00:00,SH00,H03,,CX205,0.00,Y,0,,C0002710,126,2026-04-23 00:00:00,,N,N,,N,0.00,0.00,0.00,0.00,,,,,,,,,Y,2026-05-08 15:44:48.787000,,,,,222009,2026-05-08 15:43:20.737000,222009,2026-05-08 15:44:48.787000,,,
QA2605021,P20,SH11610100,품질관리팀,QO,2026-04-23 00:00:00,2026-05-08 00:00:00,SH00,H01,,CX205,0.00,Y,0,,J11000,4672,2026-04-23 00:00:00,,N,N,,N,0.00,0.00,0.00,0.00,,,,,,,,,Y,2026-05-08 15:44:54.870000,,,,,222009,2026-05-08 15:43:20.750000,222009,2026-05-08 15:44:54.870000,,,
QA2605022,P20,SH11610100,품질관리팀,QO,2026-04-22 00:00:00,2026-05-08 00:00:00,SH00,H01,,CX205,0.00,Y,0,,J11000,4662,2026-04-22 00:00:00,,N,N,,N,0.00,0.00,0.00,0.00,,,,,,,,,Y,2026-05-08 15:44:59.223000,,,,,222009,2026-05-08 15:43:20.767000,222009,2026-05-08 15:44:59.223000,,,
QA2605023,P20,SH11610100,품질관리팀,QO,2026-04-22 00:00:00,2026-05-08 00:00:00,SH00,H01,,CX205,0.00,Y,0,,J11000,4667,2026-04-22 00:00:00,,N,N,,N,0.00,0.00,0.00,0.00,,,,,,,,,Y,2026-05-08 15:45:03.390000,,,,,222009,2026-05-08 15:43:20.783000,222009,2026-05-08 15:45:03.390000,,,
QA2605024,P20,J11000,품질관리팀,QO,2026-04-22 00:00:00,2026-05-08 00:00:00,SH00,H01,,CX205,,Y,0,,J11000,4663,2026-04-22 00:00:00,,N,N,,N,0.00,0.00,0.00,0.00,,,,,,,,,Y,2026-05-08 15:45:08.580000,,,,,222009,2026-05-08 15:43:20.797000,222009,2026-05-08 15:45:08.580000,,,
QA2605025,P20,SH11610100,품질관리팀,QO,2026-04-24 00:00:00,2026-05-08 00:00:00,SH00,H01,,CX205,0.00,Y,0,,J11000,4673,2026-04-24 00:00:00,,N,N,,N,0.00,0.00,0.00,0.00,,,,,,,,,Y,2026-05-08 15:45:12.953000,,,,,222009,2026-05-08 15:43:20.823000,222009,2026-05-08 15:45:12.953000,,,
QA2605026,P10,SH11220000,CR생산팀,QC,2026-05-08 00:00:00,2026-05-08 00:00:00,SH00,H03,C0075840,CX205,1.00,D,60,1391061852,C0029578,,,,,N,,,0.00,0.00,0.00,0.00,, - 현상: 윈치/스윙감속기 에어브리더 캡부 미조립," - 원인: 업체 작업자 실수, 출고전 확인 미흡  - 조치: 현장 즉시 수정 요청, 품질팀 출하 검사시 검사포인트 지정",,,,,,,,,,,,213087,2026-05-08 16:33:33.733000,213087,2026-05-08 16:33:33.733000,,,
QA2605027,P10,SH22101000,생산팀(특장),QC,2026-05-08 00:00:00,2026-05-12 00:00:00,SA00,A03,,,1.00,,0,,D700000,30,,,,N,,,0.00,0.00,0.00,0.00,,하부오거 구리스니쁠 누락,협성정밀 월요일에 내방해서 수정 예정입니다 ,,,,,,,,,,,,422001,2026-05-12 08:06:41.173000,422001,2026-05-12 08:06:41.173000,,,
QA2605028,P10,SH22101000,생산팀(특장),QC,2026-05-08 00:00:00,2026-05-12 00:00:00,SA00,A02,4320000-0000380,ZZZZZ,1.00,D,0,6058125746,E1D1-0000000-00,344,,,,N,,,0.00,0.00,0.00,0.00,,쿨러모터 퀵 커플링 누유 발생,퀵 커플링 재고분 교체후 이상없으며 업체(우리기업) 발송후 원인분석  및 교체품 입고요청,,,,,,,,,,,,422001,2026-05-12 08:08:24.753000,499162,2026-05-12 08:52:18.463000,,,
QA2605029,P10,SH22101000,생산팀(특장),QC,2026-05-08 00:00:00,2026-05-12 00:00:00,SA00,A02,D028220,ZZZZZ,1.00,D,30,7778601840,E1D1-0000000-00,344,,클레임,,N,,,0.00,0.00,0.00,0.00,,가이드 ROTATOR CYL'실린더 ROD 패킹부 누유,ROTATOR CYL' 재고분 교체후 누유이상없으며 금일 업체(대한유압) 반출함.원인파악후 수정입고요청. 교체 및 세척작업공수 패널티처리예정 ,,,,,,,,,,,,422001,2026-05-12 08:09:50.450000,499162,2026-05-12 08:56:19.400000,,,
QA2605030,P10,SH22101000,생산팀(특장),QC,2026-05-08 00:00:00,2026-05-12 00:00:00,SA00,A02,,,1.00,H,0,,E1D1-0000000-00,341,,사내도장불량,,N,,,0.00,0.00,0.00,0.00,,본넷 도어 하단부 도장불량 수정작업 요청,수정 도장 진행,,,,,,,,,,,,422001,2026-05-12 08:10:43.033000,499162,2026-05-12 08:58:37.093000,,,
QA2605031,P10,SH22101000,생산팀(특장),QC,2026-05-08 00:00:00,2026-05-12 00:00:00,SA00,A01,Z5P240001-00-V,AT402,1.00,B,0,3320703029,Z5P1-HJ00000-00,862,,,,N,,,0.00,0.00,0.00,0.00,,엔진측 후드 하단 크랙-업체 절곡부 이음새부위 수정작업시 용접불량,업체 차주 5/12일 방문 용접수정예정,,,,,,,,,,,,422001,2026-05-12 08:13:04.147000,499162,2026-05-12 09:05:58.173000,,,
